filepath,species,freshness,species_idx,freshness_idx,combined_class
Chanos Chanos - Fresh/IMG_20191002_062711.jpg,Chanos Chanos,Fresh,0,1,Chanos Chanos | Fresh
Chanos Chanos - Fresh/IMG_20191002_062722.jpg,Chanos Chanos,Fresh,0,1,Chanos Chanos | Fresh
Chanos Chanos - Fresh/IMG_20191002_062735.jpg,Chanos Chanos,Fresh,0,1,Chanos Chanos | Fresh
Chanos Chanos - Fresh/IMG_20191002_062742.jpg,Chanos Chanos,Fresh,0,1,Chanos Chanos | Fresh
Chanos Chanos - Fresh/IMG_20191002_062803.jpg,Chanos Chanos,Fresh,0,1,Chanos Chanos | Fresh
Chanos Chanos - Fresh/IMG_20191002_062812.jpg,Chanos Chanos,Fresh,0,1,Chanos Chanos | Fresh
Chanos Chanos - Fresh/IMG_20191002_062826.jpg,Chanos Chanos,Fresh,0,1,Chanos Chanos | Fresh
Chanos Chanos - Fresh/IMG_20191002_062836.jpg,Chanos Chanos,Fresh,0,1,Chanos Chanos | Fresh
Chanos Chanos - Fresh/IMG_20191002_062907.jpg,Chanos Chanos,Fresh,0,1,Chanos Chanos | Fresh
Chanos Chanos - Fresh/IMG_20191002_062928.jpg,Chanos Chanos,Fresh,0,1,Chanos Chanos | Fresh
Chanos Chanos - Fresh/IMG_20191002_062944.jpg,Chanos Chanos,Fresh,0,1,Chanos Chanos | Fresh
Chanos Chanos - Fresh/IMG_20191002_063003.jpg,Chanos Chanos,Fresh,0,1,Chanos Chanos | Fresh
Chanos Chanos - Fresh/IMG_20191002_063014.jpg,Chanos Chanos,Fresh,0,1,Chanos Chanos | Fresh
Chanos Chanos - Fresh/IMG_20191002_063024.jpg,Chanos Chanos,Fresh,0,1,Chanos Chanos | Fresh
Chanos Chanos - Fresh/IMG_20191002_063040.jpg,Chanos Chanos,Fresh,0,1,Chanos Chanos | Fresh
Chanos Chanos - Fresh/IMG_20191002_063050.jpg,Chanos Chanos,Fresh,0,1,Chanos Chanos | Fresh
Chanos Chanos - Fresh/IMG_20191002_063130.jpg,Chanos Chanos,Fresh,0,1,Chanos Chanos | Fresh
Chanos Chanos - Fresh/IMG_20191002_063139.jpg,Chanos Chanos,Fresh,0,1,Chanos Chanos | Fresh
Chanos Chanos - Fresh/IMG_20191002_063151.jpg,Chanos Chanos,Fresh,0,1,Chanos Chanos | Fresh
Chanos Chanos - Fresh/IMG_20191002_063210.jpg,Chanos Chanos,Fresh,0,1,Chanos Chanos | Fresh
Chanos Chanos - Fresh/IMG_20191002_063229.jpg,Chanos Chanos,Fresh,0,1,Chanos Chanos | Fresh
Chanos Chanos - Fresh/IMG_20191002_063245.jpg,Chanos Chanos,Fresh,0,1,Chanos Chanos | Fresh
Chanos Chanos - Fresh/IMG_20191002_063304.jpg,Chanos Chanos,Fresh,0,1,Chanos Chanos | Fresh
Chanos Chanos - Fresh/IMG_20191002_063314.jpg,Chanos Chanos,Fresh,0,1,Chanos Chanos | Fresh
Chanos Chanos - Fresh/IMG_20191002_063355.jpg,Chanos Chanos,Fresh,0,1,Chanos Chanos | Fresh
Chanos Chanos - Fresh/IMG_20191002_063406.jpg,Chanos Chanos,Fresh,0,1,Chanos Chanos | Fresh
Chanos Chanos - Fresh/IMG_20191002_063425.jpg,Chanos Chanos,Fresh,0,1,Chanos Chanos | Fresh
Chanos Chanos - Fresh/IMG_20191002_063435.jpg,Chanos Chanos,Fresh,0,1,Chanos Chanos | Fresh
Chanos Chanos - Fresh/IMG_20191002_063452.jpg,Chanos Chanos,Fresh,0,1,Chanos Chanos | Fresh
Chanos Chanos - Fresh/IMG_20191002_063507.jpg,Chanos Chanos,Fresh,0,1,Chanos Chanos | Fresh
Chanos Chanos - Fresh/IMG_20191002_063520.jpg,Chanos Chanos,Fresh,0,1,Chanos Chanos | Fresh
Chanos Chanos - Fresh/IMG_20191002_063530.jpg,Chanos Chanos,Fresh,0,1,Chanos Chanos | Fresh
Chanos Chanos - Fresh/IMG_20191002_063609.jpg,Chanos Chanos,Fresh,0,1,Chanos Chanos | Fresh
Chanos Chanos - Fresh/IMG_20191002_063623.jpg,Chanos Chanos,Fresh,0,1,Chanos Chanos | Fresh
Chanos Chanos - Fresh/IMG_20191002_063637.jpg,Chanos Chanos,Fresh,0,1,Chanos Chanos | Fresh
Chanos Chanos - Fresh/IMG_20191002_063646.jpg,Chanos Chanos,Fresh,0,1,Chanos Chanos | Fresh
Chanos Chanos - Fresh/IMG_20191002_063702.jpg,Chanos Chanos,Fresh,0,1,Chanos Chanos | Fresh
Chanos Chanos - Fresh/IMG_20191002_063714.jpg,Chanos Chanos,Fresh,0,1,Chanos Chanos | Fresh
Chanos Chanos - Fresh/IMG_20191002_063733.jpg,Chanos Chanos,Fresh,0,1,Chanos Chanos | Fresh
Chanos Chanos - Fresh/IMG_20191002_063742.jpg,Chanos Chanos,Fresh,0,1,Chanos Chanos | Fresh
Chanos Chanos - Fresh/IMG_20191003_064138.jpg,Chanos Chanos,Fresh,0,1,Chanos Chanos | Fresh
Chanos Chanos - Fresh/IMG_20191003_064157.jpg,Chanos Chanos,Fresh,0,1,Chanos Chanos | Fresh
Chanos Chanos - Fresh/IMG_20191003_064216.jpg,Chanos Chanos,Fresh,0,1,Chanos Chanos | Fresh
Chanos Chanos - Fresh/IMG_20191003_064224.jpg,Chanos Chanos,Fresh,0,1,Chanos Chanos | Fresh
Chanos Chanos - Fresh/IMG_20191003_064235.jpg,Chanos Chanos,Fresh,0,1,Chanos Chanos | Fresh
Chanos Chanos - Fresh/IMG_20191003_064242.jpg,Chanos Chanos,Fresh,0,1,Chanos Chanos | Fresh
Chanos Chanos - Fresh/IMG_20191003_064256.jpg,Chanos Chanos,Fresh,0,1,Chanos Chanos | Fresh
Chanos Chanos - Fresh/IMG_20191003_064306.jpg,Chanos Chanos,Fresh,0,1,Chanos Chanos | Fresh
Chanos Chanos - Fresh/IMG_20191003_064353.jpg,Chanos Chanos,Fresh,0,1,Chanos Chanos | Fresh
Chanos Chanos - Fresh/IMG_20191003_064405.jpg,Chanos Chanos,Fresh,0,1,Chanos Chanos | Fresh
Chanos Chanos - Fresh/IMG_20191003_064420.jpg,Chanos Chanos,Fresh,0,1,Chanos Chanos | Fresh
Chanos Chanos - Fresh/IMG_20191003_064433.jpg,Chanos Chanos,Fresh,0,1,Chanos Chanos | Fresh
Chanos Chanos - Fresh/IMG_20191003_064447.jpg,Chanos Chanos,Fresh,0,1,Chanos Chanos | Fresh
Chanos Chanos - Fresh/IMG_20191003_064459.jpg,Chanos Chanos,Fresh,0,1,Chanos Chanos | Fresh
Chanos Chanos - Fresh/IMG_20191003_064516.jpg,Chanos Chanos,Fresh,0,1,Chanos Chanos | Fresh
Chanos Chanos - Fresh/IMG_20191003_064525.jpg,Chanos Chanos,Fresh,0,1,Chanos Chanos | Fresh
Chanos Chanos - Fresh/IMG_20191003_064609.jpg,Chanos Chanos,Fresh,0,1,Chanos Chanos | Fresh
Chanos Chanos - Fresh/IMG_20191003_064620.jpg,Chanos Chanos,Fresh,0,1,Chanos Chanos | Fresh
Chanos Chanos - Fresh/IMG_20191003_064634.jpg,Chanos Chanos,Fresh,0,1,Chanos Chanos | Fresh
Chanos Chanos - Fresh/IMG_20191003_064644.jpg,Chanos Chanos,Fresh,0,1,Chanos Chanos | Fresh
Chanos Chanos - Fresh/IMG_20191003_064707.jpg,Chanos Chanos,Fresh,0,1,Chanos Chanos | Fresh
Chanos Chanos - Fresh/IMG_20191003_064720.jpg,Chanos Chanos,Fresh,0,1,Chanos Chanos | Fresh
Chanos Chanos - Fresh/IMG_20191003_064736.jpg,Chanos Chanos,Fresh,0,1,Chanos Chanos | Fresh
Chanos Chanos - Fresh/IMG_20191003_064744.jpg,Chanos Chanos,Fresh,0,1,Chanos Chanos | Fresh
Chanos Chanos - Fresh/IMG_20191003_064817.jpg,Chanos Chanos,Fresh,0,1,Chanos Chanos | Fresh
Chanos Chanos - Fresh/IMG_20191003_064836.jpg,Chanos Chanos,Fresh,0,1,Chanos Chanos | Fresh
Chanos Chanos - Fresh/IMG_20191003_064858.jpg,Chanos Chanos,Fresh,0,1,Chanos Chanos | Fresh
Chanos Chanos - Fresh/IMG_20191003_064906.jpg,Chanos Chanos,Fresh,0,1,Chanos Chanos | Fresh
Chanos Chanos - Fresh/IMG_20191003_064923.jpg,Chanos Chanos,Fresh,0,1,Chanos Chanos | Fresh
Chanos Chanos - Fresh/IMG_20191003_064933.jpg,Chanos Chanos,Fresh,0,1,Chanos Chanos | Fresh
Chanos Chanos - Fresh/IMG_20191003_064945.jpg,Chanos Chanos,Fresh,0,1,Chanos Chanos | Fresh
Chanos Chanos - Fresh/IMG_20191003_064956.jpg,Chanos Chanos,Fresh,0,1,Chanos Chanos | Fresh
Chanos Chanos - Fresh/IMG_20191003_065031.jpg,Chanos Chanos,Fresh,0,1,Chanos Chanos | Fresh
Chanos Chanos - Fresh/IMG_20191003_065039.jpg,Chanos Chanos,Fresh,0,1,Chanos Chanos | Fresh
Chanos Chanos - Fresh/IMG_20191003_065053.jpg,Chanos Chanos,Fresh,0,1,Chanos Chanos | Fresh
Chanos Chanos - Fresh/IMG_20191003_065101.jpg,Chanos Chanos,Fresh,0,1,Chanos Chanos | Fresh
Chanos Chanos - Fresh/IMG_20191003_065115.jpg,Chanos Chanos,Fresh,0,1,Chanos Chanos | Fresh
Chanos Chanos - Fresh/IMG_20191003_065126.jpg,Chanos Chanos,Fresh,0,1,Chanos Chanos | Fresh
Chanos Chanos - Fresh/IMG_20191003_065144.jpg,Chanos Chanos,Fresh,0,1,Chanos Chanos | Fresh
Chanos Chanos - Fresh/IMG_20191003_065153.jpg,Chanos Chanos,Fresh,0,1,Chanos Chanos | Fresh
Chanos Chanos - Fresh/IMG_20191112_051709.jpg,Chanos Chanos,Fresh,0,1,Chanos Chanos | Fresh
Chanos Chanos - Fresh/IMG_20191112_051739.jpg,Chanos Chanos,Fresh,0,1,Chanos Chanos | Fresh
Chanos Chanos - Fresh/IMG_20191112_051805.jpg,Chanos Chanos,Fresh,0,1,Chanos Chanos | Fresh
Chanos Chanos - Fresh/IMG_20191112_051816.jpg,Chanos Chanos,Fresh,0,1,Chanos Chanos | Fresh
Chanos Chanos - Fresh/IMG_20191112_051844.jpg,Chanos Chanos,Fresh,0,1,Chanos Chanos | Fresh
Chanos Chanos - Fresh/IMG_20191112_051853.jpg,Chanos Chanos,Fresh,0,1,Chanos Chanos | Fresh
Chanos Chanos - Fresh/IMG_20191112_051904.jpg,Chanos Chanos,Fresh,0,1,Chanos Chanos | Fresh
Chanos Chanos - Fresh/IMG_20191112_051910.jpg,Chanos Chanos,Fresh,0,1,Chanos Chanos | Fresh
Chanos Chanos - Fresh/IMG_20191112_051927.jpg,Chanos Chanos,Fresh,0,1,Chanos Chanos | Fresh
Chanos Chanos - Fresh/IMG_20191112_051945.jpg,Chanos Chanos,Fresh,0,1,Chanos Chanos | Fresh
Chanos Chanos - Fresh/IMG_20191112_052006.jpg,Chanos Chanos,Fresh,0,1,Chanos Chanos | Fresh
Chanos Chanos - Fresh/IMG_20191112_052017.jpg,Chanos Chanos,Fresh,0,1,Chanos Chanos | Fresh
Chanos Chanos - Fresh/IMG_20191112_052041.jpg,Chanos Chanos,Fresh,0,1,Chanos Chanos | Fresh
Chanos Chanos - Fresh/IMG_20191112_052058.jpg,Chanos Chanos,Fresh,0,1,Chanos Chanos | Fresh
Chanos Chanos - Fresh/IMG_20191112_052137.jpg,Chanos Chanos,Fresh,0,1,Chanos Chanos | Fresh
Chanos Chanos - Fresh/IMG_20191112_052159.jpg,Chanos Chanos,Fresh,0,1,Chanos Chanos | Fresh
Chanos Chanos - Fresh/IMG_20191112_052240.jpg,Chanos Chanos,Fresh,0,1,Chanos Chanos | Fresh
Chanos Chanos - Fresh/IMG_20191112_052246.jpg,Chanos Chanos,Fresh,0,1,Chanos Chanos | Fresh
Chanos Chanos - Fresh/IMG_20191112_052254.jpg,Chanos Chanos,Fresh,0,1,Chanos Chanos | Fresh
Chanos Chanos - Fresh/IMG_20191112_052257.jpg,Chanos Chanos,Fresh,0,1,Chanos Chanos | Fresh
Chanos Chanos - Fresh/IMG_20191112_052306.jpg,Chanos Chanos,Fresh,0,1,Chanos Chanos | Fresh
Chanos Chanos - Fresh/IMG_20191112_052313.jpg,Chanos Chanos,Fresh,0,1,Chanos Chanos | Fresh
Chanos Chanos - Fresh/IMG_20191112_052349.jpg,Chanos Chanos,Fresh,0,1,Chanos Chanos | Fresh
Chanos Chanos - Fresh/IMG_20191112_052353.jpg,Chanos Chanos,Fresh,0,1,Chanos Chanos | Fresh
Chanos Chanos - Fresh/IMG_20191112_052358.jpg,Chanos Chanos,Fresh,0,1,Chanos Chanos | Fresh
Chanos Chanos - Fresh/IMG_20191112_052402.jpg,Chanos Chanos,Fresh,0,1,Chanos Chanos | Fresh
Chanos Chanos - Fresh/IMG_20191112_052413.jpg,Chanos Chanos,Fresh,0,1,Chanos Chanos | Fresh
Chanos Chanos - Fresh/IMG_20191112_052418.jpg,Chanos Chanos,Fresh,0,1,Chanos Chanos | Fresh
Chanos Chanos - Fresh/IMG_20191112_052516.jpg,Chanos Chanos,Fresh,0,1,Chanos Chanos | Fresh
Chanos Chanos - Fresh/IMG_20191112_052546.jpg,Chanos Chanos,Fresh,0,1,Chanos Chanos | Fresh
Chanos Chanos - Fresh/IMG_20191112_052551.jpg,Chanos Chanos,Fresh,0,1,Chanos Chanos | Fresh
Chanos Chanos - Fresh/IMG_20191112_052556.jpg,Chanos Chanos,Fresh,0,1,Chanos Chanos | Fresh
Chanos Chanos - Fresh/IMG_20191112_052618.jpg,Chanos Chanos,Fresh,0,1,Chanos Chanos | Fresh
Chanos Chanos - Fresh/IMG_20191112_052622.jpg,Chanos Chanos,Fresh,0,1,Chanos Chanos | Fresh
Chanos Chanos - Fresh/IMG_20191112_052626.jpg,Chanos Chanos,Fresh,0,1,Chanos Chanos | Fresh
Chanos Chanos - Fresh/IMG_20191112_052753.jpg,Chanos Chanos,Fresh,0,1,Chanos Chanos | Fresh
Chanos Chanos - Fresh/IMG_20191112_052757.jpg,Chanos Chanos,Fresh,0,1,Chanos Chanos | Fresh
Chanos Chanos - Fresh/IMG_20191112_052812.jpg,Chanos Chanos,Fresh,0,1,Chanos Chanos | Fresh
Chanos Chanos - Fresh/IMG_20191112_052933.jpg,Chanos Chanos,Fresh,0,1,Chanos Chanos | Fresh
Chanos Chanos - Fresh/IMG_20191112_052940.jpg,Chanos Chanos,Fresh,0,1,Chanos Chanos | Fresh
Chanos Chanos - Fresh/IMG_20191112_064326.jpg,Chanos Chanos,Fresh,0,1,Chanos Chanos | Fresh
Chanos Chanos - Fresh/IMG_20191112_064337.jpg,Chanos Chanos,Fresh,0,1,Chanos Chanos | Fresh
Chanos Chanos - Fresh/IMG_20191113_051640.jpg,Chanos Chanos,Fresh,0,1,Chanos Chanos | Fresh
Chanos Chanos - Fresh/IMG_20191113_051651.jpg,Chanos Chanos,Fresh,0,1,Chanos Chanos | Fresh
Chanos Chanos - Fresh/IMG_20191113_051711.jpg,Chanos Chanos,Fresh,0,1,Chanos Chanos | Fresh
Chanos Chanos - Fresh/IMG_20191113_051723.jpg,Chanos Chanos,Fresh,0,1,Chanos Chanos | Fresh
Chanos Chanos - Fresh/IMG_20191113_051741.jpg,Chanos Chanos,Fresh,0,1,Chanos Chanos | Fresh
Chanos Chanos - Fresh/IMG_20191113_051752.jpg,Chanos Chanos,Fresh,0,1,Chanos Chanos | Fresh
Chanos Chanos - Fresh/IMG_20191113_051821.jpg,Chanos Chanos,Fresh,0,1,Chanos Chanos | Fresh
Chanos Chanos - Fresh/IMG_20191113_051833.jpg,Chanos Chanos,Fresh,0,1,Chanos Chanos | Fresh
Chanos Chanos - Fresh/IMG_20191113_051850.jpg,Chanos Chanos,Fresh,0,1,Chanos Chanos | Fresh
Chanos Chanos - Fresh/IMG_20191113_051903.jpg,Chanos Chanos,Fresh,0,1,Chanos Chanos | Fresh
Chanos Chanos - Fresh/IMG_20191113_051920.jpg,Chanos Chanos,Fresh,0,1,Chanos Chanos | Fresh
Chanos Chanos - Fresh/IMG_20191113_051931.jpg,Chanos Chanos,Fresh,0,1,Chanos Chanos | Fresh
Chanos Chanos - Fresh/IMG_20191113_052003.jpg,Chanos Chanos,Fresh,0,1,Chanos Chanos | Fresh
Chanos Chanos - Fresh/IMG_20191113_052021.jpg,Chanos Chanos,Fresh,0,1,Chanos Chanos | Fresh
Chanos Chanos - Fresh/IMG_20191113_052039.jpg,Chanos Chanos,Fresh,0,1,Chanos Chanos | Fresh
Chanos Chanos - Fresh/IMG_20191113_052113.jpg,Chanos Chanos,Fresh,0,1,Chanos Chanos | Fresh
Chanos Chanos - Fresh/IMG_20191113_052226.jpg,Chanos Chanos,Fresh,0,1,Chanos Chanos | Fresh
Chanos Chanos - Fresh/IMG_20191113_052231.jpg,Chanos Chanos,Fresh,0,1,Chanos Chanos | Fresh
Chanos Chanos - Fresh/IMG_20191113_052240.jpg,Chanos Chanos,Fresh,0,1,Chanos Chanos | Fresh
Chanos Chanos - Fresh/IMG_20191113_052249.jpg,Chanos Chanos,Fresh,0,1,Chanos Chanos | Fresh
Chanos Chanos - Fresh/IMG_20191113_052258.jpg,Chanos Chanos,Fresh,0,1,Chanos Chanos | Fresh
Chanos Chanos - Fresh/IMG_20191113_052303.jpg,Chanos Chanos,Fresh,0,1,Chanos Chanos | Fresh
Chanos Chanos - Fresh/IMG_20191113_052353.jpg,Chanos Chanos,Fresh,0,1,Chanos Chanos | Fresh
Chanos Chanos - Fresh/IMG_20191113_052405.jpg,Chanos Chanos,Fresh,0,1,Chanos Chanos | Fresh
Chanos Chanos - Fresh/IMG_20191113_052412.jpg,Chanos Chanos,Fresh,0,1,Chanos Chanos | Fresh
Chanos Chanos - Fresh/IMG_20191113_052419.jpg,Chanos Chanos,Fresh,0,1,Chanos Chanos | Fresh
Chanos Chanos - Fresh/IMG_20191113_052429.jpg,Chanos Chanos,Fresh,0,1,Chanos Chanos | Fresh
Chanos Chanos - Fresh/IMG_20191113_052438.jpg,Chanos Chanos,Fresh,0,1,Chanos Chanos | Fresh
Chanos Chanos - Fresh/IMG_20191113_052550.jpg,Chanos Chanos,Fresh,0,1,Chanos Chanos | Fresh
Chanos Chanos - Fresh/IMG_20191113_052555.jpg,Chanos Chanos,Fresh,0,1,Chanos Chanos | Fresh
Chanos Chanos - Fresh/IMG_20191113_052559.jpg,Chanos Chanos,Fresh,0,1,Chanos Chanos | Fresh
Chanos Chanos - Fresh/IMG_20191113_052633.jpg,Chanos Chanos,Fresh,0,1,Chanos Chanos | Fresh
Chanos Chanos - Fresh/IMG_20191113_052639.jpg,Chanos Chanos,Fresh,0,1,Chanos Chanos | Fresh
Chanos Chanos - Fresh/IMG_20191113_052643.jpg,Chanos Chanos,Fresh,0,1,Chanos Chanos | Fresh
Chanos Chanos - Fresh/IMG_20191113_052744.jpg,Chanos Chanos,Fresh,0,1,Chanos Chanos | Fresh
Chanos Chanos - Fresh/IMG_20191113_052750.jpg,Chanos Chanos,Fresh,0,1,Chanos Chanos | Fresh
Chanos Chanos - Fresh/IMG_20191113_052856.jpg,Chanos Chanos,Fresh,0,1,Chanos Chanos | Fresh
Chanos Chanos - Fresh/IMG_20191113_052914.jpg,Chanos Chanos,Fresh,0,1,Chanos Chanos | Fresh
Chanos Chanos - Fresh/IMG_20191113_052932.jpg,Chanos Chanos,Fresh,0,1,Chanos Chanos | Fresh
Chanos Chanos - Fresh/IMG_20191113_052945.jpg,Chanos Chanos,Fresh,0,1,Chanos Chanos | Fresh
Chanos Chanos - Highly Fresh/IMG_20190930_070337.jpg,Chanos Chanos,Highly Fresh,0,0,Chanos Chanos | Highly Fresh
Chanos Chanos - Highly Fresh/IMG_20190930_070347.jpg,Chanos Chanos,Highly Fresh,0,0,Chanos Chanos | Highly Fresh
Chanos Chanos - Highly Fresh/IMG_20190930_070402.jpg,Chanos Chanos,Highly Fresh,0,0,Chanos Chanos | Highly Fresh
Chanos Chanos - Highly Fresh/IMG_20190930_070412.jpg,Chanos Chanos,Highly Fresh,0,0,Chanos Chanos | Highly Fresh
Chanos Chanos - Highly Fresh/IMG_20190930_070438.jpg,Chanos Chanos,Highly Fresh,0,0,Chanos Chanos | Highly Fresh
Chanos Chanos - Highly Fresh/IMG_20190930_070446.jpg,Chanos Chanos,Highly Fresh,0,0,Chanos Chanos | Highly Fresh
Chanos Chanos - Highly Fresh/IMG_20190930_070459.jpg,Chanos Chanos,Highly Fresh,0,0,Chanos Chanos | Highly Fresh
Chanos Chanos - Highly Fresh/IMG_20190930_070508.jpg,Chanos Chanos,Highly Fresh,0,0,Chanos Chanos | Highly Fresh
Chanos Chanos - Highly Fresh/IMG_20190930_070547.jpg,Chanos Chanos,Highly Fresh,0,0,Chanos Chanos | Highly Fresh
Chanos Chanos - Highly Fresh/IMG_20190930_070557.jpg,Chanos Chanos,Highly Fresh,0,0,Chanos Chanos | Highly Fresh
Chanos Chanos - Highly Fresh/IMG_20190930_070610.jpg,Chanos Chanos,Highly Fresh,0,0,Chanos Chanos | Highly Fresh
Chanos Chanos - Highly Fresh/IMG_20190930_070621.jpg,Chanos Chanos,Highly Fresh,0,0,Chanos Chanos | Highly Fresh
Chanos Chanos - Highly Fresh/IMG_20190930_070641.jpg,Chanos Chanos,Highly Fresh,0,0,Chanos Chanos | Highly Fresh
Chanos Chanos - Highly Fresh/IMG_20190930_070653.jpg,Chanos Chanos,Highly Fresh,0,0,Chanos Chanos | Highly Fresh
Chanos Chanos - Highly Fresh/IMG_20190930_070713.jpg,Chanos Chanos,Highly Fresh,0,0,Chanos Chanos | Highly Fresh
Chanos Chanos - Highly Fresh/IMG_20190930_070724.jpg,Chanos Chanos,Highly Fresh,0,0,Chanos Chanos | Highly Fresh
Chanos Chanos - Highly Fresh/IMG_20190930_070753.jpg,Chanos Chanos,Highly Fresh,0,0,Chanos Chanos | Highly Fresh
Chanos Chanos - Highly Fresh/IMG_20190930_070806.jpg,Chanos Chanos,Highly Fresh,0,0,Chanos Chanos | Highly Fresh
Chanos Chanos - Highly Fresh/IMG_20190930_070819.jpg,Chanos Chanos,Highly Fresh,0,0,Chanos Chanos | Highly Fresh
Chanos Chanos - Highly Fresh/IMG_20190930_070828.jpg,Chanos Chanos,Highly Fresh,0,0,Chanos Chanos | Highly Fresh
Chanos Chanos - Highly Fresh/IMG_20190930_070847.jpg,Chanos Chanos,Highly Fresh,0,0,Chanos Chanos | Highly Fresh
Chanos Chanos - Highly Fresh/IMG_20190930_070855.jpg,Chanos Chanos,Highly Fresh,0,0,Chanos Chanos | Highly Fresh
Chanos Chanos - Highly Fresh/IMG_20190930_070911.jpg,Chanos Chanos,Highly Fresh,0,0,Chanos Chanos | Highly Fresh
Chanos Chanos - Highly Fresh/IMG_20190930_070924.jpg,Chanos Chanos,Highly Fresh,0,0,Chanos Chanos | Highly Fresh
Chanos Chanos - Highly Fresh/IMG_20190930_071004.jpg,Chanos Chanos,Highly Fresh,0,0,Chanos Chanos | Highly Fresh
Chanos Chanos - Highly Fresh/IMG_20190930_071022.jpg,Chanos Chanos,Highly Fresh,0,0,Chanos Chanos | Highly Fresh
Chanos Chanos - Highly Fresh/IMG_20190930_071040.jpg,Chanos Chanos,Highly Fresh,0,0,Chanos Chanos | Highly Fresh
Chanos Chanos - Highly Fresh/IMG_20190930_071054.jpg,Chanos Chanos,Highly Fresh,0,0,Chanos Chanos | Highly Fresh
Chanos Chanos - Highly Fresh/IMG_20190930_071111.jpg,Chanos Chanos,Highly Fresh,0,0,Chanos Chanos | Highly Fresh
Chanos Chanos - Highly Fresh/IMG_20190930_071124.jpg,Chanos Chanos,Highly Fresh,0,0,Chanos Chanos | Highly Fresh
Chanos Chanos - Highly Fresh/IMG_20190930_071142.jpg,Chanos Chanos,Highly Fresh,0,0,Chanos Chanos | Highly Fresh
Chanos Chanos - Highly Fresh/IMG_20190930_071159.jpg,Chanos Chanos,Highly Fresh,0,0,Chanos Chanos | Highly Fresh
Chanos Chanos - Highly Fresh/IMG_20190930_071236.jpg,Chanos Chanos,Highly Fresh,0,0,Chanos Chanos | Highly Fresh
Chanos Chanos - Highly Fresh/IMG_20190930_071248.jpg,Chanos Chanos,Highly Fresh,0,0,Chanos Chanos | Highly Fresh
Chanos Chanos - Highly Fresh/IMG_20190930_071309.jpg,Chanos Chanos,Highly Fresh,0,0,Chanos Chanos | Highly Fresh
Chanos Chanos - Highly Fresh/IMG_20190930_071328.jpg,Chanos Chanos,Highly Fresh,0,0,Chanos Chanos | Highly Fresh
Chanos Chanos - Highly Fresh/IMG_20190930_071342.jpg,Chanos Chanos,Highly Fresh,0,0,Chanos Chanos | Highly Fresh
Chanos Chanos - Highly Fresh/IMG_20190930_071354.jpg,Chanos Chanos,Highly Fresh,0,0,Chanos Chanos | Highly Fresh
Chanos Chanos - Highly Fresh/IMG_20190930_071413.jpg,Chanos Chanos,Highly Fresh,0,0,Chanos Chanos | Highly Fresh
Chanos Chanos - Highly Fresh/IMG_20190930_071423.jpg,Chanos Chanos,Highly Fresh,0,0,Chanos Chanos | Highly Fresh
Chanos Chanos - Highly Fresh/IMG_20191001_062426.jpg,Chanos Chanos,Highly Fresh,0,0,Chanos Chanos | Highly Fresh
Chanos Chanos - Highly Fresh/IMG_20191001_062439.jpg,Chanos Chanos,Highly Fresh,0,0,Chanos Chanos | Highly Fresh
Chanos Chanos - Highly Fresh/IMG_20191001_062506.jpg,Chanos Chanos,Highly Fresh,0,0,Chanos Chanos | Highly Fresh
Chanos Chanos - Highly Fresh/IMG_20191001_062525.jpg,Chanos Chanos,Highly Fresh,0,0,Chanos Chanos | Highly Fresh
Chanos Chanos - Highly Fresh/IMG_20191001_062550.jpg,Chanos Chanos,Highly Fresh,0,0,Chanos Chanos | Highly Fresh
Chanos Chanos - Highly Fresh/IMG_20191001_062602.jpg,Chanos Chanos,Highly Fresh,0,0,Chanos Chanos | Highly Fresh
Chanos Chanos - Highly Fresh/IMG_20191001_062626.jpg,Chanos Chanos,Highly Fresh,0,0,Chanos Chanos | Highly Fresh
Chanos Chanos - Highly Fresh/IMG_20191001_062640.jpg,Chanos Chanos,Highly Fresh,0,0,Chanos Chanos | Highly Fresh
Chanos Chanos - Highly Fresh/IMG_20191001_062719.jpg,Chanos Chanos,Highly Fresh,0,0,Chanos Chanos | Highly Fresh
Chanos Chanos - Highly Fresh/IMG_20191001_062732.jpg,Chanos Chanos,Highly Fresh,0,0,Chanos Chanos | Highly Fresh
Chanos Chanos - Highly Fresh/IMG_20191001_062746.jpg,Chanos Chanos,Highly Fresh,0,0,Chanos Chanos | Highly Fresh
Chanos Chanos - Highly Fresh/IMG_20191001_062756.jpg,Chanos Chanos,Highly Fresh,0,0,Chanos Chanos | Highly Fresh
Chanos Chanos - Highly Fresh/IMG_20191001_062811.jpg,Chanos Chanos,Highly Fresh,0,0,Chanos Chanos | Highly Fresh
Chanos Chanos - Highly Fresh/IMG_20191001_062829.jpg,Chanos Chanos,Highly Fresh,0,0,Chanos Chanos | Highly Fresh
Chanos Chanos - Highly Fresh/IMG_20191001_062850.jpg,Chanos Chanos,Highly Fresh,0,0,Chanos Chanos | Highly Fresh
Chanos Chanos - Highly Fresh/IMG_20191001_062901.jpg,Chanos Chanos,Highly Fresh,0,0,Chanos Chanos | Highly Fresh
Chanos Chanos - Highly Fresh/IMG_20191001_062929.jpg,Chanos Chanos,Highly Fresh,0,0,Chanos Chanos | Highly Fresh
Chanos Chanos - Highly Fresh/IMG_20191001_062945.jpg,Chanos Chanos,Highly Fresh,0,0,Chanos Chanos | Highly Fresh
Chanos Chanos - Highly Fresh/IMG_20191001_063002.jpg,Chanos Chanos,Highly Fresh,0,0,Chanos Chanos | Highly Fresh
Chanos Chanos - Highly Fresh/IMG_20191001_063014.jpg,Chanos Chanos,Highly Fresh,0,0,Chanos Chanos | Highly Fresh
Chanos Chanos - Highly Fresh/IMG_20191001_063030.jpg,Chanos Chanos,Highly Fresh,0,0,Chanos Chanos | Highly Fresh
Chanos Chanos - Highly Fresh/IMG_20191001_063050.jpg,Chanos Chanos,Highly Fresh,0,0,Chanos Chanos | Highly Fresh
Chanos Chanos - Highly Fresh/IMG_20191001_063107.jpg,Chanos Chanos,Highly Fresh,0,0,Chanos Chanos | Highly Fresh
Chanos Chanos - Highly Fresh/IMG_20191001_063118.jpg,Chanos Chanos,Highly Fresh,0,0,Chanos Chanos | Highly Fresh
Chanos Chanos - Highly Fresh/IMG_20191001_063209.jpg,Chanos Chanos,Highly Fresh,0,0,Chanos Chanos | Highly Fresh
Chanos Chanos - Highly Fresh/IMG_20191001_063227.jpg,Chanos Chanos,Highly Fresh,0,0,Chanos Chanos | Highly Fresh
Chanos Chanos - Highly Fresh/IMG_20191001_063245.jpg,Chanos Chanos,Highly Fresh,0,0,Chanos Chanos | Highly Fresh
Chanos Chanos - Highly Fresh/IMG_20191001_063255.jpg,Chanos Chanos,Highly Fresh,0,0,Chanos Chanos | Highly Fresh
Chanos Chanos - Highly Fresh/IMG_20191001_063316.jpg,Chanos Chanos,Highly Fresh,0,0,Chanos Chanos | Highly Fresh
Chanos Chanos - Highly Fresh/IMG_20191001_063347.jpg,Chanos Chanos,Highly Fresh,0,0,Chanos Chanos | Highly Fresh
Chanos Chanos - Highly Fresh/IMG_20191001_063515.jpg,Chanos Chanos,Highly Fresh,0,0,Chanos Chanos | Highly Fresh
Chanos Chanos - Highly Fresh/IMG_20191001_063525.jpg,Chanos Chanos,Highly Fresh,0,0,Chanos Chanos | Highly Fresh
Chanos Chanos - Highly Fresh/IMG_20191001_063604.jpg,Chanos Chanos,Highly Fresh,0,0,Chanos Chanos | Highly Fresh
Chanos Chanos - Highly Fresh/IMG_20191001_063618.jpg,Chanos Chanos,Highly Fresh,0,0,Chanos Chanos | Highly Fresh
Chanos Chanos - Highly Fresh/IMG_20191110_060656.jpg,Chanos Chanos,Highly Fresh,0,0,Chanos Chanos | Highly Fresh
Chanos Chanos - Highly Fresh/IMG_20191110_060701.jpg,Chanos Chanos,Highly Fresh,0,0,Chanos Chanos | Highly Fresh
Chanos Chanos - Highly Fresh/IMG_20191110_060705.jpg,Chanos Chanos,Highly Fresh,0,0,Chanos Chanos | Highly Fresh
Chanos Chanos - Highly Fresh/IMG_20191110_060718.jpg,Chanos Chanos,Highly Fresh,0,0,Chanos Chanos | Highly Fresh
Chanos Chanos - Highly Fresh/IMG_20191110_060728.jpg,Chanos Chanos,Highly Fresh,0,0,Chanos Chanos | Highly Fresh
Chanos Chanos - Highly Fresh/IMG_20191110_060735.jpg,Chanos Chanos,Highly Fresh,0,0,Chanos Chanos | Highly Fresh
Chanos Chanos - Highly Fresh/IMG_20191110_060745.jpg,Chanos Chanos,Highly Fresh,0,0,Chanos Chanos | Highly Fresh
Chanos Chanos - Highly Fresh/IMG_20191110_060756.jpg,Chanos Chanos,Highly Fresh,0,0,Chanos Chanos | Highly Fresh
Chanos Chanos - Highly Fresh/IMG_20191110_060805.jpg,Chanos Chanos,Highly Fresh,0,0,Chanos Chanos | Highly Fresh
Chanos Chanos - Highly Fresh/IMG_20191110_060812.jpg,Chanos Chanos,Highly Fresh,0,0,Chanos Chanos | Highly Fresh
Chanos Chanos - Highly Fresh/IMG_20191110_060820.jpg,Chanos Chanos,Highly Fresh,0,0,Chanos Chanos | Highly Fresh
Chanos Chanos - Highly Fresh/IMG_20191110_060836.jpg,Chanos Chanos,Highly Fresh,0,0,Chanos Chanos | Highly Fresh
Chanos Chanos - Highly Fresh/IMG_20191110_081259.jpg,Chanos Chanos,Highly Fresh,0,0,Chanos Chanos | Highly Fresh
Chanos Chanos - Highly Fresh/IMG_20191110_081303.jpg,Chanos Chanos,Highly Fresh,0,0,Chanos Chanos | Highly Fresh
Chanos Chanos - Highly Fresh/IMG_20191110_081306.jpg,Chanos Chanos,Highly Fresh,0,0,Chanos Chanos | Highly Fresh
Chanos Chanos - Highly Fresh/IMG_20191110_081311.jpg,Chanos Chanos,Highly Fresh,0,0,Chanos Chanos | Highly Fresh
Chanos Chanos - Highly Fresh/IMG_20191110_081324.jpg,Chanos Chanos,Highly Fresh,0,0,Chanos Chanos | Highly Fresh
Chanos Chanos - Highly Fresh/IMG_20191110_081329.jpg,Chanos Chanos,Highly Fresh,0,0,Chanos Chanos | Highly Fresh
Chanos Chanos - Highly Fresh/IMG_20191110_081332.jpg,Chanos Chanos,Highly Fresh,0,0,Chanos Chanos | Highly Fresh
Chanos Chanos - Highly Fresh/IMG_20191110_081336.jpg,Chanos Chanos,Highly Fresh,0,0,Chanos Chanos | Highly Fresh
Chanos Chanos - Highly Fresh/IMG_20191110_081356.jpg,Chanos Chanos,Highly Fresh,0,0,Chanos Chanos | Highly Fresh
Chanos Chanos - Highly Fresh/IMG_20191110_081359.jpg,Chanos Chanos,Highly Fresh,0,0,Chanos Chanos | Highly Fresh
Chanos Chanos - Highly Fresh/IMG_20191110_081405.jpg,Chanos Chanos,Highly Fresh,0,0,Chanos Chanos | Highly Fresh
Chanos Chanos - Highly Fresh/IMG_20191110_081408.jpg,Chanos Chanos,Highly Fresh,0,0,Chanos Chanos | Highly Fresh
Chanos Chanos - Highly Fresh/IMG_20191110_081425.jpg,Chanos Chanos,Highly Fresh,0,0,Chanos Chanos | Highly Fresh
Chanos Chanos - Highly Fresh/IMG_20191110_081440.jpg,Chanos Chanos,Highly Fresh,0,0,Chanos Chanos | Highly Fresh
Chanos Chanos - Highly Fresh/IMG_20191110_081452.jpg,Chanos Chanos,Highly Fresh,0,0,Chanos Chanos | Highly Fresh
Chanos Chanos - Highly Fresh/IMG_20191110_081502.jpg,Chanos Chanos,Highly Fresh,0,0,Chanos Chanos | Highly Fresh
Chanos Chanos - Highly Fresh/IMG_20191110_081522.jpg,Chanos Chanos,Highly Fresh,0,0,Chanos Chanos | Highly Fresh
Chanos Chanos - Highly Fresh/IMG_20191110_081604.jpg,Chanos Chanos,Highly Fresh,0,0,Chanos Chanos | Highly Fresh
Chanos Chanos - Highly Fresh/IMG_20191110_081607.jpg,Chanos Chanos,Highly Fresh,0,0,Chanos Chanos | Highly Fresh
Chanos Chanos - Highly Fresh/IMG_20191110_081609.jpg,Chanos Chanos,Highly Fresh,0,0,Chanos Chanos | Highly Fresh
Chanos Chanos - Highly Fresh/IMG_20191110_081618.jpg,Chanos Chanos,Highly Fresh,0,0,Chanos Chanos | Highly Fresh
Chanos Chanos - Highly Fresh/IMG_20191110_081621.jpg,Chanos Chanos,Highly Fresh,0,0,Chanos Chanos | Highly Fresh
Chanos Chanos - Highly Fresh/IMG_20191110_081624.jpg,Chanos Chanos,Highly Fresh,0,0,Chanos Chanos | Highly Fresh
Chanos Chanos - Highly Fresh/IMG_20191110_081640.jpg,Chanos Chanos,Highly Fresh,0,0,Chanos Chanos | Highly Fresh
Chanos Chanos - Highly Fresh/IMG_20191110_081642.jpg,Chanos Chanos,Highly Fresh,0,0,Chanos Chanos | Highly Fresh
Chanos Chanos - Highly Fresh/IMG_20191110_081644.jpg,Chanos Chanos,Highly Fresh,0,0,Chanos Chanos | Highly Fresh
Chanos Chanos - Highly Fresh/IMG_20191110_081652.jpg,Chanos Chanos,Highly Fresh,0,0,Chanos Chanos | Highly Fresh
Chanos Chanos - Highly Fresh/IMG_20191110_081654.jpg,Chanos Chanos,Highly Fresh,0,0,Chanos Chanos | Highly Fresh
Chanos Chanos - Highly Fresh/IMG_20191110_081656.jpg,Chanos Chanos,Highly Fresh,0,0,Chanos Chanos | Highly Fresh
Chanos Chanos - Highly Fresh/IMG_20191110_081820.jpg,Chanos Chanos,Highly Fresh,0,0,Chanos Chanos | Highly Fresh
Chanos Chanos - Highly Fresh/IMG_20191110_081824.jpg,Chanos Chanos,Highly Fresh,0,0,Chanos Chanos | Highly Fresh
Chanos Chanos - Highly Fresh/IMG_20191110_081846.jpg,Chanos Chanos,Highly Fresh,0,0,Chanos Chanos | Highly Fresh
Chanos Chanos - Highly Fresh/IMG_20191110_081856.jpg,Chanos Chanos,Highly Fresh,0,0,Chanos Chanos | Highly Fresh
Chanos Chanos - Highly Fresh/IMG_20191111_052018.jpg,Chanos Chanos,Highly Fresh,0,0,Chanos Chanos | Highly Fresh
Chanos Chanos - Highly Fresh/IMG_20191111_052028.jpg,Chanos Chanos,Highly Fresh,0,0,Chanos Chanos | Highly Fresh
Chanos Chanos - Highly Fresh/IMG_20191111_052051.jpg,Chanos Chanos,Highly Fresh,0,0,Chanos Chanos | Highly Fresh
Chanos Chanos - Highly Fresh/IMG_20191111_052059.jpg,Chanos Chanos,Highly Fresh,0,0,Chanos Chanos | Highly Fresh
Chanos Chanos - Highly Fresh/IMG_20191111_052113.jpg,Chanos Chanos,Highly Fresh,0,0,Chanos Chanos | Highly Fresh
Chanos Chanos - Highly Fresh/IMG_20191111_052124.jpg,Chanos Chanos,Highly Fresh,0,0,Chanos Chanos | Highly Fresh
Chanos Chanos - Highly Fresh/IMG_20191111_052144.jpg,Chanos Chanos,Highly Fresh,0,0,Chanos Chanos | Highly Fresh
Chanos Chanos - Highly Fresh/IMG_20191111_052153.jpg,Chanos Chanos,Highly Fresh,0,0,Chanos Chanos | Highly Fresh
Chanos Chanos - Highly Fresh/IMG_20191111_052214.jpg,Chanos Chanos,Highly Fresh,0,0,Chanos Chanos | Highly Fresh
Chanos Chanos - Highly Fresh/IMG_20191111_052225.jpg,Chanos Chanos,Highly Fresh,0,0,Chanos Chanos | Highly Fresh
Chanos Chanos - Highly Fresh/IMG_20191111_052245.jpg,Chanos Chanos,Highly Fresh,0,0,Chanos Chanos | Highly Fresh
Chanos Chanos - Highly Fresh/IMG_20191111_052317.jpg,Chanos Chanos,Highly Fresh,0,0,Chanos Chanos | Highly Fresh
Chanos Chanos - Highly Fresh/IMG_20191111_052328.jpg,Chanos Chanos,Highly Fresh,0,0,Chanos Chanos | Highly Fresh
Chanos Chanos - Highly Fresh/IMG_20191111_052336.jpg,Chanos Chanos,Highly Fresh,0,0,Chanos Chanos | Highly Fresh
Chanos Chanos - Highly Fresh/IMG_20191111_052521.jpg,Chanos Chanos,Highly Fresh,0,0,Chanos Chanos | Highly Fresh
Chanos Chanos - Highly Fresh/IMG_20191111_052528.jpg,Chanos Chanos,Highly Fresh,0,0,Chanos Chanos | Highly Fresh
Chanos Chanos - Highly Fresh/IMG_20191111_052531.jpg,Chanos Chanos,Highly Fresh,0,0,Chanos Chanos | Highly Fresh
Chanos Chanos - Highly Fresh/IMG_20191111_052535.jpg,Chanos Chanos,Highly Fresh,0,0,Chanos Chanos | Highly Fresh
Chanos Chanos - Highly Fresh/IMG_20191111_052544.jpg,Chanos Chanos,Highly Fresh,0,0,Chanos Chanos | Highly Fresh
Chanos Chanos - Highly Fresh/IMG_20191111_052550.jpg,Chanos Chanos,Highly Fresh,0,0,Chanos Chanos | Highly Fresh
Chanos Chanos - Highly Fresh/IMG_20191111_052607.jpg,Chanos Chanos,Highly Fresh,0,0,Chanos Chanos | Highly Fresh
Chanos Chanos - Highly Fresh/IMG_20191111_052611.jpg,Chanos Chanos,Highly Fresh,0,0,Chanos Chanos | Highly Fresh
Chanos Chanos - Highly Fresh/IMG_20191111_052615.jpg,Chanos Chanos,Highly Fresh,0,0,Chanos Chanos | Highly Fresh
Chanos Chanos - Highly Fresh/IMG_20191111_052618.jpg,Chanos Chanos,Highly Fresh,0,0,Chanos Chanos | Highly Fresh
Chanos Chanos - Highly Fresh/IMG_20191111_052621.jpg,Chanos Chanos,Highly Fresh,0,0,Chanos Chanos | Highly Fresh
Chanos Chanos - Highly Fresh/IMG_20191111_052627.jpg,Chanos Chanos,Highly Fresh,0,0,Chanos Chanos | Highly Fresh
Chanos Chanos - Highly Fresh/IMG_20191111_052646.jpg,Chanos Chanos,Highly Fresh,0,0,Chanos Chanos | Highly Fresh
Chanos Chanos - Highly Fresh/IMG_20191111_052702.jpg,Chanos Chanos,Highly Fresh,0,0,Chanos Chanos | Highly Fresh
Chanos Chanos - Highly Fresh/IMG_20191111_052719.jpg,Chanos Chanos,Highly Fresh,0,0,Chanos Chanos | Highly Fresh
Chanos Chanos - Highly Fresh/IMG_20191111_052738.jpg,Chanos Chanos,Highly Fresh,0,0,Chanos Chanos | Highly Fresh
Chanos Chanos - Highly Fresh/IMG_20191111_052756.jpg,Chanos Chanos,Highly Fresh,0,0,Chanos Chanos | Highly Fresh
Chanos Chanos - Highly Fresh/IMG_20191111_052821.jpg,Chanos Chanos,Highly Fresh,0,0,Chanos Chanos | Highly Fresh
Chanos Chanos - Highly Fresh/IMG_20191111_052824.jpg,Chanos Chanos,Highly Fresh,0,0,Chanos Chanos | Highly Fresh
Chanos Chanos - Highly Fresh/IMG_20191111_052827.jpg,Chanos Chanos,Highly Fresh,0,0,Chanos Chanos | Highly Fresh
Chanos Chanos - Highly Fresh/IMG_20191111_052845.jpg,Chanos Chanos,Highly Fresh,0,0,Chanos Chanos | Highly Fresh
Chanos Chanos - Highly Fresh/IMG_20191111_052848.jpg,Chanos Chanos,Highly Fresh,0,0,Chanos Chanos | Highly Fresh
Chanos Chanos - Highly Fresh/IMG_20191111_052850.jpg,Chanos Chanos,Highly Fresh,0,0,Chanos Chanos | Highly Fresh
Chanos Chanos - Highly Fresh/IMG_20191111_052901.jpg,Chanos Chanos,Highly Fresh,0,0,Chanos Chanos | Highly Fresh
Chanos Chanos - Highly Fresh/IMG_20191111_052917.jpg,Chanos Chanos,Highly Fresh,0,0,Chanos Chanos | Highly Fresh
Chanos Chanos - Highly Fresh/IMG_20191111_052939.jpg,Chanos Chanos,Highly Fresh,0,0,Chanos Chanos | Highly Fresh
Chanos Chanos - Highly Fresh/IMG_20191111_053012.jpg,Chanos Chanos,Highly Fresh,0,0,Chanos Chanos | Highly Fresh
Chanos Chanos - Highly Fresh/IMG_20191111_053016.jpg,Chanos Chanos,Highly Fresh,0,0,Chanos Chanos | Highly Fresh
Chanos Chanos - Highly Fresh/IMG_20191111_053020.jpg,Chanos Chanos,Highly Fresh,0,0,Chanos Chanos | Highly Fresh
Chanos Chanos - Highly Fresh/IMG_20191111_053033.jpg,Chanos Chanos,Highly Fresh,0,0,Chanos Chanos | Highly Fresh
Chanos Chanos - Highly Fresh/IMG_20191111_053103.jpg,Chanos Chanos,Highly Fresh,0,0,Chanos Chanos | Highly Fresh
Chanos Chanos - Highly Fresh/IMG_20191111_053107.jpg,Chanos Chanos,Highly Fresh,0,0,Chanos Chanos | Highly Fresh
Chanos Chanos - Highly Fresh/IMG_20191111_053126.jpg,Chanos Chanos,Highly Fresh,0,0,Chanos Chanos | Highly Fresh
Chanos Chanos - Highly Fresh/IMG_20191111_053141.jpg,Chanos Chanos,Highly Fresh,0,0,Chanos Chanos | Highly Fresh
Chanos Chanos - Highly Fresh/IMG_20191111_053238.jpg,Chanos Chanos,Highly Fresh,0,0,Chanos Chanos | Highly Fresh
Chanos Chanos - Not Fresh/IMG_20191004_062950.jpg,Chanos Chanos,Not Fresh,0,2,Chanos Chanos | Not Fresh
Chanos Chanos - Not Fresh/IMG_20191004_063003.jpg,Chanos Chanos,Not Fresh,0,2,Chanos Chanos | Not Fresh
Chanos Chanos - Not Fresh/IMG_20191004_063022.jpg,Chanos Chanos,Not Fresh,0,2,Chanos Chanos | Not Fresh
Chanos Chanos - Not Fresh/IMG_20191004_063031.jpg,Chanos Chanos,Not Fresh,0,2,Chanos Chanos | Not Fresh
Chanos Chanos - Not Fresh/IMG_20191004_063045.jpg,Chanos Chanos,Not Fresh,0,2,Chanos Chanos | Not Fresh
Chanos Chanos - Not Fresh/IMG_20191004_063053.jpg,Chanos Chanos,Not Fresh,0,2,Chanos Chanos | Not Fresh
Chanos Chanos - Not Fresh/IMG_20191004_063106.jpg,Chanos Chanos,Not Fresh,0,2,Chanos Chanos | Not Fresh
Chanos Chanos - Not Fresh/IMG_20191004_063115.jpg,Chanos Chanos,Not Fresh,0,2,Chanos Chanos | Not Fresh
Chanos Chanos - Not Fresh/IMG_20191004_063408.jpg,Chanos Chanos,Not Fresh,0,2,Chanos Chanos | Not Fresh
Chanos Chanos - Not Fresh/IMG_20191004_063417.jpg,Chanos Chanos,Not Fresh,0,2,Chanos Chanos | Not Fresh
Chanos Chanos - Not Fresh/IMG_20191004_063428.jpg,Chanos Chanos,Not Fresh,0,2,Chanos Chanos | Not Fresh
Chanos Chanos - Not Fresh/IMG_20191004_063436.jpg,Chanos Chanos,Not Fresh,0,2,Chanos Chanos | Not Fresh
Chanos Chanos - Not Fresh/IMG_20191004_063447.jpg,Chanos Chanos,Not Fresh,0,2,Chanos Chanos | Not Fresh
Chanos Chanos - Not Fresh/IMG_20191004_063453.jpg,Chanos Chanos,Not Fresh,0,2,Chanos Chanos | Not Fresh
Chanos Chanos - Not Fresh/IMG_20191004_063505.jpg,Chanos Chanos,Not Fresh,0,2,Chanos Chanos | Not Fresh
Chanos Chanos - Not Fresh/IMG_20191004_063512.jpg,Chanos Chanos,Not Fresh,0,2,Chanos Chanos | Not Fresh
Chanos Chanos - Not Fresh/IMG_20191004_063538.jpg,Chanos Chanos,Not Fresh,0,2,Chanos Chanos | Not Fresh
Chanos Chanos - Not Fresh/IMG_20191004_063547.jpg,Chanos Chanos,Not Fresh,0,2,Chanos Chanos | Not Fresh
Chanos Chanos - Not Fresh/IMG_20191004_063559.jpg,Chanos Chanos,Not Fresh,0,2,Chanos Chanos | Not Fresh
Chanos Chanos - Not Fresh/IMG_20191004_063606.jpg,Chanos Chanos,Not Fresh,0,2,Chanos Chanos | Not Fresh
Chanos Chanos - Not Fresh/IMG_20191004_063621.jpg,Chanos Chanos,Not Fresh,0,2,Chanos Chanos | Not Fresh
Chanos Chanos - Not Fresh/IMG_20191004_063642.jpg,Chanos Chanos,Not Fresh,0,2,Chanos Chanos | Not Fresh
Chanos Chanos - Not Fresh/IMG_20191004_063655.jpg,Chanos Chanos,Not Fresh,0,2,Chanos Chanos | Not Fresh
Chanos Chanos - Not Fresh/IMG_20191004_063704.jpg,Chanos Chanos,Not Fresh,0,2,Chanos Chanos | Not Fresh
Chanos Chanos - Not Fresh/IMG_20191004_063736.jpg,Chanos Chanos,Not Fresh,0,2,Chanos Chanos | Not Fresh
Chanos Chanos - Not Fresh/IMG_20191004_063745.jpg,Chanos Chanos,Not Fresh,0,2,Chanos Chanos | Not Fresh
Chanos Chanos - Not Fresh/IMG_20191004_063758.jpg,Chanos Chanos,Not Fresh,0,2,Chanos Chanos | Not Fresh
Chanos Chanos - Not Fresh/IMG_20191004_063810.jpg,Chanos Chanos,Not Fresh,0,2,Chanos Chanos | Not Fresh
Chanos Chanos - Not Fresh/IMG_20191004_063822.jpg,Chanos Chanos,Not Fresh,0,2,Chanos Chanos | Not Fresh
Chanos Chanos - Not Fresh/IMG_20191004_063832.jpg,Chanos Chanos,Not Fresh,0,2,Chanos Chanos | Not Fresh
Chanos Chanos - Not Fresh/IMG_20191004_063846.jpg,Chanos Chanos,Not Fresh,0,2,Chanos Chanos | Not Fresh
Chanos Chanos - Not Fresh/IMG_20191004_063853.jpg,Chanos Chanos,Not Fresh,0,2,Chanos Chanos | Not Fresh
Chanos Chanos - Not Fresh/IMG_20191004_063921.jpg,Chanos Chanos,Not Fresh,0,2,Chanos Chanos | Not Fresh
Chanos Chanos - Not Fresh/IMG_20191004_063930.jpg,Chanos Chanos,Not Fresh,0,2,Chanos Chanos | Not Fresh
Chanos Chanos - Not Fresh/IMG_20191004_063948.jpg,Chanos Chanos,Not Fresh,0,2,Chanos Chanos | Not Fresh
Chanos Chanos - Not Fresh/IMG_20191004_063958.jpg,Chanos Chanos,Not Fresh,0,2,Chanos Chanos | Not Fresh
Chanos Chanos - Not Fresh/IMG_20191004_064024.jpg,Chanos Chanos,Not Fresh,0,2,Chanos Chanos | Not Fresh
Chanos Chanos - Not Fresh/IMG_20191004_064032.jpg,Chanos Chanos,Not Fresh,0,2,Chanos Chanos | Not Fresh
Chanos Chanos - Not Fresh/IMG_20191004_064048.jpg,Chanos Chanos,Not Fresh,0,2,Chanos Chanos | Not Fresh
Chanos Chanos - Not Fresh/IMG_20191004_064057.jpg,Chanos Chanos,Not Fresh,0,2,Chanos Chanos | Not Fresh
Chanos Chanos - Not Fresh/IMG_20191005_071626.jpg,Chanos Chanos,Not Fresh,0,2,Chanos Chanos | Not Fresh
Chanos Chanos - Not Fresh/IMG_20191005_071642.jpg,Chanos Chanos,Not Fresh,0,2,Chanos Chanos | Not Fresh
Chanos Chanos - Not Fresh/IMG_20191005_071740.jpg,Chanos Chanos,Not Fresh,0,2,Chanos Chanos | Not Fresh
Chanos Chanos - Not Fresh/IMG_20191005_071750.jpg,Chanos Chanos,Not Fresh,0,2,Chanos Chanos | Not Fresh
Chanos Chanos - Not Fresh/IMG_20191005_071801.jpg,Chanos Chanos,Not Fresh,0,2,Chanos Chanos | Not Fresh
Chanos Chanos - Not Fresh/IMG_20191005_071811.jpg,Chanos Chanos,Not Fresh,0,2,Chanos Chanos | Not Fresh
Chanos Chanos - Not Fresh/IMG_20191005_071854.jpg,Chanos Chanos,Not Fresh,0,2,Chanos Chanos | Not Fresh
Chanos Chanos - Not Fresh/IMG_20191005_071905.jpg,Chanos Chanos,Not Fresh,0,2,Chanos Chanos | Not Fresh
Chanos Chanos - Not Fresh/IMG_20191005_071944.jpg,Chanos Chanos,Not Fresh,0,2,Chanos Chanos | Not Fresh
Chanos Chanos - Not Fresh/IMG_20191005_071958.jpg,Chanos Chanos,Not Fresh,0,2,Chanos Chanos | Not Fresh
Chanos Chanos - Not Fresh/IMG_20191005_072012.jpg,Chanos Chanos,Not Fresh,0,2,Chanos Chanos | Not Fresh
Chanos Chanos - Not Fresh/IMG_20191005_072022.jpg,Chanos Chanos,Not Fresh,0,2,Chanos Chanos | Not Fresh
Chanos Chanos - Not Fresh/IMG_20191005_072034.jpg,Chanos Chanos,Not Fresh,0,2,Chanos Chanos | Not Fresh
Chanos Chanos - Not Fresh/IMG_20191005_072042.jpg,Chanos Chanos,Not Fresh,0,2,Chanos Chanos | Not Fresh
Chanos Chanos - Not Fresh/IMG_20191005_072059.jpg,Chanos Chanos,Not Fresh,0,2,Chanos Chanos | Not Fresh
Chanos Chanos - Not Fresh/IMG_20191005_072107.jpg,Chanos Chanos,Not Fresh,0,2,Chanos Chanos | Not Fresh
Chanos Chanos - Not Fresh/IMG_20191005_072156.jpg,Chanos Chanos,Not Fresh,0,2,Chanos Chanos | Not Fresh
Chanos Chanos - Not Fresh/IMG_20191005_072205.jpg,Chanos Chanos,Not Fresh,0,2,Chanos Chanos | Not Fresh
Chanos Chanos - Not Fresh/IMG_20191005_072223.jpg,Chanos Chanos,Not Fresh,0,2,Chanos Chanos | Not Fresh
Chanos Chanos - Not Fresh/IMG_20191005_072247.jpg,Chanos Chanos,Not Fresh,0,2,Chanos Chanos | Not Fresh
Chanos Chanos - Not Fresh/IMG_20191005_072258.jpg,Chanos Chanos,Not Fresh,0,2,Chanos Chanos | Not Fresh
Chanos Chanos - Not Fresh/IMG_20191005_072306.jpg,Chanos Chanos,Not Fresh,0,2,Chanos Chanos | Not Fresh
Chanos Chanos - Not Fresh/IMG_20191005_072320.jpg,Chanos Chanos,Not Fresh,0,2,Chanos Chanos | Not Fresh
Chanos Chanos - Not Fresh/IMG_20191005_072329.jpg,Chanos Chanos,Not Fresh,0,2,Chanos Chanos | Not Fresh
Chanos Chanos - Not Fresh/IMG_20191005_072403.jpg,Chanos Chanos,Not Fresh,0,2,Chanos Chanos | Not Fresh
Chanos Chanos - Not Fresh/IMG_20191005_072411.jpg,Chanos Chanos,Not Fresh,0,2,Chanos Chanos | Not Fresh
Chanos Chanos - Not Fresh/IMG_20191005_072439.jpg,Chanos Chanos,Not Fresh,0,2,Chanos Chanos | Not Fresh
Chanos Chanos - Not Fresh/IMG_20191005_072450.jpg,Chanos Chanos,Not Fresh,0,2,Chanos Chanos | Not Fresh
Chanos Chanos - Not Fresh/IMG_20191005_072507.jpg,Chanos Chanos,Not Fresh,0,2,Chanos Chanos | Not Fresh
Chanos Chanos - Not Fresh/IMG_20191005_072516.jpg,Chanos Chanos,Not Fresh,0,2,Chanos Chanos | Not Fresh
Chanos Chanos - Not Fresh/IMG_20191005_072530.jpg,Chanos Chanos,Not Fresh,0,2,Chanos Chanos | Not Fresh
Chanos Chanos - Not Fresh/IMG_20191005_072536.jpg,Chanos Chanos,Not Fresh,0,2,Chanos Chanos | Not Fresh
Chanos Chanos - Not Fresh/IMG_20191005_072610.jpg,Chanos Chanos,Not Fresh,0,2,Chanos Chanos | Not Fresh
Chanos Chanos - Not Fresh/IMG_20191005_072618.jpg,Chanos Chanos,Not Fresh,0,2,Chanos Chanos | Not Fresh
Chanos Chanos - Not Fresh/IMG_20191005_072634.jpg,Chanos Chanos,Not Fresh,0,2,Chanos Chanos | Not Fresh
Chanos Chanos - Not Fresh/IMG_20191005_072641.jpg,Chanos Chanos,Not Fresh,0,2,Chanos Chanos | Not Fresh
Chanos Chanos - Not Fresh/IMG_20191005_072703.jpg,Chanos Chanos,Not Fresh,0,2,Chanos Chanos | Not Fresh
Chanos Chanos - Not Fresh/IMG_20191005_072714.jpg,Chanos Chanos,Not Fresh,0,2,Chanos Chanos | Not Fresh
Chanos Chanos - Not Fresh/IMG_20191005_072728.jpg,Chanos Chanos,Not Fresh,0,2,Chanos Chanos | Not Fresh
Chanos Chanos - Not Fresh/IMG_20191005_072736.jpg,Chanos Chanos,Not Fresh,0,2,Chanos Chanos | Not Fresh
Chanos Chanos - Not Fresh/IMG_20191114_053554.jpg,Chanos Chanos,Not Fresh,0,2,Chanos Chanos | Not Fresh
Chanos Chanos - Not Fresh/IMG_20191114_053604.jpg,Chanos Chanos,Not Fresh,0,2,Chanos Chanos | Not Fresh
Chanos Chanos - Not Fresh/IMG_20191114_053614.jpg,Chanos Chanos,Not Fresh,0,2,Chanos Chanos | Not Fresh
Chanos Chanos - Not Fresh/IMG_20191114_053626.jpg,Chanos Chanos,Not Fresh,0,2,Chanos Chanos | Not Fresh
Chanos Chanos - Not Fresh/IMG_20191114_053638.jpg,Chanos Chanos,Not Fresh,0,2,Chanos Chanos | Not Fresh
Chanos Chanos - Not Fresh/IMG_20191114_053645.jpg,Chanos Chanos,Not Fresh,0,2,Chanos Chanos | Not Fresh
Chanos Chanos - Not Fresh/IMG_20191114_053703.jpg,Chanos Chanos,Not Fresh,0,2,Chanos Chanos | Not Fresh
Chanos Chanos - Not Fresh/IMG_20191114_053714.jpg,Chanos Chanos,Not Fresh,0,2,Chanos Chanos | Not Fresh
Chanos Chanos - Not Fresh/IMG_20191114_053743.jpg,Chanos Chanos,Not Fresh,0,2,Chanos Chanos | Not Fresh
Chanos Chanos - Not Fresh/IMG_20191114_053755.jpg,Chanos Chanos,Not Fresh,0,2,Chanos Chanos | Not Fresh
Chanos Chanos - Not Fresh/IMG_20191114_053811.jpg,Chanos Chanos,Not Fresh,0,2,Chanos Chanos | Not Fresh
Chanos Chanos - Not Fresh/IMG_20191114_053824.jpg,Chanos Chanos,Not Fresh,0,2,Chanos Chanos | Not Fresh
Chanos Chanos - Not Fresh/IMG_20191114_053853.jpg,Chanos Chanos,Not Fresh,0,2,Chanos Chanos | Not Fresh
Chanos Chanos - Not Fresh/IMG_20191114_053911.jpg,Chanos Chanos,Not Fresh,0,2,Chanos Chanos | Not Fresh
Chanos Chanos - Not Fresh/IMG_20191114_053931.jpg,Chanos Chanos,Not Fresh,0,2,Chanos Chanos | Not Fresh
Chanos Chanos - Not Fresh/IMG_20191114_053945.jpg,Chanos Chanos,Not Fresh,0,2,Chanos Chanos | Not Fresh
Chanos Chanos - Not Fresh/IMG_20191114_054041.jpg,Chanos Chanos,Not Fresh,0,2,Chanos Chanos | Not Fresh
Chanos Chanos - Not Fresh/IMG_20191114_054053.jpg,Chanos Chanos,Not Fresh,0,2,Chanos Chanos | Not Fresh
Chanos Chanos - Not Fresh/IMG_20191114_054057.jpg,Chanos Chanos,Not Fresh,0,2,Chanos Chanos | Not Fresh
Chanos Chanos - Not Fresh/IMG_20191114_054102.jpg,Chanos Chanos,Not Fresh,0,2,Chanos Chanos | Not Fresh
Chanos Chanos - Not Fresh/IMG_20191114_054118.jpg,Chanos Chanos,Not Fresh,0,2,Chanos Chanos | Not Fresh
Chanos Chanos - Not Fresh/IMG_20191114_054124.jpg,Chanos Chanos,Not Fresh,0,2,Chanos Chanos | Not Fresh
Chanos Chanos - Not Fresh/IMG_20191114_054148.jpg,Chanos Chanos,Not Fresh,0,2,Chanos Chanos | Not Fresh
Chanos Chanos - Not Fresh/IMG_20191114_054153.jpg,Chanos Chanos,Not Fresh,0,2,Chanos Chanos | Not Fresh
Chanos Chanos - Not Fresh/IMG_20191114_054159.jpg,Chanos Chanos,Not Fresh,0,2,Chanos Chanos | Not Fresh
Chanos Chanos - Not Fresh/IMG_20191114_054206.jpg,Chanos Chanos,Not Fresh,0,2,Chanos Chanos | Not Fresh
Chanos Chanos - Not Fresh/IMG_20191114_054215.jpg,Chanos Chanos,Not Fresh,0,2,Chanos Chanos | Not Fresh
Chanos Chanos - Not Fresh/IMG_20191114_054219.jpg,Chanos Chanos,Not Fresh,0,2,Chanos Chanos | Not Fresh
Chanos Chanos - Not Fresh/IMG_20191114_054247.jpg,Chanos Chanos,Not Fresh,0,2,Chanos Chanos | Not Fresh
Chanos Chanos - Not Fresh/IMG_20191114_054251.jpg,Chanos Chanos,Not Fresh,0,2,Chanos Chanos | Not Fresh
Chanos Chanos - Not Fresh/IMG_20191114_054257.jpg,Chanos Chanos,Not Fresh,0,2,Chanos Chanos | Not Fresh
Chanos Chanos - Not Fresh/IMG_20191114_054300.jpg,Chanos Chanos,Not Fresh,0,2,Chanos Chanos | Not Fresh
Chanos Chanos - Not Fresh/IMG_20191114_054336.jpg,Chanos Chanos,Not Fresh,0,2,Chanos Chanos | Not Fresh
Chanos Chanos - Not Fresh/IMG_20191114_054341.jpg,Chanos Chanos,Not Fresh,0,2,Chanos Chanos | Not Fresh
Chanos Chanos - Not Fresh/IMG_20191114_054359.jpg,Chanos Chanos,Not Fresh,0,2,Chanos Chanos | Not Fresh
Chanos Chanos - Not Fresh/IMG_20191114_054403.jpg,Chanos Chanos,Not Fresh,0,2,Chanos Chanos | Not Fresh
Chanos Chanos - Not Fresh/IMG_20191114_054413.jpg,Chanos Chanos,Not Fresh,0,2,Chanos Chanos | Not Fresh
Chanos Chanos - Not Fresh/IMG_20191114_054439.jpg,Chanos Chanos,Not Fresh,0,2,Chanos Chanos | Not Fresh
Chanos Chanos - Not Fresh/IMG_20191114_054451.jpg,Chanos Chanos,Not Fresh,0,2,Chanos Chanos | Not Fresh
Chanos Chanos - Not Fresh/IMG_20191114_054501.jpg,Chanos Chanos,Not Fresh,0,2,Chanos Chanos | Not Fresh
Chanos Chanos - Not Fresh/IMG_20191114_054521.jpg,Chanos Chanos,Not Fresh,0,2,Chanos Chanos | Not Fresh
Chanos Chanos - Not Fresh/IMG_20191114_054638.jpg,Chanos Chanos,Not Fresh,0,2,Chanos Chanos | Not Fresh
Chanos Chanos - Not Fresh/IMG_20191115_052559.jpg,Chanos Chanos,Not Fresh,0,2,Chanos Chanos | Not Fresh
Chanos Chanos - Not Fresh/IMG_20191115_052614.jpg,Chanos Chanos,Not Fresh,0,2,Chanos Chanos | Not Fresh
Chanos Chanos - Not Fresh/IMG_20191115_052634.jpg,Chanos Chanos,Not Fresh,0,2,Chanos Chanos | Not Fresh
Chanos Chanos - Not Fresh/IMG_20191115_052645.jpg,Chanos Chanos,Not Fresh,0,2,Chanos Chanos | Not Fresh
Chanos Chanos - Not Fresh/IMG_20191115_052703.jpg,Chanos Chanos,Not Fresh,0,2,Chanos Chanos | Not Fresh
Chanos Chanos - Not Fresh/IMG_20191115_052717.jpg,Chanos Chanos,Not Fresh,0,2,Chanos Chanos | Not Fresh
Chanos Chanos - Not Fresh/IMG_20191115_052735.jpg,Chanos Chanos,Not Fresh,0,2,Chanos Chanos | Not Fresh
Chanos Chanos - Not Fresh/IMG_20191115_052746.jpg,Chanos Chanos,Not Fresh,0,2,Chanos Chanos | Not Fresh
Chanos Chanos - Not Fresh/IMG_20191115_052803.jpg,Chanos Chanos,Not Fresh,0,2,Chanos Chanos | Not Fresh
Chanos Chanos - Not Fresh/IMG_20191115_052812.jpg,Chanos Chanos,Not Fresh,0,2,Chanos Chanos | Not Fresh
Chanos Chanos - Not Fresh/IMG_20191115_052830.jpg,Chanos Chanos,Not Fresh,0,2,Chanos Chanos | Not Fresh
Chanos Chanos - Not Fresh/IMG_20191115_052841.jpg,Chanos Chanos,Not Fresh,0,2,Chanos Chanos | Not Fresh
Chanos Chanos - Not Fresh/IMG_20191115_052906.jpg,Chanos Chanos,Not Fresh,0,2,Chanos Chanos | Not Fresh
Chanos Chanos - Not Fresh/IMG_20191115_052934.jpg,Chanos Chanos,Not Fresh,0,2,Chanos Chanos | Not Fresh
Chanos Chanos - Not Fresh/IMG_20191115_053002.jpg,Chanos Chanos,Not Fresh,0,2,Chanos Chanos | Not Fresh
Chanos Chanos - Not Fresh/IMG_20191115_053052.jpg,Chanos Chanos,Not Fresh,0,2,Chanos Chanos | Not Fresh
Chanos Chanos - Not Fresh/IMG_20191115_053148.jpg,Chanos Chanos,Not Fresh,0,2,Chanos Chanos | Not Fresh
Chanos Chanos - Not Fresh/IMG_20191115_053159.jpg,Chanos Chanos,Not Fresh,0,2,Chanos Chanos | Not Fresh
Chanos Chanos - Not Fresh/IMG_20191115_053234.jpg,Chanos Chanos,Not Fresh,0,2,Chanos Chanos | Not Fresh
Chanos Chanos - Not Fresh/IMG_20191115_053241.jpg,Chanos Chanos,Not Fresh,0,2,Chanos Chanos | Not Fresh
Chanos Chanos - Not Fresh/IMG_20191115_053245.jpg,Chanos Chanos,Not Fresh,0,2,Chanos Chanos | Not Fresh
Chanos Chanos - Not Fresh/IMG_20191115_053251.jpg,Chanos Chanos,Not Fresh,0,2,Chanos Chanos | Not Fresh
Chanos Chanos - Not Fresh/IMG_20191115_053304.jpg,Chanos Chanos,Not Fresh,0,2,Chanos Chanos | Not Fresh
Chanos Chanos - Not Fresh/IMG_20191115_053307.jpg,Chanos Chanos,Not Fresh,0,2,Chanos Chanos | Not Fresh
Chanos Chanos - Not Fresh/IMG_20191115_053311.jpg,Chanos Chanos,Not Fresh,0,2,Chanos Chanos | Not Fresh
Chanos Chanos - Not Fresh/IMG_20191115_053314.jpg,Chanos Chanos,Not Fresh,0,2,Chanos Chanos | Not Fresh
Chanos Chanos - Not Fresh/IMG_20191115_053331.jpg,Chanos Chanos,Not Fresh,0,2,Chanos Chanos | Not Fresh
Chanos Chanos - Not Fresh/IMG_20191115_053339.jpg,Chanos Chanos,Not Fresh,0,2,Chanos Chanos | Not Fresh
Chanos Chanos - Not Fresh/IMG_20191115_053356.jpg,Chanos Chanos,Not Fresh,0,2,Chanos Chanos | Not Fresh
Chanos Chanos - Not Fresh/IMG_20191115_053401.jpg,Chanos Chanos,Not Fresh,0,2,Chanos Chanos | Not Fresh
Chanos Chanos - Not Fresh/IMG_20191115_053424.jpg,Chanos Chanos,Not Fresh,0,2,Chanos Chanos | Not Fresh
Chanos Chanos - Not Fresh/IMG_20191115_053443.jpg,Chanos Chanos,Not Fresh,0,2,Chanos Chanos | Not Fresh
Chanos Chanos - Not Fresh/IMG_20191115_053502.jpg,Chanos Chanos,Not Fresh,0,2,Chanos Chanos | Not Fresh
Chanos Chanos - Not Fresh/IMG_20191115_053530.jpg,Chanos Chanos,Not Fresh,0,2,Chanos Chanos | Not Fresh
Chanos Chanos - Not Fresh/IMG_20191115_053534.jpg,Chanos Chanos,Not Fresh,0,2,Chanos Chanos | Not Fresh
Chanos Chanos - Not Fresh/IMG_20191115_053538.jpg,Chanos Chanos,Not Fresh,0,2,Chanos Chanos | Not Fresh
Chanos Chanos - Not Fresh/IMG_20191115_053541.jpg,Chanos Chanos,Not Fresh,0,2,Chanos Chanos | Not Fresh
Chanos Chanos - Not Fresh/IMG_20191115_053605.jpg,Chanos Chanos,Not Fresh,0,2,Chanos Chanos | Not Fresh
Chanos Chanos - Not Fresh/IMG_20191115_053608.jpg,Chanos Chanos,Not Fresh,0,2,Chanos Chanos | Not Fresh
Chanos Chanos - Not Fresh/IMG_20191115_053612.jpg,Chanos Chanos,Not Fresh,0,2,Chanos Chanos | Not Fresh
Chanos Chanos - Not Fresh/IMG_20191115_053616.jpg,Chanos Chanos,Not Fresh,0,2,Chanos Chanos | Not Fresh
Chanos Chanos - Not Fresh/IMG_20191115_053631.jpg,Chanos Chanos,Not Fresh,0,2,Chanos Chanos | Not Fresh
Chanos Chanos - Not Fresh/IMG_20191115_053703.jpg,Chanos Chanos,Not Fresh,0,2,Chanos Chanos | Not Fresh
Chanos Chanos - Not Fresh/IMG_20191115_053722.jpg,Chanos Chanos,Not Fresh,0,2,Chanos Chanos | Not Fresh
Chanos Chanos - Not Fresh/IMG_20191115_053729.jpg,Chanos Chanos,Not Fresh,0,2,Chanos Chanos | Not Fresh
Chanos Chanos - Not Fresh/IMG_20191115_053750.jpg,Chanos Chanos,Not Fresh,0,2,Chanos Chanos | Not Fresh
Chanos Chanos - Not Fresh/IMG_20191115_053755.jpg,Chanos Chanos,Not Fresh,0,2,Chanos Chanos | Not Fresh
Chanos Chanos - Not Fresh/IMG_20191115_053850.jpg,Chanos Chanos,Not Fresh,0,2,Chanos Chanos | Not Fresh
Eleutheronema Tetradactylum - Fresh/IMG_20191016_070812.jpg,Eleutheronema Tetradactylum,Fresh,1,1,Eleutheronema Tetradactylum | Fresh
Eleutheronema Tetradactylum - Fresh/IMG_20191016_070822.jpg,Eleutheronema Tetradactylum,Fresh,1,1,Eleutheronema Tetradactylum | Fresh
Eleutheronema Tetradactylum - Fresh/IMG_20191016_070836.jpg,Eleutheronema Tetradactylum,Fresh,1,1,Eleutheronema Tetradactylum | Fresh
Eleutheronema Tetradactylum - Fresh/IMG_20191016_070854.jpg,Eleutheronema Tetradactylum,Fresh,1,1,Eleutheronema Tetradactylum | Fresh
Eleutheronema Tetradactylum - Fresh/IMG_20191016_070921.jpg,Eleutheronema Tetradactylum,Fresh,1,1,Eleutheronema Tetradactylum | Fresh
Eleutheronema Tetradactylum - Fresh/IMG_20191016_070930.jpg,Eleutheronema Tetradactylum,Fresh,1,1,Eleutheronema Tetradactylum | Fresh
Eleutheronema Tetradactylum - Fresh/IMG_20191016_070958.jpg,Eleutheronema Tetradactylum,Fresh,1,1,Eleutheronema Tetradactylum | Fresh
Eleutheronema Tetradactylum - Fresh/IMG_20191016_071016.jpg,Eleutheronema Tetradactylum,Fresh,1,1,Eleutheronema Tetradactylum | Fresh
Eleutheronema Tetradactylum - Fresh/IMG_20191016_071058.jpg,Eleutheronema Tetradactylum,Fresh,1,1,Eleutheronema Tetradactylum | Fresh
Eleutheronema Tetradactylum - Fresh/IMG_20191016_071110.jpg,Eleutheronema Tetradactylum,Fresh,1,1,Eleutheronema Tetradactylum | Fresh
Eleutheronema Tetradactylum - Fresh/IMG_20191016_071131.jpg,Eleutheronema Tetradactylum,Fresh,1,1,Eleutheronema Tetradactylum | Fresh
Eleutheronema Tetradactylum - Fresh/IMG_20191016_071200.jpg,Eleutheronema Tetradactylum,Fresh,1,1,Eleutheronema Tetradactylum | Fresh
Eleutheronema Tetradactylum - Fresh/IMG_20191016_071218.jpg,Eleutheronema Tetradactylum,Fresh,1,1,Eleutheronema Tetradactylum | Fresh
Eleutheronema Tetradactylum - Fresh/IMG_20191016_071227.jpg,Eleutheronema Tetradactylum,Fresh,1,1,Eleutheronema Tetradactylum | Fresh
Eleutheronema Tetradactylum - Fresh/IMG_20191016_071306.jpg,Eleutheronema Tetradactylum,Fresh,1,1,Eleutheronema Tetradactylum | Fresh
Eleutheronema Tetradactylum - Fresh/IMG_20191016_071329.jpg,Eleutheronema Tetradactylum,Fresh,1,1,Eleutheronema Tetradactylum | Fresh
Eleutheronema Tetradactylum - Fresh/IMG_20191016_071357.jpg,Eleutheronema Tetradactylum,Fresh,1,1,Eleutheronema Tetradactylum | Fresh
Eleutheronema Tetradactylum - Fresh/IMG_20191016_071404.jpg,Eleutheronema Tetradactylum,Fresh,1,1,Eleutheronema Tetradactylum | Fresh
Eleutheronema Tetradactylum - Fresh/IMG_20191016_071420.jpg,Eleutheronema Tetradactylum,Fresh,1,1,Eleutheronema Tetradactylum | Fresh
Eleutheronema Tetradactylum - Fresh/IMG_20191016_071428.jpg,Eleutheronema Tetradactylum,Fresh,1,1,Eleutheronema Tetradactylum | Fresh
Eleutheronema Tetradactylum - Fresh/IMG_20191016_071446.jpg,Eleutheronema Tetradactylum,Fresh,1,1,Eleutheronema Tetradactylum | Fresh
Eleutheronema Tetradactylum - Fresh/IMG_20191016_071507.jpg,Eleutheronema Tetradactylum,Fresh,1,1,Eleutheronema Tetradactylum | Fresh
Eleutheronema Tetradactylum - Fresh/IMG_20191016_071535.jpg,Eleutheronema Tetradactylum,Fresh,1,1,Eleutheronema Tetradactylum | Fresh
Eleutheronema Tetradactylum - Fresh/IMG_20191016_071551.jpg,Eleutheronema Tetradactylum,Fresh,1,1,Eleutheronema Tetradactylum | Fresh
Eleutheronema Tetradactylum - Fresh/IMG_20191016_071628.jpg,Eleutheronema Tetradactylum,Fresh,1,1,Eleutheronema Tetradactylum | Fresh
Eleutheronema Tetradactylum - Fresh/IMG_20191016_071646.jpg,Eleutheronema Tetradactylum,Fresh,1,1,Eleutheronema Tetradactylum | Fresh
Eleutheronema Tetradactylum - Fresh/IMG_20191016_071712.jpg,Eleutheronema Tetradactylum,Fresh,1,1,Eleutheronema Tetradactylum | Fresh
Eleutheronema Tetradactylum - Fresh/IMG_20191016_071723.jpg,Eleutheronema Tetradactylum,Fresh,1,1,Eleutheronema Tetradactylum | Fresh
Eleutheronema Tetradactylum - Fresh/IMG_20191016_071740.jpg,Eleutheronema Tetradactylum,Fresh,1,1,Eleutheronema Tetradactylum | Fresh
Eleutheronema Tetradactylum - Fresh/IMG_20191016_071751.jpg,Eleutheronema Tetradactylum,Fresh,1,1,Eleutheronema Tetradactylum | Fresh
Eleutheronema Tetradactylum - Fresh/IMG_20191016_071830.jpg,Eleutheronema Tetradactylum,Fresh,1,1,Eleutheronema Tetradactylum | Fresh
Eleutheronema Tetradactylum - Fresh/IMG_20191016_071841.jpg,Eleutheronema Tetradactylum,Fresh,1,1,Eleutheronema Tetradactylum | Fresh
Eleutheronema Tetradactylum - Fresh/IMG_20191016_071922.jpg,Eleutheronema Tetradactylum,Fresh,1,1,Eleutheronema Tetradactylum | Fresh
Eleutheronema Tetradactylum - Fresh/IMG_20191016_071933.jpg,Eleutheronema Tetradactylum,Fresh,1,1,Eleutheronema Tetradactylum | Fresh
Eleutheronema Tetradactylum - Fresh/IMG_20191016_071958.jpg,Eleutheronema Tetradactylum,Fresh,1,1,Eleutheronema Tetradactylum | Fresh
Eleutheronema Tetradactylum - Fresh/IMG_20191016_072007.jpg,Eleutheronema Tetradactylum,Fresh,1,1,Eleutheronema Tetradactylum | Fresh
Eleutheronema Tetradactylum - Fresh/IMG_20191016_072022.jpg,Eleutheronema Tetradactylum,Fresh,1,1,Eleutheronema Tetradactylum | Fresh
Eleutheronema Tetradactylum - Fresh/IMG_20191016_072032.jpg,Eleutheronema Tetradactylum,Fresh,1,1,Eleutheronema Tetradactylum | Fresh
Eleutheronema Tetradactylum - Fresh/IMG_20191016_072106.jpg,Eleutheronema Tetradactylum,Fresh,1,1,Eleutheronema Tetradactylum | Fresh
Eleutheronema Tetradactylum - Fresh/IMG_20191016_072120.jpg,Eleutheronema Tetradactylum,Fresh,1,1,Eleutheronema Tetradactylum | Fresh
Eleutheronema Tetradactylum - Fresh/IMG_20191017_070728.jpg,Eleutheronema Tetradactylum,Fresh,1,1,Eleutheronema Tetradactylum | Fresh
Eleutheronema Tetradactylum - Fresh/IMG_20191017_070741.jpg,Eleutheronema Tetradactylum,Fresh,1,1,Eleutheronema Tetradactylum | Fresh
Eleutheronema Tetradactylum - Fresh/IMG_20191017_070813.jpg,Eleutheronema Tetradactylum,Fresh,1,1,Eleutheronema Tetradactylum | Fresh
Eleutheronema Tetradactylum - Fresh/IMG_20191017_070824.jpg,Eleutheronema Tetradactylum,Fresh,1,1,Eleutheronema Tetradactylum | Fresh
Eleutheronema Tetradactylum - Fresh/IMG_20191017_070934.jpg,Eleutheronema Tetradactylum,Fresh,1,1,Eleutheronema Tetradactylum | Fresh
Eleutheronema Tetradactylum - Fresh/IMG_20191017_070953.jpg,Eleutheronema Tetradactylum,Fresh,1,1,Eleutheronema Tetradactylum | Fresh
Eleutheronema Tetradactylum - Fresh/IMG_20191017_071023.jpg,Eleutheronema Tetradactylum,Fresh,1,1,Eleutheronema Tetradactylum | Fresh
Eleutheronema Tetradactylum - Fresh/IMG_20191017_071055.jpg,Eleutheronema Tetradactylum,Fresh,1,1,Eleutheronema Tetradactylum | Fresh
Eleutheronema Tetradactylum - Fresh/IMG_20191017_071136.jpg,Eleutheronema Tetradactylum,Fresh,1,1,Eleutheronema Tetradactylum | Fresh
Eleutheronema Tetradactylum - Fresh/IMG_20191017_071144.jpg,Eleutheronema Tetradactylum,Fresh,1,1,Eleutheronema Tetradactylum | Fresh
Eleutheronema Tetradactylum - Fresh/IMG_20191017_071215.jpg,Eleutheronema Tetradactylum,Fresh,1,1,Eleutheronema Tetradactylum | Fresh
Eleutheronema Tetradactylum - Fresh/IMG_20191017_071230.jpg,Eleutheronema Tetradactylum,Fresh,1,1,Eleutheronema Tetradactylum | Fresh
Eleutheronema Tetradactylum - Fresh/IMG_20191017_071246.jpg,Eleutheronema Tetradactylum,Fresh,1,1,Eleutheronema Tetradactylum | Fresh
Eleutheronema Tetradactylum - Fresh/IMG_20191017_071300.jpg,Eleutheronema Tetradactylum,Fresh,1,1,Eleutheronema Tetradactylum | Fresh
Eleutheronema Tetradactylum - Fresh/IMG_20191017_071327.jpg,Eleutheronema Tetradactylum,Fresh,1,1,Eleutheronema Tetradactylum | Fresh
Eleutheronema Tetradactylum - Fresh/IMG_20191017_071340.jpg,Eleutheronema Tetradactylum,Fresh,1,1,Eleutheronema Tetradactylum | Fresh
Eleutheronema Tetradactylum - Fresh/IMG_20191017_071425.jpg,Eleutheronema Tetradactylum,Fresh,1,1,Eleutheronema Tetradactylum | Fresh
Eleutheronema Tetradactylum - Fresh/IMG_20191017_071440.jpg,Eleutheronema Tetradactylum,Fresh,1,1,Eleutheronema Tetradactylum | Fresh
Eleutheronema Tetradactylum - Fresh/IMG_20191017_071504.jpg,Eleutheronema Tetradactylum,Fresh,1,1,Eleutheronema Tetradactylum | Fresh
Eleutheronema Tetradactylum - Fresh/IMG_20191017_071530.jpg,Eleutheronema Tetradactylum,Fresh,1,1,Eleutheronema Tetradactylum | Fresh
Eleutheronema Tetradactylum - Fresh/IMG_20191017_071545.jpg,Eleutheronema Tetradactylum,Fresh,1,1,Eleutheronema Tetradactylum | Fresh
Eleutheronema Tetradactylum - Fresh/IMG_20191017_071601.jpg,Eleutheronema Tetradactylum,Fresh,1,1,Eleutheronema Tetradactylum | Fresh
Eleutheronema Tetradactylum - Fresh/IMG_20191017_071626.jpg,Eleutheronema Tetradactylum,Fresh,1,1,Eleutheronema Tetradactylum | Fresh
Eleutheronema Tetradactylum - Fresh/IMG_20191017_071638.jpg,Eleutheronema Tetradactylum,Fresh,1,1,Eleutheronema Tetradactylum | Fresh
Eleutheronema Tetradactylum - Fresh/IMG_20191017_071709.jpg,Eleutheronema Tetradactylum,Fresh,1,1,Eleutheronema Tetradactylum | Fresh
Eleutheronema Tetradactylum - Fresh/IMG_20191017_071727.jpg,Eleutheronema Tetradactylum,Fresh,1,1,Eleutheronema Tetradactylum | Fresh
Eleutheronema Tetradactylum - Fresh/IMG_20191017_071747.jpg,Eleutheronema Tetradactylum,Fresh,1,1,Eleutheronema Tetradactylum | Fresh
Eleutheronema Tetradactylum - Fresh/IMG_20191017_071809.jpg,Eleutheronema Tetradactylum,Fresh,1,1,Eleutheronema Tetradactylum | Fresh
Eleutheronema Tetradactylum - Fresh/IMG_20191017_071822.jpg,Eleutheronema Tetradactylum,Fresh,1,1,Eleutheronema Tetradactylum | Fresh
Eleutheronema Tetradactylum - Fresh/IMG_20191017_071832.jpg,Eleutheronema Tetradactylum,Fresh,1,1,Eleutheronema Tetradactylum | Fresh
Eleutheronema Tetradactylum - Fresh/IMG_20191017_071858.jpg,Eleutheronema Tetradactylum,Fresh,1,1,Eleutheronema Tetradactylum | Fresh
Eleutheronema Tetradactylum - Fresh/IMG_20191017_071930.jpg,Eleutheronema Tetradactylum,Fresh,1,1,Eleutheronema Tetradactylum | Fresh
Eleutheronema Tetradactylum - Fresh/IMG_20191017_072006.jpg,Eleutheronema Tetradactylum,Fresh,1,1,Eleutheronema Tetradactylum | Fresh
Eleutheronema Tetradactylum - Fresh/IMG_20191017_072018.jpg,Eleutheronema Tetradactylum,Fresh,1,1,Eleutheronema Tetradactylum | Fresh
Eleutheronema Tetradactylum - Fresh/IMG_20191017_072039.jpg,Eleutheronema Tetradactylum,Fresh,1,1,Eleutheronema Tetradactylum | Fresh
Eleutheronema Tetradactylum - Fresh/IMG_20191017_072055.jpg,Eleutheronema Tetradactylum,Fresh,1,1,Eleutheronema Tetradactylum | Fresh
Eleutheronema Tetradactylum - Fresh/IMG_20191017_072110.jpg,Eleutheronema Tetradactylum,Fresh,1,1,Eleutheronema Tetradactylum | Fresh
Eleutheronema Tetradactylum - Fresh/IMG_20191017_072120.jpg,Eleutheronema Tetradactylum,Fresh,1,1,Eleutheronema Tetradactylum | Fresh
Eleutheronema Tetradactylum - Fresh/IMG_20191017_072208.jpg,Eleutheronema Tetradactylum,Fresh,1,1,Eleutheronema Tetradactylum | Fresh
Eleutheronema Tetradactylum - Fresh/IMG_20191017_072222.jpg,Eleutheronema Tetradactylum,Fresh,1,1,Eleutheronema Tetradactylum | Fresh
Eleutheronema Tetradactylum - Highly Fresh/IMG_20191014_072038.jpg,Eleutheronema Tetradactylum,Highly Fresh,1,0,Eleutheronema Tetradactylum | Highly Fresh
Eleutheronema Tetradactylum - Highly Fresh/IMG_20191014_072051.jpg,Eleutheronema Tetradactylum,Highly Fresh,1,0,Eleutheronema Tetradactylum | Highly Fresh
Eleutheronema Tetradactylum - Highly Fresh/IMG_20191014_072108.jpg,Eleutheronema Tetradactylum,Highly Fresh,1,0,Eleutheronema Tetradactylum | Highly Fresh
Eleutheronema Tetradactylum - Highly Fresh/IMG_20191014_072129.jpg,Eleutheronema Tetradactylum,Highly Fresh,1,0,Eleutheronema Tetradactylum | Highly Fresh
Eleutheronema Tetradactylum - Highly Fresh/IMG_20191014_072150.jpg,Eleutheronema Tetradactylum,Highly Fresh,1,0,Eleutheronema Tetradactylum | Highly Fresh
Eleutheronema Tetradactylum - Highly Fresh/IMG_20191014_072201.jpg,Eleutheronema Tetradactylum,Highly Fresh,1,0,Eleutheronema Tetradactylum | Highly Fresh
Eleutheronema Tetradactylum - Highly Fresh/IMG_20191014_072226.jpg,Eleutheronema Tetradactylum,Highly Fresh,1,0,Eleutheronema Tetradactylum | Highly Fresh
Eleutheronema Tetradactylum - Highly Fresh/IMG_20191014_072235.jpg,Eleutheronema Tetradactylum,Highly Fresh,1,0,Eleutheronema Tetradactylum | Highly Fresh
Eleutheronema Tetradactylum - Highly Fresh/IMG_20191014_072316.jpg,Eleutheronema Tetradactylum,Highly Fresh,1,0,Eleutheronema Tetradactylum | Highly Fresh
Eleutheronema Tetradactylum - Highly Fresh/IMG_20191014_072327.jpg,Eleutheronema Tetradactylum,Highly Fresh,1,0,Eleutheronema Tetradactylum | Highly Fresh
Eleutheronema Tetradactylum - Highly Fresh/IMG_20191014_072348.jpg,Eleutheronema Tetradactylum,Highly Fresh,1,0,Eleutheronema Tetradactylum | Highly Fresh
Eleutheronema Tetradactylum - Highly Fresh/IMG_20191014_072400.jpg,Eleutheronema Tetradactylum,Highly Fresh,1,0,Eleutheronema Tetradactylum | Highly Fresh
Eleutheronema Tetradactylum - Highly Fresh/IMG_20191014_072410.jpg,Eleutheronema Tetradactylum,Highly Fresh,1,0,Eleutheronema Tetradactylum | Highly Fresh
Eleutheronema Tetradactylum - Highly Fresh/IMG_20191014_072418.jpg,Eleutheronema Tetradactylum,Highly Fresh,1,0,Eleutheronema Tetradactylum | Highly Fresh
Eleutheronema Tetradactylum - Highly Fresh/IMG_20191014_072438.jpg,Eleutheronema Tetradactylum,Highly Fresh,1,0,Eleutheronema Tetradactylum | Highly Fresh
Eleutheronema Tetradactylum - Highly Fresh/IMG_20191014_072449.jpg,Eleutheronema Tetradactylum,Highly Fresh,1,0,Eleutheronema Tetradactylum | Highly Fresh
Eleutheronema Tetradactylum - Highly Fresh/IMG_20191014_072520.jpg,Eleutheronema Tetradactylum,Highly Fresh,1,0,Eleutheronema Tetradactylum | Highly Fresh
Eleutheronema Tetradactylum - Highly Fresh/IMG_20191014_072529.jpg,Eleutheronema Tetradactylum,Highly Fresh,1,0,Eleutheronema Tetradactylum | Highly Fresh
Eleutheronema Tetradactylum - Highly Fresh/IMG_20191014_072547.jpg,Eleutheronema Tetradactylum,Highly Fresh,1,0,Eleutheronema Tetradactylum | Highly Fresh
Eleutheronema Tetradactylum - Highly Fresh/IMG_20191014_072602.jpg,Eleutheronema Tetradactylum,Highly Fresh,1,0,Eleutheronema Tetradactylum | Highly Fresh
Eleutheronema Tetradactylum - Highly Fresh/IMG_20191014_072614.jpg,Eleutheronema Tetradactylum,Highly Fresh,1,0,Eleutheronema Tetradactylum | Highly Fresh
Eleutheronema Tetradactylum - Highly Fresh/IMG_20191014_072625.jpg,Eleutheronema Tetradactylum,Highly Fresh,1,0,Eleutheronema Tetradactylum | Highly Fresh
Eleutheronema Tetradactylum - Highly Fresh/IMG_20191014_072642.jpg,Eleutheronema Tetradactylum,Highly Fresh,1,0,Eleutheronema Tetradactylum | Highly Fresh
Eleutheronema Tetradactylum - Highly Fresh/IMG_20191014_072649.jpg,Eleutheronema Tetradactylum,Highly Fresh,1,0,Eleutheronema Tetradactylum | Highly Fresh
Eleutheronema Tetradactylum - Highly Fresh/IMG_20191014_072720.jpg,Eleutheronema Tetradactylum,Highly Fresh,1,0,Eleutheronema Tetradactylum | Highly Fresh
Eleutheronema Tetradactylum - Highly Fresh/IMG_20191014_072731.jpg,Eleutheronema Tetradactylum,Highly Fresh,1,0,Eleutheronema Tetradactylum | Highly Fresh
Eleutheronema Tetradactylum - Highly Fresh/IMG_20191014_072742.jpg,Eleutheronema Tetradactylum,Highly Fresh,1,0,Eleutheronema Tetradactylum | Highly Fresh
Eleutheronema Tetradactylum - Highly Fresh/IMG_20191014_072754.jpg,Eleutheronema Tetradactylum,Highly Fresh,1,0,Eleutheronema Tetradactylum | Highly Fresh
Eleutheronema Tetradactylum - Highly Fresh/IMG_20191014_072806.jpg,Eleutheronema Tetradactylum,Highly Fresh,1,0,Eleutheronema Tetradactylum | Highly Fresh
Eleutheronema Tetradactylum - Highly Fresh/IMG_20191014_072813.jpg,Eleutheronema Tetradactylum,Highly Fresh,1,0,Eleutheronema Tetradactylum | Highly Fresh
Eleutheronema Tetradactylum - Highly Fresh/IMG_20191014_072832.jpg,Eleutheronema Tetradactylum,Highly Fresh,1,0,Eleutheronema Tetradactylum | Highly Fresh
Eleutheronema Tetradactylum - Highly Fresh/IMG_20191014_072841.jpg,Eleutheronema Tetradactylum,Highly Fresh,1,0,Eleutheronema Tetradactylum | Highly Fresh
Eleutheronema Tetradactylum - Highly Fresh/IMG_20191014_072915.jpg,Eleutheronema Tetradactylum,Highly Fresh,1,0,Eleutheronema Tetradactylum | Highly Fresh
Eleutheronema Tetradactylum - Highly Fresh/IMG_20191014_072922.jpg,Eleutheronema Tetradactylum,Highly Fresh,1,0,Eleutheronema Tetradactylum | Highly Fresh
Eleutheronema Tetradactylum - Highly Fresh/IMG_20191014_072934.jpg,Eleutheronema Tetradactylum,Highly Fresh,1,0,Eleutheronema Tetradactylum | Highly Fresh
Eleutheronema Tetradactylum - Highly Fresh/IMG_20191014_072943.jpg,Eleutheronema Tetradactylum,Highly Fresh,1,0,Eleutheronema Tetradactylum | Highly Fresh
Eleutheronema Tetradactylum - Highly Fresh/IMG_20191014_072958.jpg,Eleutheronema Tetradactylum,Highly Fresh,1,0,Eleutheronema Tetradactylum | Highly Fresh
Eleutheronema Tetradactylum - Highly Fresh/IMG_20191014_073006.jpg,Eleutheronema Tetradactylum,Highly Fresh,1,0,Eleutheronema Tetradactylum | Highly Fresh
Eleutheronema Tetradactylum - Highly Fresh/IMG_20191014_073017.jpg,Eleutheronema Tetradactylum,Highly Fresh,1,0,Eleutheronema Tetradactylum | Highly Fresh
Eleutheronema Tetradactylum - Highly Fresh/IMG_20191014_073023.jpg,Eleutheronema Tetradactylum,Highly Fresh,1,0,Eleutheronema Tetradactylum | Highly Fresh
Eleutheronema Tetradactylum - Highly Fresh/IMG_20191015_070833.jpg,Eleutheronema Tetradactylum,Highly Fresh,1,0,Eleutheronema Tetradactylum | Highly Fresh
Eleutheronema Tetradactylum - Highly Fresh/IMG_20191015_070852.jpg,Eleutheronema Tetradactylum,Highly Fresh,1,0,Eleutheronema Tetradactylum | Highly Fresh
Eleutheronema Tetradactylum - Highly Fresh/IMG_20191015_071045.jpg,Eleutheronema Tetradactylum,Highly Fresh,1,0,Eleutheronema Tetradactylum | Highly Fresh
Eleutheronema Tetradactylum - Highly Fresh/IMG_20191015_071103.jpg,Eleutheronema Tetradactylum,Highly Fresh,1,0,Eleutheronema Tetradactylum | Highly Fresh
Eleutheronema Tetradactylum - Highly Fresh/IMG_20191015_071151.jpg,Eleutheronema Tetradactylum,Highly Fresh,1,0,Eleutheronema Tetradactylum | Highly Fresh
Eleutheronema Tetradactylum - Highly Fresh/IMG_20191015_071202.jpg,Eleutheronema Tetradactylum,Highly Fresh,1,0,Eleutheronema Tetradactylum | Highly Fresh
Eleutheronema Tetradactylum - Highly Fresh/IMG_20191015_071231.jpg,Eleutheronema Tetradactylum,Highly Fresh,1,0,Eleutheronema Tetradactylum | Highly Fresh
Eleutheronema Tetradactylum - Highly Fresh/IMG_20191015_071241.jpg,Eleutheronema Tetradactylum,Highly Fresh,1,0,Eleutheronema Tetradactylum | Highly Fresh
Eleutheronema Tetradactylum - Highly Fresh/IMG_20191015_071326.jpg,Eleutheronema Tetradactylum,Highly Fresh,1,0,Eleutheronema Tetradactylum | Highly Fresh
Eleutheronema Tetradactylum - Highly Fresh/IMG_20191015_071334.jpg,Eleutheronema Tetradactylum,Highly Fresh,1,0,Eleutheronema Tetradactylum | Highly Fresh
Eleutheronema Tetradactylum - Highly Fresh/IMG_20191015_071357.jpg,Eleutheronema Tetradactylum,Highly Fresh,1,0,Eleutheronema Tetradactylum | Highly Fresh
Eleutheronema Tetradactylum - Highly Fresh/IMG_20191015_071410.jpg,Eleutheronema Tetradactylum,Highly Fresh,1,0,Eleutheronema Tetradactylum | Highly Fresh
Eleutheronema Tetradactylum - Highly Fresh/IMG_20191015_071428.jpg,Eleutheronema Tetradactylum,Highly Fresh,1,0,Eleutheronema Tetradactylum | Highly Fresh
Eleutheronema Tetradactylum - Highly Fresh/IMG_20191015_071446.jpg,Eleutheronema Tetradactylum,Highly Fresh,1,0,Eleutheronema Tetradactylum | Highly Fresh
Eleutheronema Tetradactylum - Highly Fresh/IMG_20191015_071510.jpg,Eleutheronema Tetradactylum,Highly Fresh,1,0,Eleutheronema Tetradactylum | Highly Fresh
Eleutheronema Tetradactylum - Highly Fresh/IMG_20191015_071519.jpg,Eleutheronema Tetradactylum,Highly Fresh,1,0,Eleutheronema Tetradactylum | Highly Fresh
Eleutheronema Tetradactylum - Highly Fresh/IMG_20191015_071556.jpg,Eleutheronema Tetradactylum,Highly Fresh,1,0,Eleutheronema Tetradactylum | Highly Fresh
Eleutheronema Tetradactylum - Highly Fresh/IMG_20191015_071605.jpg,Eleutheronema Tetradactylum,Highly Fresh,1,0,Eleutheronema Tetradactylum | Highly Fresh
Eleutheronema Tetradactylum - Highly Fresh/IMG_20191015_071620.jpg,Eleutheronema Tetradactylum,Highly Fresh,1,0,Eleutheronema Tetradactylum | Highly Fresh
Eleutheronema Tetradactylum - Highly Fresh/IMG_20191015_071645.jpg,Eleutheronema Tetradactylum,Highly Fresh,1,0,Eleutheronema Tetradactylum | Highly Fresh
Eleutheronema Tetradactylum - Highly Fresh/IMG_20191015_071702.jpg,Eleutheronema Tetradactylum,Highly Fresh,1,0,Eleutheronema Tetradactylum | Highly Fresh
Eleutheronema Tetradactylum - Highly Fresh/IMG_20191015_071718.jpg,Eleutheronema Tetradactylum,Highly Fresh,1,0,Eleutheronema Tetradactylum | Highly Fresh
Eleutheronema Tetradactylum - Highly Fresh/IMG_20191015_071737.jpg,Eleutheronema Tetradactylum,Highly Fresh,1,0,Eleutheronema Tetradactylum | Highly Fresh
Eleutheronema Tetradactylum - Highly Fresh/IMG_20191015_071745.jpg,Eleutheronema Tetradactylum,Highly Fresh,1,0,Eleutheronema Tetradactylum | Highly Fresh
Eleutheronema Tetradactylum - Highly Fresh/IMG_20191015_071822.jpg,Eleutheronema Tetradactylum,Highly Fresh,1,0,Eleutheronema Tetradactylum | Highly Fresh
Eleutheronema Tetradactylum - Highly Fresh/IMG_20191015_071835.jpg,Eleutheronema Tetradactylum,Highly Fresh,1,0,Eleutheronema Tetradactylum | Highly Fresh
Eleutheronema Tetradactylum - Highly Fresh/IMG_20191015_071854.jpg,Eleutheronema Tetradactylum,Highly Fresh,1,0,Eleutheronema Tetradactylum | Highly Fresh
Eleutheronema Tetradactylum - Highly Fresh/IMG_20191015_071906.jpg,Eleutheronema Tetradactylum,Highly Fresh,1,0,Eleutheronema Tetradactylum | Highly Fresh
Eleutheronema Tetradactylum - Highly Fresh/IMG_20191015_071919.jpg,Eleutheronema Tetradactylum,Highly Fresh,1,0,Eleutheronema Tetradactylum | Highly Fresh
Eleutheronema Tetradactylum - Highly Fresh/IMG_20191015_071927.jpg,Eleutheronema Tetradactylum,Highly Fresh,1,0,Eleutheronema Tetradactylum | Highly Fresh
Eleutheronema Tetradactylum - Highly Fresh/IMG_20191015_071947.jpg,Eleutheronema Tetradactylum,Highly Fresh,1,0,Eleutheronema Tetradactylum | Highly Fresh
Eleutheronema Tetradactylum - Highly Fresh/IMG_20191015_071958.jpg,Eleutheronema Tetradactylum,Highly Fresh,1,0,Eleutheronema Tetradactylum | Highly Fresh
Eleutheronema Tetradactylum - Highly Fresh/IMG_20191015_072033.jpg,Eleutheronema Tetradactylum,Highly Fresh,1,0,Eleutheronema Tetradactylum | Highly Fresh
Eleutheronema Tetradactylum - Highly Fresh/IMG_20191015_072040.jpg,Eleutheronema Tetradactylum,Highly Fresh,1,0,Eleutheronema Tetradactylum | Highly Fresh
Eleutheronema Tetradactylum - Highly Fresh/IMG_20191015_072052.jpg,Eleutheronema Tetradactylum,Highly Fresh,1,0,Eleutheronema Tetradactylum | Highly Fresh
Eleutheronema Tetradactylum - Highly Fresh/IMG_20191015_072104.jpg,Eleutheronema Tetradactylum,Highly Fresh,1,0,Eleutheronema Tetradactylum | Highly Fresh
Eleutheronema Tetradactylum - Highly Fresh/IMG_20191015_072122.jpg,Eleutheronema Tetradactylum,Highly Fresh,1,0,Eleutheronema Tetradactylum | Highly Fresh
Eleutheronema Tetradactylum - Highly Fresh/IMG_20191015_072131.jpg,Eleutheronema Tetradactylum,Highly Fresh,1,0,Eleutheronema Tetradactylum | Highly Fresh
Eleutheronema Tetradactylum - Highly Fresh/IMG_20191015_072146.jpg,Eleutheronema Tetradactylum,Highly Fresh,1,0,Eleutheronema Tetradactylum | Highly Fresh
Eleutheronema Tetradactylum - Highly Fresh/IMG_20191015_072200.jpg,Eleutheronema Tetradactylum,Highly Fresh,1,0,Eleutheronema Tetradactylum | Highly Fresh
Eleutheronema Tetradactylum - Not Fresh/IMG_20191018_061207.jpg,Eleutheronema Tetradactylum,Not Fresh,1,2,Eleutheronema Tetradactylum | Not Fresh
Eleutheronema Tetradactylum - Not Fresh/IMG_20191018_061231.jpg,Eleutheronema Tetradactylum,Not Fresh,1,2,Eleutheronema Tetradactylum | Not Fresh
Eleutheronema Tetradactylum - Not Fresh/IMG_20191018_061258.jpg,Eleutheronema Tetradactylum,Not Fresh,1,2,Eleutheronema Tetradactylum | Not Fresh
Eleutheronema Tetradactylum - Not Fresh/IMG_20191018_061319.jpg,Eleutheronema Tetradactylum,Not Fresh,1,2,Eleutheronema Tetradactylum | Not Fresh
Eleutheronema Tetradactylum - Not Fresh/IMG_20191018_061329.jpg,Eleutheronema Tetradactylum,Not Fresh,1,2,Eleutheronema Tetradactylum | Not Fresh
Eleutheronema Tetradactylum - Not Fresh/IMG_20191018_061337.jpg,Eleutheronema Tetradactylum,Not Fresh,1,2,Eleutheronema Tetradactylum | Not Fresh
Eleutheronema Tetradactylum - Not Fresh/IMG_20191018_061351.jpg,Eleutheronema Tetradactylum,Not Fresh,1,2,Eleutheronema Tetradactylum | Not Fresh
Eleutheronema Tetradactylum - Not Fresh/IMG_20191018_061359.jpg,Eleutheronema Tetradactylum,Not Fresh,1,2,Eleutheronema Tetradactylum | Not Fresh
Eleutheronema Tetradactylum - Not Fresh/IMG_20191018_061432.jpg,Eleutheronema Tetradactylum,Not Fresh,1,2,Eleutheronema Tetradactylum | Not Fresh
Eleutheronema Tetradactylum - Not Fresh/IMG_20191018_061444.jpg,Eleutheronema Tetradactylum,Not Fresh,1,2,Eleutheronema Tetradactylum | Not Fresh
Eleutheronema Tetradactylum - Not Fresh/IMG_20191018_061503.jpg,Eleutheronema Tetradactylum,Not Fresh,1,2,Eleutheronema Tetradactylum | Not Fresh
Eleutheronema Tetradactylum - Not Fresh/IMG_20191018_061519.jpg,Eleutheronema Tetradactylum,Not Fresh,1,2,Eleutheronema Tetradactylum | Not Fresh
Eleutheronema Tetradactylum - Not Fresh/IMG_20191018_061531.jpg,Eleutheronema Tetradactylum,Not Fresh,1,2,Eleutheronema Tetradactylum | Not Fresh
Eleutheronema Tetradactylum - Not Fresh/IMG_20191018_061539.jpg,Eleutheronema Tetradactylum,Not Fresh,1,2,Eleutheronema Tetradactylum | Not Fresh
Eleutheronema Tetradactylum - Not Fresh/IMG_20191018_061554.jpg,Eleutheronema Tetradactylum,Not Fresh,1,2,Eleutheronema Tetradactylum | Not Fresh
Eleutheronema Tetradactylum - Not Fresh/IMG_20191018_061605.jpg,Eleutheronema Tetradactylum,Not Fresh,1,2,Eleutheronema Tetradactylum | Not Fresh
Eleutheronema Tetradactylum - Not Fresh/IMG_20191018_061643.jpg,Eleutheronema Tetradactylum,Not Fresh,1,2,Eleutheronema Tetradactylum | Not Fresh
Eleutheronema Tetradactylum - Not Fresh/IMG_20191018_061653.jpg,Eleutheronema Tetradactylum,Not Fresh,1,2,Eleutheronema Tetradactylum | Not Fresh
Eleutheronema Tetradactylum - Not Fresh/IMG_20191018_061708.jpg,Eleutheronema Tetradactylum,Not Fresh,1,2,Eleutheronema Tetradactylum | Not Fresh
Eleutheronema Tetradactylum - Not Fresh/IMG_20191018_061724.jpg,Eleutheronema Tetradactylum,Not Fresh,1,2,Eleutheronema Tetradactylum | Not Fresh
Eleutheronema Tetradactylum - Not Fresh/IMG_20191018_061739.jpg,Eleutheronema Tetradactylum,Not Fresh,1,2,Eleutheronema Tetradactylum | Not Fresh
Eleutheronema Tetradactylum - Not Fresh/IMG_20191018_061748.jpg,Eleutheronema Tetradactylum,Not Fresh,1,2,Eleutheronema Tetradactylum | Not Fresh
Eleutheronema Tetradactylum - Not Fresh/IMG_20191018_061811.jpg,Eleutheronema Tetradactylum,Not Fresh,1,2,Eleutheronema Tetradactylum | Not Fresh
Eleutheronema Tetradactylum - Not Fresh/IMG_20191018_061827.jpg,Eleutheronema Tetradactylum,Not Fresh,1,2,Eleutheronema Tetradactylum | Not Fresh
Eleutheronema Tetradactylum - Not Fresh/IMG_20191018_061913.jpg,Eleutheronema Tetradactylum,Not Fresh,1,2,Eleutheronema Tetradactylum | Not Fresh
Eleutheronema Tetradactylum - Not Fresh/IMG_20191018_061933.jpg,Eleutheronema Tetradactylum,Not Fresh,1,2,Eleutheronema Tetradactylum | Not Fresh
Eleutheronema Tetradactylum - Not Fresh/IMG_20191018_062002.jpg,Eleutheronema Tetradactylum,Not Fresh,1,2,Eleutheronema Tetradactylum | Not Fresh
Eleutheronema Tetradactylum - Not Fresh/IMG_20191018_062029.jpg,Eleutheronema Tetradactylum,Not Fresh,1,2,Eleutheronema Tetradactylum | Not Fresh
Eleutheronema Tetradactylum - Not Fresh/IMG_20191018_062044.jpg,Eleutheronema Tetradactylum,Not Fresh,1,2,Eleutheronema Tetradactylum | Not Fresh
Eleutheronema Tetradactylum - Not Fresh/IMG_20191018_062053.jpg,Eleutheronema Tetradactylum,Not Fresh,1,2,Eleutheronema Tetradactylum | Not Fresh
Eleutheronema Tetradactylum - Not Fresh/IMG_20191018_062106.jpg,Eleutheronema Tetradactylum,Not Fresh,1,2,Eleutheronema Tetradactylum | Not Fresh
Eleutheronema Tetradactylum - Not Fresh/IMG_20191018_062123.jpg,Eleutheronema Tetradactylum,Not Fresh,1,2,Eleutheronema Tetradactylum | Not Fresh
Eleutheronema Tetradactylum - Not Fresh/IMG_20191018_062148.jpg,Eleutheronema Tetradactylum,Not Fresh,1,2,Eleutheronema Tetradactylum | Not Fresh
Eleutheronema Tetradactylum - Not Fresh/IMG_20191018_062155.jpg,Eleutheronema Tetradactylum,Not Fresh,1,2,Eleutheronema Tetradactylum | Not Fresh
Eleutheronema Tetradactylum - Not Fresh/IMG_20191018_062213.jpg,Eleutheronema Tetradactylum,Not Fresh,1,2,Eleutheronema Tetradactylum | Not Fresh
Eleutheronema Tetradactylum - Not Fresh/IMG_20191018_062229.jpg,Eleutheronema Tetradactylum,Not Fresh,1,2,Eleutheronema Tetradactylum | Not Fresh
Eleutheronema Tetradactylum - Not Fresh/IMG_20191018_062245.jpg,Eleutheronema Tetradactylum,Not Fresh,1,2,Eleutheronema Tetradactylum | Not Fresh
Eleutheronema Tetradactylum - Not Fresh/IMG_20191018_062300.jpg,Eleutheronema Tetradactylum,Not Fresh,1,2,Eleutheronema Tetradactylum | Not Fresh
Eleutheronema Tetradactylum - Not Fresh/IMG_20191018_062334.jpg,Eleutheronema Tetradactylum,Not Fresh,1,2,Eleutheronema Tetradactylum | Not Fresh
Eleutheronema Tetradactylum - Not Fresh/IMG_20191018_062343.jpg,Eleutheronema Tetradactylum,Not Fresh,1,2,Eleutheronema Tetradactylum | Not Fresh
Eleutheronema Tetradactylum - Not Fresh/IMG_20191019_063257.jpg,Eleutheronema Tetradactylum,Not Fresh,1,2,Eleutheronema Tetradactylum | Not Fresh
Eleutheronema Tetradactylum - Not Fresh/IMG_20191019_063309.jpg,Eleutheronema Tetradactylum,Not Fresh,1,2,Eleutheronema Tetradactylum | Not Fresh
Eleutheronema Tetradactylum - Not Fresh/IMG_20191019_063330.jpg,Eleutheronema Tetradactylum,Not Fresh,1,2,Eleutheronema Tetradactylum | Not Fresh
Eleutheronema Tetradactylum - Not Fresh/IMG_20191019_063357.jpg,Eleutheronema Tetradactylum,Not Fresh,1,2,Eleutheronema Tetradactylum | Not Fresh
Eleutheronema Tetradactylum - Not Fresh/IMG_20191019_063411.jpg,Eleutheronema Tetradactylum,Not Fresh,1,2,Eleutheronema Tetradactylum | Not Fresh
Eleutheronema Tetradactylum - Not Fresh/IMG_20191019_063421.jpg,Eleutheronema Tetradactylum,Not Fresh,1,2,Eleutheronema Tetradactylum | Not Fresh
Eleutheronema Tetradactylum - Not Fresh/IMG_20191019_063444.jpg,Eleutheronema Tetradactylum,Not Fresh,1,2,Eleutheronema Tetradactylum | Not Fresh
Eleutheronema Tetradactylum - Not Fresh/IMG_20191019_063456.jpg,Eleutheronema Tetradactylum,Not Fresh,1,2,Eleutheronema Tetradactylum | Not Fresh
Eleutheronema Tetradactylum - Not Fresh/IMG_20191019_063558.jpg,Eleutheronema Tetradactylum,Not Fresh,1,2,Eleutheronema Tetradactylum | Not Fresh
Eleutheronema Tetradactylum - Not Fresh/IMG_20191019_063620.jpg,Eleutheronema Tetradactylum,Not Fresh,1,2,Eleutheronema Tetradactylum | Not Fresh
Eleutheronema Tetradactylum - Not Fresh/IMG_20191019_063642.jpg,Eleutheronema Tetradactylum,Not Fresh,1,2,Eleutheronema Tetradactylum | Not Fresh
Eleutheronema Tetradactylum - Not Fresh/IMG_20191019_063659.jpg,Eleutheronema Tetradactylum,Not Fresh,1,2,Eleutheronema Tetradactylum | Not Fresh
Eleutheronema Tetradactylum - Not Fresh/IMG_20191019_063720.jpg,Eleutheronema Tetradactylum,Not Fresh,1,2,Eleutheronema Tetradactylum | Not Fresh
Eleutheronema Tetradactylum - Not Fresh/IMG_20191019_063732.jpg,Eleutheronema Tetradactylum,Not Fresh,1,2,Eleutheronema Tetradactylum | Not Fresh
Eleutheronema Tetradactylum - Not Fresh/IMG_20191019_063800.jpg,Eleutheronema Tetradactylum,Not Fresh,1,2,Eleutheronema Tetradactylum | Not Fresh
Eleutheronema Tetradactylum - Not Fresh/IMG_20191019_063819.jpg,Eleutheronema Tetradactylum,Not Fresh,1,2,Eleutheronema Tetradactylum | Not Fresh
Eleutheronema Tetradactylum - Not Fresh/IMG_20191019_063909.jpg,Eleutheronema Tetradactylum,Not Fresh,1,2,Eleutheronema Tetradactylum | Not Fresh
Eleutheronema Tetradactylum - Not Fresh/IMG_20191019_063924.jpg,Eleutheronema Tetradactylum,Not Fresh,1,2,Eleutheronema Tetradactylum | Not Fresh
Eleutheronema Tetradactylum - Not Fresh/IMG_20191019_063950.jpg,Eleutheronema Tetradactylum,Not Fresh,1,2,Eleutheronema Tetradactylum | Not Fresh
Eleutheronema Tetradactylum - Not Fresh/IMG_20191019_064007.jpg,Eleutheronema Tetradactylum,Not Fresh,1,2,Eleutheronema Tetradactylum | Not Fresh
Eleutheronema Tetradactylum - Not Fresh/IMG_20191019_064021.jpg,Eleutheronema Tetradactylum,Not Fresh,1,2,Eleutheronema Tetradactylum | Not Fresh
Eleutheronema Tetradactylum - Not Fresh/IMG_20191019_064029.jpg,Eleutheronema Tetradactylum,Not Fresh,1,2,Eleutheronema Tetradactylum | Not Fresh
Eleutheronema Tetradactylum - Not Fresh/IMG_20191019_064052.jpg,Eleutheronema Tetradactylum,Not Fresh,1,2,Eleutheronema Tetradactylum | Not Fresh
Eleutheronema Tetradactylum - Not Fresh/IMG_20191019_064104.jpg,Eleutheronema Tetradactylum,Not Fresh,1,2,Eleutheronema Tetradactylum | Not Fresh
Eleutheronema Tetradactylum - Not Fresh/IMG_20191019_064153.jpg,Eleutheronema Tetradactylum,Not Fresh,1,2,Eleutheronema Tetradactylum | Not Fresh
Eleutheronema Tetradactylum - Not Fresh/IMG_20191019_064207.jpg,Eleutheronema Tetradactylum,Not Fresh,1,2,Eleutheronema Tetradactylum | Not Fresh
Eleutheronema Tetradactylum - Not Fresh/IMG_20191019_064230.jpg,Eleutheronema Tetradactylum,Not Fresh,1,2,Eleutheronema Tetradactylum | Not Fresh
Eleutheronema Tetradactylum - Not Fresh/IMG_20191019_064244.jpg,Eleutheronema Tetradactylum,Not Fresh,1,2,Eleutheronema Tetradactylum | Not Fresh
Eleutheronema Tetradactylum - Not Fresh/IMG_20191019_064258.jpg,Eleutheronema Tetradactylum,Not Fresh,1,2,Eleutheronema Tetradactylum | Not Fresh
Eleutheronema Tetradactylum - Not Fresh/IMG_20191019_064309.jpg,Eleutheronema Tetradactylum,Not Fresh,1,2,Eleutheronema Tetradactylum | Not Fresh
Eleutheronema Tetradactylum - Not Fresh/IMG_20191019_064331.jpg,Eleutheronema Tetradactylum,Not Fresh,1,2,Eleutheronema Tetradactylum | Not Fresh
Eleutheronema Tetradactylum - Not Fresh/IMG_20191019_064340.jpg,Eleutheronema Tetradactylum,Not Fresh,1,2,Eleutheronema Tetradactylum | Not Fresh
Eleutheronema Tetradactylum - Not Fresh/IMG_20191019_064417.jpg,Eleutheronema Tetradactylum,Not Fresh,1,2,Eleutheronema Tetradactylum | Not Fresh
Eleutheronema Tetradactylum - Not Fresh/IMG_20191019_064426.jpg,Eleutheronema Tetradactylum,Not Fresh,1,2,Eleutheronema Tetradactylum | Not Fresh
Eleutheronema Tetradactylum - Not Fresh/IMG_20191019_064459.jpg,Eleutheronema Tetradactylum,Not Fresh,1,2,Eleutheronema Tetradactylum | Not Fresh
Eleutheronema Tetradactylum - Not Fresh/IMG_20191019_064518.jpg,Eleutheronema Tetradactylum,Not Fresh,1,2,Eleutheronema Tetradactylum | Not Fresh
Eleutheronema Tetradactylum - Not Fresh/IMG_20191019_064532.jpg,Eleutheronema Tetradactylum,Not Fresh,1,2,Eleutheronema Tetradactylum | Not Fresh
Eleutheronema Tetradactylum - Not Fresh/IMG_20191019_064545.jpg,Eleutheronema Tetradactylum,Not Fresh,1,2,Eleutheronema Tetradactylum | Not Fresh
Eleutheronema Tetradactylum - Not Fresh/IMG_20191019_064614.jpg,Eleutheronema Tetradactylum,Not Fresh,1,2,Eleutheronema Tetradactylum | Not Fresh
Eleutheronema Tetradactylum - Not Fresh/IMG_20191019_064624.jpg,Eleutheronema Tetradactylum,Not Fresh,1,2,Eleutheronema Tetradactylum | Not Fresh
Johnius Trachycephalus - Fresh/IMG_20191016_065303.jpg,Johnius Trachycephalus,Fresh,2,1,Johnius Trachycephalus | Fresh
Johnius Trachycephalus - Fresh/IMG_20191016_065312.jpg,Johnius Trachycephalus,Fresh,2,1,Johnius Trachycephalus | Fresh
Johnius Trachycephalus - Fresh/IMG_20191016_065329.jpg,Johnius Trachycephalus,Fresh,2,1,Johnius Trachycephalus | Fresh
Johnius Trachycephalus - Fresh/IMG_20191016_065355.jpg,Johnius Trachycephalus,Fresh,2,1,Johnius Trachycephalus | Fresh
Johnius Trachycephalus - Fresh/IMG_20191016_065422.jpg,Johnius Trachycephalus,Fresh,2,1,Johnius Trachycephalus | Fresh
Johnius Trachycephalus - Fresh/IMG_20191016_065441.jpg,Johnius Trachycephalus,Fresh,2,1,Johnius Trachycephalus | Fresh
Johnius Trachycephalus - Fresh/IMG_20191016_065503.jpg,Johnius Trachycephalus,Fresh,2,1,Johnius Trachycephalus | Fresh
Johnius Trachycephalus - Fresh/IMG_20191016_065513.jpg,Johnius Trachycephalus,Fresh,2,1,Johnius Trachycephalus | Fresh
Johnius Trachycephalus - Fresh/IMG_20191016_065557.jpg,Johnius Trachycephalus,Fresh,2,1,Johnius Trachycephalus | Fresh
Johnius Trachycephalus - Fresh/IMG_20191016_065609.jpg,Johnius Trachycephalus,Fresh,2,1,Johnius Trachycephalus | Fresh
Johnius Trachycephalus - Fresh/IMG_20191016_065640.jpg,Johnius Trachycephalus,Fresh,2,1,Johnius Trachycephalus | Fresh
Johnius Trachycephalus - Fresh/IMG_20191016_065651.jpg,Johnius Trachycephalus,Fresh,2,1,Johnius Trachycephalus | Fresh
Johnius Trachycephalus - Fresh/IMG_20191016_065708.jpg,Johnius Trachycephalus,Fresh,2,1,Johnius Trachycephalus | Fresh
Johnius Trachycephalus - Fresh/IMG_20191016_065717.jpg,Johnius Trachycephalus,Fresh,2,1,Johnius Trachycephalus | Fresh
Johnius Trachycephalus - Fresh/IMG_20191016_065758.jpg,Johnius Trachycephalus,Fresh,2,1,Johnius Trachycephalus | Fresh
Johnius Trachycephalus - Fresh/IMG_20191016_065817.jpg,Johnius Trachycephalus,Fresh,2,1,Johnius Trachycephalus | Fresh
Johnius Trachycephalus - Fresh/IMG_20191016_065851.jpg,Johnius Trachycephalus,Fresh,2,1,Johnius Trachycephalus | Fresh
Johnius Trachycephalus - Fresh/IMG_20191016_065903.jpg,Johnius Trachycephalus,Fresh,2,1,Johnius Trachycephalus | Fresh
Johnius Trachycephalus - Fresh/IMG_20191016_065924.jpg,Johnius Trachycephalus,Fresh,2,1,Johnius Trachycephalus | Fresh
Johnius Trachycephalus - Fresh/IMG_20191016_065943.jpg,Johnius Trachycephalus,Fresh,2,1,Johnius Trachycephalus | Fresh
Johnius Trachycephalus - Fresh/IMG_20191016_070110.jpg,Johnius Trachycephalus,Fresh,2,1,Johnius Trachycephalus | Fresh
Johnius Trachycephalus - Fresh/IMG_20191016_070120.jpg,Johnius Trachycephalus,Fresh,2,1,Johnius Trachycephalus | Fresh
Johnius Trachycephalus - Fresh/IMG_20191016_070154.jpg,Johnius Trachycephalus,Fresh,2,1,Johnius Trachycephalus | Fresh
Johnius Trachycephalus - Fresh/IMG_20191016_070209.jpg,Johnius Trachycephalus,Fresh,2,1,Johnius Trachycephalus | Fresh
Johnius Trachycephalus - Fresh/IMG_20191016_070300.jpg,Johnius Trachycephalus,Fresh,2,1,Johnius Trachycephalus | Fresh
Johnius Trachycephalus - Fresh/IMG_20191016_070308.jpg,Johnius Trachycephalus,Fresh,2,1,Johnius Trachycephalus | Fresh
Johnius Trachycephalus - Fresh/IMG_20191016_070336.jpg,Johnius Trachycephalus,Fresh,2,1,Johnius Trachycephalus | Fresh
Johnius Trachycephalus - Fresh/IMG_20191016_070346.jpg,Johnius Trachycephalus,Fresh,2,1,Johnius Trachycephalus | Fresh
Johnius Trachycephalus - Fresh/IMG_20191016_070358.jpg,Johnius Trachycephalus,Fresh,2,1,Johnius Trachycephalus | Fresh
Johnius Trachycephalus - Fresh/IMG_20191016_070407.jpg,Johnius Trachycephalus,Fresh,2,1,Johnius Trachycephalus | Fresh
Johnius Trachycephalus - Fresh/IMG_20191016_070432.jpg,Johnius Trachycephalus,Fresh,2,1,Johnius Trachycephalus | Fresh
Johnius Trachycephalus - Fresh/IMG_20191016_070443.jpg,Johnius Trachycephalus,Fresh,2,1,Johnius Trachycephalus | Fresh
Johnius Trachycephalus - Fresh/IMG_20191016_070519.jpg,Johnius Trachycephalus,Fresh,2,1,Johnius Trachycephalus | Fresh
Johnius Trachycephalus - Fresh/IMG_20191016_070529.jpg,Johnius Trachycephalus,Fresh,2,1,Johnius Trachycephalus | Fresh
Johnius Trachycephalus - Fresh/IMG_20191016_070554.jpg,Johnius Trachycephalus,Fresh,2,1,Johnius Trachycephalus | Fresh
Johnius Trachycephalus - Fresh/IMG_20191016_070616.jpg,Johnius Trachycephalus,Fresh,2,1,Johnius Trachycephalus | Fresh
Johnius Trachycephalus - Fresh/IMG_20191016_070634.jpg,Johnius Trachycephalus,Fresh,2,1,Johnius Trachycephalus | Fresh
Johnius Trachycephalus - Fresh/IMG_20191016_070648.jpg,Johnius Trachycephalus,Fresh,2,1,Johnius Trachycephalus | Fresh
Johnius Trachycephalus - Fresh/IMG_20191016_070710.jpg,Johnius Trachycephalus,Fresh,2,1,Johnius Trachycephalus | Fresh
Johnius Trachycephalus - Fresh/IMG_20191016_070721.jpg,Johnius Trachycephalus,Fresh,2,1,Johnius Trachycephalus | Fresh
Johnius Trachycephalus - Fresh/IMG_20191017_065022.jpg,Johnius Trachycephalus,Fresh,2,1,Johnius Trachycephalus | Fresh
Johnius Trachycephalus - Fresh/IMG_20191017_065034.jpg,Johnius Trachycephalus,Fresh,2,1,Johnius Trachycephalus | Fresh
Johnius Trachycephalus - Fresh/IMG_20191017_065255.jpg,Johnius Trachycephalus,Fresh,2,1,Johnius Trachycephalus | Fresh
Johnius Trachycephalus - Fresh/IMG_20191017_065308.jpg,Johnius Trachycephalus,Fresh,2,1,Johnius Trachycephalus | Fresh
Johnius Trachycephalus - Fresh/IMG_20191017_065350.jpg,Johnius Trachycephalus,Fresh,2,1,Johnius Trachycephalus | Fresh
Johnius Trachycephalus - Fresh/IMG_20191017_065400.jpg,Johnius Trachycephalus,Fresh,2,1,Johnius Trachycephalus | Fresh
Johnius Trachycephalus - Fresh/IMG_20191017_065424.jpg,Johnius Trachycephalus,Fresh,2,1,Johnius Trachycephalus | Fresh
Johnius Trachycephalus - Fresh/IMG_20191017_065436.jpg,Johnius Trachycephalus,Fresh,2,1,Johnius Trachycephalus | Fresh
Johnius Trachycephalus - Fresh/IMG_20191017_065542.jpg,Johnius Trachycephalus,Fresh,2,1,Johnius Trachycephalus | Fresh
Johnius Trachycephalus - Fresh/IMG_20191017_065600.jpg,Johnius Trachycephalus,Fresh,2,1,Johnius Trachycephalus | Fresh
Johnius Trachycephalus - Fresh/IMG_20191017_065634.jpg,Johnius Trachycephalus,Fresh,2,1,Johnius Trachycephalus | Fresh
Johnius Trachycephalus - Fresh/IMG_20191017_065658.jpg,Johnius Trachycephalus,Fresh,2,1,Johnius Trachycephalus | Fresh
Johnius Trachycephalus - Fresh/IMG_20191017_065712.jpg,Johnius Trachycephalus,Fresh,2,1,Johnius Trachycephalus | Fresh
Johnius Trachycephalus - Fresh/IMG_20191017_065722.jpg,Johnius Trachycephalus,Fresh,2,1,Johnius Trachycephalus | Fresh
Johnius Trachycephalus - Fresh/IMG_20191017_065737.jpg,Johnius Trachycephalus,Fresh,2,1,Johnius Trachycephalus | Fresh
Johnius Trachycephalus - Fresh/IMG_20191017_065753.jpg,Johnius Trachycephalus,Fresh,2,1,Johnius Trachycephalus | Fresh
Johnius Trachycephalus - Fresh/IMG_20191017_065842.jpg,Johnius Trachycephalus,Fresh,2,1,Johnius Trachycephalus | Fresh
Johnius Trachycephalus - Fresh/IMG_20191017_065858.jpg,Johnius Trachycephalus,Fresh,2,1,Johnius Trachycephalus | Fresh
Johnius Trachycephalus - Fresh/IMG_20191017_065915.jpg,Johnius Trachycephalus,Fresh,2,1,Johnius Trachycephalus | Fresh
Johnius Trachycephalus - Fresh/IMG_20191017_065929.jpg,Johnius Trachycephalus,Fresh,2,1,Johnius Trachycephalus | Fresh
Johnius Trachycephalus - Fresh/IMG_20191017_070009.jpg,Johnius Trachycephalus,Fresh,2,1,Johnius Trachycephalus | Fresh
Johnius Trachycephalus - Fresh/IMG_20191017_070019.jpg,Johnius Trachycephalus,Fresh,2,1,Johnius Trachycephalus | Fresh
Johnius Trachycephalus - Fresh/IMG_20191017_070038.jpg,Johnius Trachycephalus,Fresh,2,1,Johnius Trachycephalus | Fresh
Johnius Trachycephalus - Fresh/IMG_20191017_070055.jpg,Johnius Trachycephalus,Fresh,2,1,Johnius Trachycephalus | Fresh
Johnius Trachycephalus - Fresh/IMG_20191017_070141.jpg,Johnius Trachycephalus,Fresh,2,1,Johnius Trachycephalus | Fresh
Johnius Trachycephalus - Fresh/IMG_20191017_070155.jpg,Johnius Trachycephalus,Fresh,2,1,Johnius Trachycephalus | Fresh
Johnius Trachycephalus - Fresh/IMG_20191017_070210.jpg,Johnius Trachycephalus,Fresh,2,1,Johnius Trachycephalus | Fresh
Johnius Trachycephalus - Fresh/IMG_20191017_070222.jpg,Johnius Trachycephalus,Fresh,2,1,Johnius Trachycephalus | Fresh
Johnius Trachycephalus - Fresh/IMG_20191017_070251.jpg,Johnius Trachycephalus,Fresh,2,1,Johnius Trachycephalus | Fresh
Johnius Trachycephalus - Fresh/IMG_20191017_070319.jpg,Johnius Trachycephalus,Fresh,2,1,Johnius Trachycephalus | Fresh
Johnius Trachycephalus - Fresh/IMG_20191017_070339.jpg,Johnius Trachycephalus,Fresh,2,1,Johnius Trachycephalus | Fresh
Johnius Trachycephalus - Fresh/IMG_20191017_070354.jpg,Johnius Trachycephalus,Fresh,2,1,Johnius Trachycephalus | Fresh
Johnius Trachycephalus - Fresh/IMG_20191017_070431.jpg,Johnius Trachycephalus,Fresh,2,1,Johnius Trachycephalus | Fresh
Johnius Trachycephalus - Fresh/IMG_20191017_070444.jpg,Johnius Trachycephalus,Fresh,2,1,Johnius Trachycephalus | Fresh
Johnius Trachycephalus - Fresh/IMG_20191017_070456.jpg,Johnius Trachycephalus,Fresh,2,1,Johnius Trachycephalus | Fresh
Johnius Trachycephalus - Fresh/IMG_20191017_070505.jpg,Johnius Trachycephalus,Fresh,2,1,Johnius Trachycephalus | Fresh
Johnius Trachycephalus - Fresh/IMG_20191017_070543.jpg,Johnius Trachycephalus,Fresh,2,1,Johnius Trachycephalus | Fresh
Johnius Trachycephalus - Fresh/IMG_20191017_070619.jpg,Johnius Trachycephalus,Fresh,2,1,Johnius Trachycephalus | Fresh
Johnius Trachycephalus - Fresh/IMG_20191017_070643.jpg,Johnius Trachycephalus,Fresh,2,1,Johnius Trachycephalus | Fresh
Johnius Trachycephalus - Fresh/IMG_20191017_070654.jpg,Johnius Trachycephalus,Fresh,2,1,Johnius Trachycephalus | Fresh
Johnius Trachycephalus - Highly Fresh/IMG_20191014_070847.jpg,Johnius Trachycephalus,Highly Fresh,2,0,Johnius Trachycephalus | Highly Fresh
Johnius Trachycephalus - Highly Fresh/IMG_20191014_070859.jpg,Johnius Trachycephalus,Highly Fresh,2,0,Johnius Trachycephalus | Highly Fresh
Johnius Trachycephalus - Highly Fresh/IMG_20191014_070914.jpg,Johnius Trachycephalus,Highly Fresh,2,0,Johnius Trachycephalus | Highly Fresh
Johnius Trachycephalus - Highly Fresh/IMG_20191014_070922.jpg,Johnius Trachycephalus,Highly Fresh,2,0,Johnius Trachycephalus | Highly Fresh
Johnius Trachycephalus - Highly Fresh/IMG_20191014_070938.jpg,Johnius Trachycephalus,Highly Fresh,2,0,Johnius Trachycephalus | Highly Fresh
Johnius Trachycephalus - Highly Fresh/IMG_20191014_070949.jpg,Johnius Trachycephalus,Highly Fresh,2,0,Johnius Trachycephalus | Highly Fresh
Johnius Trachycephalus - Highly Fresh/IMG_20191014_071020.jpg,Johnius Trachycephalus,Highly Fresh,2,0,Johnius Trachycephalus | Highly Fresh
Johnius Trachycephalus - Highly Fresh/IMG_20191014_071032.jpg,Johnius Trachycephalus,Highly Fresh,2,0,Johnius Trachycephalus | Highly Fresh
Johnius Trachycephalus - Highly Fresh/IMG_20191014_071107.jpg,Johnius Trachycephalus,Highly Fresh,2,0,Johnius Trachycephalus | Highly Fresh
Johnius Trachycephalus - Highly Fresh/IMG_20191014_071115.jpg,Johnius Trachycephalus,Highly Fresh,2,0,Johnius Trachycephalus | Highly Fresh
Johnius Trachycephalus - Highly Fresh/IMG_20191014_071139.jpg,Johnius Trachycephalus,Highly Fresh,2,0,Johnius Trachycephalus | Highly Fresh
Johnius Trachycephalus - Highly Fresh/IMG_20191014_071149.jpg,Johnius Trachycephalus,Highly Fresh,2,0,Johnius Trachycephalus | Highly Fresh
Johnius Trachycephalus - Highly Fresh/IMG_20191014_071201.jpg,Johnius Trachycephalus,Highly Fresh,2,0,Johnius Trachycephalus | Highly Fresh
Johnius Trachycephalus - Highly Fresh/IMG_20191014_071209.jpg,Johnius Trachycephalus,Highly Fresh,2,0,Johnius Trachycephalus | Highly Fresh
Johnius Trachycephalus - Highly Fresh/IMG_20191014_071227.jpg,Johnius Trachycephalus,Highly Fresh,2,0,Johnius Trachycephalus | Highly Fresh
Johnius Trachycephalus - Highly Fresh/IMG_20191014_071235.jpg,Johnius Trachycephalus,Highly Fresh,2,0,Johnius Trachycephalus | Highly Fresh
Johnius Trachycephalus - Highly Fresh/IMG_20191014_071325.jpg,Johnius Trachycephalus,Highly Fresh,2,0,Johnius Trachycephalus | Highly Fresh
Johnius Trachycephalus - Highly Fresh/IMG_20191014_071333.jpg,Johnius Trachycephalus,Highly Fresh,2,0,Johnius Trachycephalus | Highly Fresh
Johnius Trachycephalus - Highly Fresh/IMG_20191014_071359.jpg,Johnius Trachycephalus,Highly Fresh,2,0,Johnius Trachycephalus | Highly Fresh
Johnius Trachycephalus - Highly Fresh/IMG_20191014_071409.jpg,Johnius Trachycephalus,Highly Fresh,2,0,Johnius Trachycephalus | Highly Fresh
Johnius Trachycephalus - Highly Fresh/IMG_20191014_071423.jpg,Johnius Trachycephalus,Highly Fresh,2,0,Johnius Trachycephalus | Highly Fresh
Johnius Trachycephalus - Highly Fresh/IMG_20191014_071434.jpg,Johnius Trachycephalus,Highly Fresh,2,0,Johnius Trachycephalus | Highly Fresh
Johnius Trachycephalus - Highly Fresh/IMG_20191014_071448.jpg,Johnius Trachycephalus,Highly Fresh,2,0,Johnius Trachycephalus | Highly Fresh
Johnius Trachycephalus - Highly Fresh/IMG_20191014_071458.jpg,Johnius Trachycephalus,Highly Fresh,2,0,Johnius Trachycephalus | Highly Fresh
Johnius Trachycephalus - Highly Fresh/IMG_20191014_071541.jpg,Johnius Trachycephalus,Highly Fresh,2,0,Johnius Trachycephalus | Highly Fresh
Johnius Trachycephalus - Highly Fresh/IMG_20191014_071548.jpg,Johnius Trachycephalus,Highly Fresh,2,0,Johnius Trachycephalus | Highly Fresh
Johnius Trachycephalus - Highly Fresh/IMG_20191014_071611.jpg,Johnius Trachycephalus,Highly Fresh,2,0,Johnius Trachycephalus | Highly Fresh
Johnius Trachycephalus - Highly Fresh/IMG_20191014_071619.jpg,Johnius Trachycephalus,Highly Fresh,2,0,Johnius Trachycephalus | Highly Fresh
Johnius Trachycephalus - Highly Fresh/IMG_20191014_071638.jpg,Johnius Trachycephalus,Highly Fresh,2,0,Johnius Trachycephalus | Highly Fresh
Johnius Trachycephalus - Highly Fresh/IMG_20191014_071649.jpg,Johnius Trachycephalus,Highly Fresh,2,0,Johnius Trachycephalus | Highly Fresh
Johnius Trachycephalus - Highly Fresh/IMG_20191014_071711.jpg,Johnius Trachycephalus,Highly Fresh,2,0,Johnius Trachycephalus | Highly Fresh
Johnius Trachycephalus - Highly Fresh/IMG_20191014_071721.jpg,Johnius Trachycephalus,Highly Fresh,2,0,Johnius Trachycephalus | Highly Fresh
Johnius Trachycephalus - Highly Fresh/IMG_20191014_071812.jpg,Johnius Trachycephalus,Highly Fresh,2,0,Johnius Trachycephalus | Highly Fresh
Johnius Trachycephalus - Highly Fresh/IMG_20191014_071824.jpg,Johnius Trachycephalus,Highly Fresh,2,0,Johnius Trachycephalus | Highly Fresh
Johnius Trachycephalus - Highly Fresh/IMG_20191014_071846.jpg,Johnius Trachycephalus,Highly Fresh,2,0,Johnius Trachycephalus | Highly Fresh
Johnius Trachycephalus - Highly Fresh/IMG_20191014_071854.jpg,Johnius Trachycephalus,Highly Fresh,2,0,Johnius Trachycephalus | Highly Fresh
Johnius Trachycephalus - Highly Fresh/IMG_20191014_071907.jpg,Johnius Trachycephalus,Highly Fresh,2,0,Johnius Trachycephalus | Highly Fresh
Johnius Trachycephalus - Highly Fresh/IMG_20191014_071914.jpg,Johnius Trachycephalus,Highly Fresh,2,0,Johnius Trachycephalus | Highly Fresh
Johnius Trachycephalus - Highly Fresh/IMG_20191014_071930.jpg,Johnius Trachycephalus,Highly Fresh,2,0,Johnius Trachycephalus | Highly Fresh
Johnius Trachycephalus - Highly Fresh/IMG_20191014_071941.jpg,Johnius Trachycephalus,Highly Fresh,2,0,Johnius Trachycephalus | Highly Fresh
Johnius Trachycephalus - Highly Fresh/IMG_20191015_065059.jpg,Johnius Trachycephalus,Highly Fresh,2,0,Johnius Trachycephalus | Highly Fresh
Johnius Trachycephalus - Highly Fresh/IMG_20191015_065115.jpg,Johnius Trachycephalus,Highly Fresh,2,0,Johnius Trachycephalus | Highly Fresh
Johnius Trachycephalus - Highly Fresh/IMG_20191015_065145.jpg,Johnius Trachycephalus,Highly Fresh,2,0,Johnius Trachycephalus | Highly Fresh
Johnius Trachycephalus - Highly Fresh/IMG_20191015_065157.jpg,Johnius Trachycephalus,Highly Fresh,2,0,Johnius Trachycephalus | Highly Fresh
Johnius Trachycephalus - Highly Fresh/IMG_20191015_065223.jpg,Johnius Trachycephalus,Highly Fresh,2,0,Johnius Trachycephalus | Highly Fresh
Johnius Trachycephalus - Highly Fresh/IMG_20191015_065238.jpg,Johnius Trachycephalus,Highly Fresh,2,0,Johnius Trachycephalus | Highly Fresh
Johnius Trachycephalus - Highly Fresh/IMG_20191015_065259.jpg,Johnius Trachycephalus,Highly Fresh,2,0,Johnius Trachycephalus | Highly Fresh
Johnius Trachycephalus - Highly Fresh/IMG_20191015_065309.jpg,Johnius Trachycephalus,Highly Fresh,2,0,Johnius Trachycephalus | Highly Fresh
Johnius Trachycephalus - Highly Fresh/IMG_20191015_065354.jpg,Johnius Trachycephalus,Highly Fresh,2,0,Johnius Trachycephalus | Highly Fresh
Johnius Trachycephalus - Highly Fresh/IMG_20191015_065401.jpg,Johnius Trachycephalus,Highly Fresh,2,0,Johnius Trachycephalus | Highly Fresh
Johnius Trachycephalus - Highly Fresh/IMG_20191015_065422.jpg,Johnius Trachycephalus,Highly Fresh,2,0,Johnius Trachycephalus | Highly Fresh
Johnius Trachycephalus - Highly Fresh/IMG_20191015_065432.jpg,Johnius Trachycephalus,Highly Fresh,2,0,Johnius Trachycephalus | Highly Fresh
Johnius Trachycephalus - Highly Fresh/IMG_20191015_065450.jpg,Johnius Trachycephalus,Highly Fresh,2,0,Johnius Trachycephalus | Highly Fresh
Johnius Trachycephalus - Highly Fresh/IMG_20191015_065501.jpg,Johnius Trachycephalus,Highly Fresh,2,0,Johnius Trachycephalus | Highly Fresh
Johnius Trachycephalus - Highly Fresh/IMG_20191015_065525.jpg,Johnius Trachycephalus,Highly Fresh,2,0,Johnius Trachycephalus | Highly Fresh
Johnius Trachycephalus - Highly Fresh/IMG_20191015_065536.jpg,Johnius Trachycephalus,Highly Fresh,2,0,Johnius Trachycephalus | Highly Fresh
Johnius Trachycephalus - Highly Fresh/IMG_20191015_065653.jpg,Johnius Trachycephalus,Highly Fresh,2,0,Johnius Trachycephalus | Highly Fresh
Johnius Trachycephalus - Highly Fresh/IMG_20191015_065705.jpg,Johnius Trachycephalus,Highly Fresh,2,0,Johnius Trachycephalus | Highly Fresh
Johnius Trachycephalus - Highly Fresh/IMG_20191015_065805.jpg,Johnius Trachycephalus,Highly Fresh,2,0,Johnius Trachycephalus | Highly Fresh
Johnius Trachycephalus - Highly Fresh/IMG_20191015_065821.jpg,Johnius Trachycephalus,Highly Fresh,2,0,Johnius Trachycephalus | Highly Fresh
Johnius Trachycephalus - Highly Fresh/IMG_20191015_065843.jpg,Johnius Trachycephalus,Highly Fresh,2,0,Johnius Trachycephalus | Highly Fresh
Johnius Trachycephalus - Highly Fresh/IMG_20191015_065858.jpg,Johnius Trachycephalus,Highly Fresh,2,0,Johnius Trachycephalus | Highly Fresh
Johnius Trachycephalus - Highly Fresh/IMG_20191015_065918.jpg,Johnius Trachycephalus,Highly Fresh,2,0,Johnius Trachycephalus | Highly Fresh
Johnius Trachycephalus - Highly Fresh/IMG_20191015_065926.jpg,Johnius Trachycephalus,Highly Fresh,2,0,Johnius Trachycephalus | Highly Fresh
Johnius Trachycephalus - Highly Fresh/IMG_20191015_070144.jpg,Johnius Trachycephalus,Highly Fresh,2,0,Johnius Trachycephalus | Highly Fresh
Johnius Trachycephalus - Highly Fresh/IMG_20191015_070158.jpg,Johnius Trachycephalus,Highly Fresh,2,0,Johnius Trachycephalus | Highly Fresh
Johnius Trachycephalus - Highly Fresh/IMG_20191015_070229.jpg,Johnius Trachycephalus,Highly Fresh,2,0,Johnius Trachycephalus | Highly Fresh
Johnius Trachycephalus - Highly Fresh/IMG_20191015_070240.jpg,Johnius Trachycephalus,Highly Fresh,2,0,Johnius Trachycephalus | Highly Fresh
Johnius Trachycephalus - Highly Fresh/IMG_20191015_070256.jpg,Johnius Trachycephalus,Highly Fresh,2,0,Johnius Trachycephalus | Highly Fresh
Johnius Trachycephalus - Highly Fresh/IMG_20191015_070338.jpg,Johnius Trachycephalus,Highly Fresh,2,0,Johnius Trachycephalus | Highly Fresh
Johnius Trachycephalus - Highly Fresh/IMG_20191015_070402.jpg,Johnius Trachycephalus,Highly Fresh,2,0,Johnius Trachycephalus | Highly Fresh
Johnius Trachycephalus - Highly Fresh/IMG_20191015_070414.jpg,Johnius Trachycephalus,Highly Fresh,2,0,Johnius Trachycephalus | Highly Fresh
Johnius Trachycephalus - Highly Fresh/IMG_20191015_070517.jpg,Johnius Trachycephalus,Highly Fresh,2,0,Johnius Trachycephalus | Highly Fresh
Johnius Trachycephalus - Highly Fresh/IMG_20191015_070525.jpg,Johnius Trachycephalus,Highly Fresh,2,0,Johnius Trachycephalus | Highly Fresh
Johnius Trachycephalus - Highly Fresh/IMG_20191015_070554.jpg,Johnius Trachycephalus,Highly Fresh,2,0,Johnius Trachycephalus | Highly Fresh
Johnius Trachycephalus - Highly Fresh/IMG_20191015_070606.jpg,Johnius Trachycephalus,Highly Fresh,2,0,Johnius Trachycephalus | Highly Fresh
Johnius Trachycephalus - Highly Fresh/IMG_20191015_070622.jpg,Johnius Trachycephalus,Highly Fresh,2,0,Johnius Trachycephalus | Highly Fresh
Johnius Trachycephalus - Highly Fresh/IMG_20191015_070705.jpg,Johnius Trachycephalus,Highly Fresh,2,0,Johnius Trachycephalus | Highly Fresh
Johnius Trachycephalus - Highly Fresh/IMG_20191015_070736.jpg,Johnius Trachycephalus,Highly Fresh,2,0,Johnius Trachycephalus | Highly Fresh
Johnius Trachycephalus - Highly Fresh/IMG_20191015_070745.jpg,Johnius Trachycephalus,Highly Fresh,2,0,Johnius Trachycephalus | Highly Fresh
Johnius Trachycephalus - Not Fresh/IMG_20191018_060103.jpg,Johnius Trachycephalus,Not Fresh,2,2,Johnius Trachycephalus | Not Fresh
Johnius Trachycephalus - Not Fresh/IMG_20191018_060114.jpg,Johnius Trachycephalus,Not Fresh,2,2,Johnius Trachycephalus | Not Fresh
Johnius Trachycephalus - Not Fresh/IMG_20191018_060128.jpg,Johnius Trachycephalus,Not Fresh,2,2,Johnius Trachycephalus | Not Fresh
Johnius Trachycephalus - Not Fresh/IMG_20191018_060139.jpg,Johnius Trachycephalus,Not Fresh,2,2,Johnius Trachycephalus | Not Fresh
Johnius Trachycephalus - Not Fresh/IMG_20191018_060154.jpg,Johnius Trachycephalus,Not Fresh,2,2,Johnius Trachycephalus | Not Fresh
Johnius Trachycephalus - Not Fresh/IMG_20191018_060205.jpg,Johnius Trachycephalus,Not Fresh,2,2,Johnius Trachycephalus | Not Fresh
Johnius Trachycephalus - Not Fresh/IMG_20191018_060218.jpg,Johnius Trachycephalus,Not Fresh,2,2,Johnius Trachycephalus | Not Fresh
Johnius Trachycephalus - Not Fresh/IMG_20191018_060229.jpg,Johnius Trachycephalus,Not Fresh,2,2,Johnius Trachycephalus | Not Fresh
Johnius Trachycephalus - Not Fresh/IMG_20191018_060304.jpg,Johnius Trachycephalus,Not Fresh,2,2,Johnius Trachycephalus | Not Fresh
Johnius Trachycephalus - Not Fresh/IMG_20191018_060314.jpg,Johnius Trachycephalus,Not Fresh,2,2,Johnius Trachycephalus | Not Fresh
Johnius Trachycephalus - Not Fresh/IMG_20191018_060325.jpg,Johnius Trachycephalus,Not Fresh,2,2,Johnius Trachycephalus | Not Fresh
Johnius Trachycephalus - Not Fresh/IMG_20191018_060333.jpg,Johnius Trachycephalus,Not Fresh,2,2,Johnius Trachycephalus | Not Fresh
Johnius Trachycephalus - Not Fresh/IMG_20191018_060345.jpg,Johnius Trachycephalus,Not Fresh,2,2,Johnius Trachycephalus | Not Fresh
Johnius Trachycephalus - Not Fresh/IMG_20191018_060353.jpg,Johnius Trachycephalus,Not Fresh,2,2,Johnius Trachycephalus | Not Fresh
Johnius Trachycephalus - Not Fresh/IMG_20191018_060409.jpg,Johnius Trachycephalus,Not Fresh,2,2,Johnius Trachycephalus | Not Fresh
Johnius Trachycephalus - Not Fresh/IMG_20191018_060416.jpg,Johnius Trachycephalus,Not Fresh,2,2,Johnius Trachycephalus | Not Fresh
Johnius Trachycephalus - Not Fresh/IMG_20191018_060456.jpg,Johnius Trachycephalus,Not Fresh,2,2,Johnius Trachycephalus | Not Fresh
Johnius Trachycephalus - Not Fresh/IMG_20191018_060506.jpg,Johnius Trachycephalus,Not Fresh,2,2,Johnius Trachycephalus | Not Fresh
Johnius Trachycephalus - Not Fresh/IMG_20191018_060518.jpg,Johnius Trachycephalus,Not Fresh,2,2,Johnius Trachycephalus | Not Fresh
Johnius Trachycephalus - Not Fresh/IMG_20191018_060525.jpg,Johnius Trachycephalus,Not Fresh,2,2,Johnius Trachycephalus | Not Fresh
Johnius Trachycephalus - Not Fresh/IMG_20191018_060542.jpg,Johnius Trachycephalus,Not Fresh,2,2,Johnius Trachycephalus | Not Fresh
Johnius Trachycephalus - Not Fresh/IMG_20191018_060609.jpg,Johnius Trachycephalus,Not Fresh,2,2,Johnius Trachycephalus | Not Fresh
Johnius Trachycephalus - Not Fresh/IMG_20191018_060623.jpg,Johnius Trachycephalus,Not Fresh,2,2,Johnius Trachycephalus | Not Fresh
Johnius Trachycephalus - Not Fresh/IMG_20191018_060636.jpg,Johnius Trachycephalus,Not Fresh,2,2,Johnius Trachycephalus | Not Fresh
Johnius Trachycephalus - Not Fresh/IMG_20191018_060706.jpg,Johnius Trachycephalus,Not Fresh,2,2,Johnius Trachycephalus | Not Fresh
Johnius Trachycephalus - Not Fresh/IMG_20191018_060715.jpg,Johnius Trachycephalus,Not Fresh,2,2,Johnius Trachycephalus | Not Fresh
Johnius Trachycephalus - Not Fresh/IMG_20191018_060753.jpg,Johnius Trachycephalus,Not Fresh,2,2,Johnius Trachycephalus | Not Fresh
Johnius Trachycephalus - Not Fresh/IMG_20191018_060805.jpg,Johnius Trachycephalus,Not Fresh,2,2,Johnius Trachycephalus | Not Fresh
Johnius Trachycephalus - Not Fresh/IMG_20191018_060821.jpg,Johnius Trachycephalus,Not Fresh,2,2,Johnius Trachycephalus | Not Fresh
Johnius Trachycephalus - Not Fresh/IMG_20191018_060839.jpg,Johnius Trachycephalus,Not Fresh,2,2,Johnius Trachycephalus | Not Fresh
Johnius Trachycephalus - Not Fresh/IMG_20191018_060852.jpg,Johnius Trachycephalus,Not Fresh,2,2,Johnius Trachycephalus | Not Fresh
Johnius Trachycephalus - Not Fresh/IMG_20191018_060900.jpg,Johnius Trachycephalus,Not Fresh,2,2,Johnius Trachycephalus | Not Fresh
Johnius Trachycephalus - Not Fresh/IMG_20191018_060936.jpg,Johnius Trachycephalus,Not Fresh,2,2,Johnius Trachycephalus | Not Fresh
Johnius Trachycephalus - Not Fresh/IMG_20191018_060949.jpg,Johnius Trachycephalus,Not Fresh,2,2,Johnius Trachycephalus | Not Fresh
Johnius Trachycephalus - Not Fresh/IMG_20191018_061003.jpg,Johnius Trachycephalus,Not Fresh,2,2,Johnius Trachycephalus | Not Fresh
Johnius Trachycephalus - Not Fresh/IMG_20191018_061017.jpg,Johnius Trachycephalus,Not Fresh,2,2,Johnius Trachycephalus | Not Fresh
Johnius Trachycephalus - Not Fresh/IMG_20191018_061028.jpg,Johnius Trachycephalus,Not Fresh,2,2,Johnius Trachycephalus | Not Fresh
Johnius Trachycephalus - Not Fresh/IMG_20191018_061048.jpg,Johnius Trachycephalus,Not Fresh,2,2,Johnius Trachycephalus | Not Fresh
Johnius Trachycephalus - Not Fresh/IMG_20191018_061103.jpg,Johnius Trachycephalus,Not Fresh,2,2,Johnius Trachycephalus | Not Fresh
Johnius Trachycephalus - Not Fresh/IMG_20191018_061110.jpg,Johnius Trachycephalus,Not Fresh,2,2,Johnius Trachycephalus | Not Fresh
Johnius Trachycephalus - Not Fresh/IMG_20191019_061838.jpg,Johnius Trachycephalus,Not Fresh,2,2,Johnius Trachycephalus | Not Fresh
Johnius Trachycephalus - Not Fresh/IMG_20191019_061850.jpg,Johnius Trachycephalus,Not Fresh,2,2,Johnius Trachycephalus | Not Fresh
Johnius Trachycephalus - Not Fresh/IMG_20191019_061911.jpg,Johnius Trachycephalus,Not Fresh,2,2,Johnius Trachycephalus | Not Fresh
Johnius Trachycephalus - Not Fresh/IMG_20191019_061923.jpg,Johnius Trachycephalus,Not Fresh,2,2,Johnius Trachycephalus | Not Fresh
Johnius Trachycephalus - Not Fresh/IMG_20191019_061937.jpg,Johnius Trachycephalus,Not Fresh,2,2,Johnius Trachycephalus | Not Fresh
Johnius Trachycephalus - Not Fresh/IMG_20191019_061949.jpg,Johnius Trachycephalus,Not Fresh,2,2,Johnius Trachycephalus | Not Fresh
Johnius Trachycephalus - Not Fresh/IMG_20191019_062013.jpg,Johnius Trachycephalus,Not Fresh,2,2,Johnius Trachycephalus | Not Fresh
Johnius Trachycephalus - Not Fresh/IMG_20191019_062024.jpg,Johnius Trachycephalus,Not Fresh,2,2,Johnius Trachycephalus | Not Fresh
Johnius Trachycephalus - Not Fresh/IMG_20191019_062119.jpg,Johnius Trachycephalus,Not Fresh,2,2,Johnius Trachycephalus | Not Fresh
Johnius Trachycephalus - Not Fresh/IMG_20191019_062138.jpg,Johnius Trachycephalus,Not Fresh,2,2,Johnius Trachycephalus | Not Fresh
Johnius Trachycephalus - Not Fresh/IMG_20191019_062152.jpg,Johnius Trachycephalus,Not Fresh,2,2,Johnius Trachycephalus | Not Fresh
Johnius Trachycephalus - Not Fresh/IMG_20191019_062201.jpg,Johnius Trachycephalus,Not Fresh,2,2,Johnius Trachycephalus | Not Fresh
Johnius Trachycephalus - Not Fresh/IMG_20191019_062226.jpg,Johnius Trachycephalus,Not Fresh,2,2,Johnius Trachycephalus | Not Fresh
Johnius Trachycephalus - Not Fresh/IMG_20191019_062237.jpg,Johnius Trachycephalus,Not Fresh,2,2,Johnius Trachycephalus | Not Fresh
Johnius Trachycephalus - Not Fresh/IMG_20191019_062300.jpg,Johnius Trachycephalus,Not Fresh,2,2,Johnius Trachycephalus | Not Fresh
Johnius Trachycephalus - Not Fresh/IMG_20191019_062311.jpg,Johnius Trachycephalus,Not Fresh,2,2,Johnius Trachycephalus | Not Fresh
Johnius Trachycephalus - Not Fresh/IMG_20191019_062411.jpg,Johnius Trachycephalus,Not Fresh,2,2,Johnius Trachycephalus | Not Fresh
Johnius Trachycephalus - Not Fresh/IMG_20191019_062429.jpg,Johnius Trachycephalus,Not Fresh,2,2,Johnius Trachycephalus | Not Fresh
Johnius Trachycephalus - Not Fresh/IMG_20191019_062449.jpg,Johnius Trachycephalus,Not Fresh,2,2,Johnius Trachycephalus | Not Fresh
Johnius Trachycephalus - Not Fresh/IMG_20191019_062458.jpg,Johnius Trachycephalus,Not Fresh,2,2,Johnius Trachycephalus | Not Fresh
Johnius Trachycephalus - Not Fresh/IMG_20191019_062524.jpg,Johnius Trachycephalus,Not Fresh,2,2,Johnius Trachycephalus | Not Fresh
Johnius Trachycephalus - Not Fresh/IMG_20191019_062543.jpg,Johnius Trachycephalus,Not Fresh,2,2,Johnius Trachycephalus | Not Fresh
Johnius Trachycephalus - Not Fresh/IMG_20191019_062557.jpg,Johnius Trachycephalus,Not Fresh,2,2,Johnius Trachycephalus | Not Fresh
Johnius Trachycephalus - Not Fresh/IMG_20191019_062611.jpg,Johnius Trachycephalus,Not Fresh,2,2,Johnius Trachycephalus | Not Fresh
Johnius Trachycephalus - Not Fresh/IMG_20191019_062657.jpg,Johnius Trachycephalus,Not Fresh,2,2,Johnius Trachycephalus | Not Fresh
Johnius Trachycephalus - Not Fresh/IMG_20191019_062726.jpg,Johnius Trachycephalus,Not Fresh,2,2,Johnius Trachycephalus | Not Fresh
Johnius Trachycephalus - Not Fresh/IMG_20191019_062740.jpg,Johnius Trachycephalus,Not Fresh,2,2,Johnius Trachycephalus | Not Fresh
Johnius Trachycephalus - Not Fresh/IMG_20191019_062755.jpg,Johnius Trachycephalus,Not Fresh,2,2,Johnius Trachycephalus | Not Fresh
Johnius Trachycephalus - Not Fresh/IMG_20191019_062817.jpg,Johnius Trachycephalus,Not Fresh,2,2,Johnius Trachycephalus | Not Fresh
Johnius Trachycephalus - Not Fresh/IMG_20191019_062827.jpg,Johnius Trachycephalus,Not Fresh,2,2,Johnius Trachycephalus | Not Fresh
Johnius Trachycephalus - Not Fresh/IMG_20191019_062852.jpg,Johnius Trachycephalus,Not Fresh,2,2,Johnius Trachycephalus | Not Fresh
Johnius Trachycephalus - Not Fresh/IMG_20191019_062914.jpg,Johnius Trachycephalus,Not Fresh,2,2,Johnius Trachycephalus | Not Fresh
Johnius Trachycephalus - Not Fresh/IMG_20191019_062954.jpg,Johnius Trachycephalus,Not Fresh,2,2,Johnius Trachycephalus | Not Fresh
Johnius Trachycephalus - Not Fresh/IMG_20191019_063009.jpg,Johnius Trachycephalus,Not Fresh,2,2,Johnius Trachycephalus | Not Fresh
Johnius Trachycephalus - Not Fresh/IMG_20191019_063028.jpg,Johnius Trachycephalus,Not Fresh,2,2,Johnius Trachycephalus | Not Fresh
Johnius Trachycephalus - Not Fresh/IMG_20191019_063039.jpg,Johnius Trachycephalus,Not Fresh,2,2,Johnius Trachycephalus | Not Fresh
Johnius Trachycephalus - Not Fresh/IMG_20191019_063056.jpg,Johnius Trachycephalus,Not Fresh,2,2,Johnius Trachycephalus | Not Fresh
Johnius Trachycephalus - Not Fresh/IMG_20191019_063106.jpg,Johnius Trachycephalus,Not Fresh,2,2,Johnius Trachycephalus | Not Fresh
Johnius Trachycephalus - Not Fresh/IMG_20191019_063145.jpg,Johnius Trachycephalus,Not Fresh,2,2,Johnius Trachycephalus | Not Fresh
Johnius Trachycephalus - Not Fresh/IMG_20191019_063202.jpg,Johnius Trachycephalus,Not Fresh,2,2,Johnius Trachycephalus | Not Fresh
Nibea Albiflora - Fresh/IMG_20191112_060848.jpg,Nibea Albiflora,Fresh,3,1,Nibea Albiflora | Fresh
Nibea Albiflora - Fresh/IMG_20191112_060900.jpg,Nibea Albiflora,Fresh,3,1,Nibea Albiflora | Fresh
Nibea Albiflora - Fresh/IMG_20191112_060919.jpg,Nibea Albiflora,Fresh,3,1,Nibea Albiflora | Fresh
Nibea Albiflora - Fresh/IMG_20191112_060928.jpg,Nibea Albiflora,Fresh,3,1,Nibea Albiflora | Fresh
Nibea Albiflora - Fresh/IMG_20191112_060941.jpg,Nibea Albiflora,Fresh,3,1,Nibea Albiflora | Fresh
Nibea Albiflora - Fresh/IMG_20191112_060947.jpg,Nibea Albiflora,Fresh,3,1,Nibea Albiflora | Fresh
Nibea Albiflora - Fresh/IMG_20191112_060959.jpg,Nibea Albiflora,Fresh,3,1,Nibea Albiflora | Fresh
Nibea Albiflora - Fresh/IMG_20191112_061006.jpg,Nibea Albiflora,Fresh,3,1,Nibea Albiflora | Fresh
Nibea Albiflora - Fresh/IMG_20191112_061019.jpg,Nibea Albiflora,Fresh,3,1,Nibea Albiflora | Fresh
Nibea Albiflora - Fresh/IMG_20191112_061027.jpg,Nibea Albiflora,Fresh,3,1,Nibea Albiflora | Fresh
Nibea Albiflora - Fresh/IMG_20191112_061125_1.jpg,Nibea Albiflora,Fresh,3,1,Nibea Albiflora | Fresh
Nibea Albiflora - Fresh/IMG_20191112_061125_2.jpg,Nibea Albiflora,Fresh,3,1,Nibea Albiflora | Fresh
Nibea Albiflora - Fresh/IMG_20191112_061136_1.jpg,Nibea Albiflora,Fresh,3,1,Nibea Albiflora | Fresh
Nibea Albiflora - Fresh/IMG_20191112_061136_2.jpg,Nibea Albiflora,Fresh,3,1,Nibea Albiflora | Fresh
Nibea Albiflora - Fresh/IMG_20191112_061136_3.jpg,Nibea Albiflora,Fresh,3,1,Nibea Albiflora | Fresh
Nibea Albiflora - Fresh/IMG_20191112_061218_1.jpg,Nibea Albiflora,Fresh,3,1,Nibea Albiflora | Fresh
Nibea Albiflora - Fresh/IMG_20191112_061218_2.jpg,Nibea Albiflora,Fresh,3,1,Nibea Albiflora | Fresh
Nibea Albiflora - Fresh/IMG_20191112_061218_3.jpg,Nibea Albiflora,Fresh,3,1,Nibea Albiflora | Fresh
Nibea Albiflora - Fresh/IMG_20191112_061239_1.jpg,Nibea Albiflora,Fresh,3,1,Nibea Albiflora | Fresh
Nibea Albiflora - Fresh/IMG_20191112_061239_2.jpg,Nibea Albiflora,Fresh,3,1,Nibea Albiflora | Fresh
Nibea Albiflora - Fresh/IMG_20191112_061322.jpg,Nibea Albiflora,Fresh,3,1,Nibea Albiflora | Fresh
Nibea Albiflora - Fresh/IMG_20191112_061329.jpg,Nibea Albiflora,Fresh,3,1,Nibea Albiflora | Fresh
Nibea Albiflora - Fresh/IMG_20191112_061332.jpg,Nibea Albiflora,Fresh,3,1,Nibea Albiflora | Fresh
Nibea Albiflora - Fresh/IMG_20191112_061336.jpg,Nibea Albiflora,Fresh,3,1,Nibea Albiflora | Fresh
Nibea Albiflora - Fresh/IMG_20191112_061343.jpg,Nibea Albiflora,Fresh,3,1,Nibea Albiflora | Fresh
Nibea Albiflora - Fresh/IMG_20191112_061359.jpg,Nibea Albiflora,Fresh,3,1,Nibea Albiflora | Fresh
Nibea Albiflora - Fresh/IMG_20191112_061403.jpg,Nibea Albiflora,Fresh,3,1,Nibea Albiflora | Fresh
Nibea Albiflora - Fresh/IMG_20191112_061406.jpg,Nibea Albiflora,Fresh,3,1,Nibea Albiflora | Fresh
Nibea Albiflora - Fresh/IMG_20191112_061410.jpg,Nibea Albiflora,Fresh,3,1,Nibea Albiflora | Fresh
Nibea Albiflora - Fresh/IMG_20191112_061419.jpg,Nibea Albiflora,Fresh,3,1,Nibea Albiflora | Fresh
Nibea Albiflora - Fresh/IMG_20191112_061437_1.jpg,Nibea Albiflora,Fresh,3,1,Nibea Albiflora | Fresh
Nibea Albiflora - Fresh/IMG_20191112_061437_2.jpg,Nibea Albiflora,Fresh,3,1,Nibea Albiflora | Fresh
Nibea Albiflora - Fresh/IMG_20191112_061441_1.jpg,Nibea Albiflora,Fresh,3,1,Nibea Albiflora | Fresh
Nibea Albiflora - Fresh/IMG_20191112_061441_2.jpg,Nibea Albiflora,Fresh,3,1,Nibea Albiflora | Fresh
Nibea Albiflora - Fresh/IMG_20191112_061455_1.jpg,Nibea Albiflora,Fresh,3,1,Nibea Albiflora | Fresh
Nibea Albiflora - Fresh/IMG_20191112_061455_2.jpg,Nibea Albiflora,Fresh,3,1,Nibea Albiflora | Fresh
Nibea Albiflora - Fresh/IMG_20191112_061500_1.jpg,Nibea Albiflora,Fresh,3,1,Nibea Albiflora | Fresh
Nibea Albiflora - Fresh/IMG_20191112_061500_2.jpg,Nibea Albiflora,Fresh,3,1,Nibea Albiflora | Fresh
Nibea Albiflora - Fresh/IMG_20191112_061517_1.jpg,Nibea Albiflora,Fresh,3,1,Nibea Albiflora | Fresh
Nibea Albiflora - Fresh/IMG_20191112_061517_2.jpg,Nibea Albiflora,Fresh,3,1,Nibea Albiflora | Fresh
Nibea Albiflora - Fresh/IMG_20191112_061521_1.jpg,Nibea Albiflora,Fresh,3,1,Nibea Albiflora | Fresh
Nibea Albiflora - Fresh/IMG_20191112_061521_2.jpg,Nibea Albiflora,Fresh,3,1,Nibea Albiflora | Fresh
Nibea Albiflora - Fresh/IMG_20191112_061521_3.jpg,Nibea Albiflora,Fresh,3,1,Nibea Albiflora | Fresh
Nibea Albiflora - Fresh/IMG_20191112_061537_1.jpg,Nibea Albiflora,Fresh,3,1,Nibea Albiflora | Fresh
Nibea Albiflora - Fresh/IMG_20191112_061537_2.jpg,Nibea Albiflora,Fresh,3,1,Nibea Albiflora | Fresh
Nibea Albiflora - Fresh/IMG_20191112_061537_3.jpg,Nibea Albiflora,Fresh,3,1,Nibea Albiflora | Fresh
Nibea Albiflora - Fresh/IMG_20191112_061537_4.jpg,Nibea Albiflora,Fresh,3,1,Nibea Albiflora | Fresh
Nibea Albiflora - Fresh/IMG_20191112_061537_5.jpg,Nibea Albiflora,Fresh,3,1,Nibea Albiflora | Fresh
Nibea Albiflora - Fresh/IMG_20191112_061657_1.jpg,Nibea Albiflora,Fresh,3,1,Nibea Albiflora | Fresh
Nibea Albiflora - Fresh/IMG_20191112_061657_2.jpg,Nibea Albiflora,Fresh,3,1,Nibea Albiflora | Fresh
Nibea Albiflora - Fresh/IMG_20191112_061657_3.jpg,Nibea Albiflora,Fresh,3,1,Nibea Albiflora | Fresh
Nibea Albiflora - Fresh/IMG_20191112_061657_4.jpg,Nibea Albiflora,Fresh,3,1,Nibea Albiflora | Fresh
Nibea Albiflora - Fresh/IMG_20191112_061657_5.jpg,Nibea Albiflora,Fresh,3,1,Nibea Albiflora | Fresh
Nibea Albiflora - Fresh/IMG_20191112_061715_1.jpg,Nibea Albiflora,Fresh,3,1,Nibea Albiflora | Fresh
Nibea Albiflora - Fresh/IMG_20191112_061715_2.jpg,Nibea Albiflora,Fresh,3,1,Nibea Albiflora | Fresh
Nibea Albiflora - Fresh/IMG_20191112_061715_3.jpg,Nibea Albiflora,Fresh,3,1,Nibea Albiflora | Fresh
Nibea Albiflora - Fresh/IMG_20191112_061718_1.jpg,Nibea Albiflora,Fresh,3,1,Nibea Albiflora | Fresh
Nibea Albiflora - Fresh/IMG_20191112_061718_2.jpg,Nibea Albiflora,Fresh,3,1,Nibea Albiflora | Fresh
Nibea Albiflora - Fresh/IMG_20191112_061729_1.jpg,Nibea Albiflora,Fresh,3,1,Nibea Albiflora | Fresh
Nibea Albiflora - Fresh/IMG_20191112_061729_2.jpg,Nibea Albiflora,Fresh,3,1,Nibea Albiflora | Fresh
Nibea Albiflora - Fresh/IMG_20191112_061729_3.jpg,Nibea Albiflora,Fresh,3,1,Nibea Albiflora | Fresh
Nibea Albiflora - Fresh/IMG_20191112_061732_1.jpg,Nibea Albiflora,Fresh,3,1,Nibea Albiflora | Fresh
Nibea Albiflora - Fresh/IMG_20191112_061732_3.jpg,Nibea Albiflora,Fresh,3,1,Nibea Albiflora | Fresh
Nibea Albiflora - Fresh/IMG_20191112_061805_1.jpg,Nibea Albiflora,Fresh,3,1,Nibea Albiflora | Fresh
Nibea Albiflora - Fresh/IMG_20191112_061805_2.jpg,Nibea Albiflora,Fresh,3,1,Nibea Albiflora | Fresh
Nibea Albiflora - Fresh/IMG_20191112_061809_1.jpg,Nibea Albiflora,Fresh,3,1,Nibea Albiflora | Fresh
Nibea Albiflora - Fresh/IMG_20191112_061809_2.jpg,Nibea Albiflora,Fresh,3,1,Nibea Albiflora | Fresh
Nibea Albiflora - Fresh/IMG_20191112_061819_1.jpg,Nibea Albiflora,Fresh,3,1,Nibea Albiflora | Fresh
Nibea Albiflora - Fresh/IMG_20191112_061819_2.jpg,Nibea Albiflora,Fresh,3,1,Nibea Albiflora | Fresh
Nibea Albiflora - Fresh/IMG_20191112_061819_3.jpg,Nibea Albiflora,Fresh,3,1,Nibea Albiflora | Fresh
Nibea Albiflora - Fresh/IMG_20191112_064018_1.jpg,Nibea Albiflora,Fresh,3,1,Nibea Albiflora | Fresh
Nibea Albiflora - Fresh/IMG_20191112_064018_2.jpg,Nibea Albiflora,Fresh,3,1,Nibea Albiflora | Fresh
Nibea Albiflora - Fresh/IMG_20191112_064033_1.jpg,Nibea Albiflora,Fresh,3,1,Nibea Albiflora | Fresh
Nibea Albiflora - Fresh/IMG_20191112_064033_2.jpg,Nibea Albiflora,Fresh,3,1,Nibea Albiflora | Fresh
Nibea Albiflora - Fresh/IMG_20191112_064046_1.jpg,Nibea Albiflora,Fresh,3,1,Nibea Albiflora | Fresh
Nibea Albiflora - Fresh/IMG_20191112_064046_2.jpg,Nibea Albiflora,Fresh,3,1,Nibea Albiflora | Fresh
Nibea Albiflora - Fresh/IMG_20191113_060304.jpg,Nibea Albiflora,Fresh,3,1,Nibea Albiflora | Fresh
Nibea Albiflora - Fresh/IMG_20191113_060315.jpg,Nibea Albiflora,Fresh,3,1,Nibea Albiflora | Fresh
Nibea Albiflora - Fresh/IMG_20191113_060334.jpg,Nibea Albiflora,Fresh,3,1,Nibea Albiflora | Fresh
Nibea Albiflora - Fresh/IMG_20191113_060345.jpg,Nibea Albiflora,Fresh,3,1,Nibea Albiflora | Fresh
Nibea Albiflora - Fresh/IMG_20191113_060403.jpg,Nibea Albiflora,Fresh,3,1,Nibea Albiflora | Fresh
Nibea Albiflora - Fresh/IMG_20191113_060411.jpg,Nibea Albiflora,Fresh,3,1,Nibea Albiflora | Fresh
Nibea Albiflora - Fresh/IMG_20191113_060443.jpg,Nibea Albiflora,Fresh,3,1,Nibea Albiflora | Fresh
Nibea Albiflora - Fresh/IMG_20191113_060456.jpg,Nibea Albiflora,Fresh,3,1,Nibea Albiflora | Fresh
Nibea Albiflora - Fresh/IMG_20191113_060522.jpg,Nibea Albiflora,Fresh,3,1,Nibea Albiflora | Fresh
Nibea Albiflora - Fresh/IMG_20191113_060535.jpg,Nibea Albiflora,Fresh,3,1,Nibea Albiflora | Fresh
Nibea Albiflora - Fresh/IMG_20191113_060604_1.jpg,Nibea Albiflora,Fresh,3,1,Nibea Albiflora | Fresh
Nibea Albiflora - Fresh/IMG_20191113_060604_2.jpg,Nibea Albiflora,Fresh,3,1,Nibea Albiflora | Fresh
Nibea Albiflora - Fresh/IMG_20191113_060620_1.jpg,Nibea Albiflora,Fresh,3,1,Nibea Albiflora | Fresh
Nibea Albiflora - Fresh/IMG_20191113_060620_2.jpg,Nibea Albiflora,Fresh,3,1,Nibea Albiflora | Fresh
Nibea Albiflora - Fresh/IMG_20191113_060637_1.jpg,Nibea Albiflora,Fresh,3,1,Nibea Albiflora | Fresh
Nibea Albiflora - Fresh/IMG_20191113_060637_2.jpg,Nibea Albiflora,Fresh,3,1,Nibea Albiflora | Fresh
Nibea Albiflora - Fresh/IMG_20191113_060651_1.jpg,Nibea Albiflora,Fresh,3,1,Nibea Albiflora | Fresh
Nibea Albiflora - Fresh/IMG_20191113_060651_2.jpg,Nibea Albiflora,Fresh,3,1,Nibea Albiflora | Fresh
Nibea Albiflora - Fresh/IMG_20191113_060710_1.jpg,Nibea Albiflora,Fresh,3,1,Nibea Albiflora | Fresh
Nibea Albiflora - Fresh/IMG_20191113_060710_2.jpg,Nibea Albiflora,Fresh,3,1,Nibea Albiflora | Fresh
Nibea Albiflora - Fresh/IMG_20191113_060732_1.jpg,Nibea Albiflora,Fresh,3,1,Nibea Albiflora | Fresh
Nibea Albiflora - Fresh/IMG_20191113_060732_2.jpg,Nibea Albiflora,Fresh,3,1,Nibea Albiflora | Fresh
Nibea Albiflora - Fresh/IMG_20191113_060756_1.jpg,Nibea Albiflora,Fresh,3,1,Nibea Albiflora | Fresh
Nibea Albiflora - Fresh/IMG_20191113_060756_2.jpg,Nibea Albiflora,Fresh,3,1,Nibea Albiflora | Fresh
Nibea Albiflora - Fresh/IMG_20191113_060756_3.jpg,Nibea Albiflora,Fresh,3,1,Nibea Albiflora | Fresh
Nibea Albiflora - Fresh/IMG_20191113_060841.jpg,Nibea Albiflora,Fresh,3,1,Nibea Albiflora | Fresh
Nibea Albiflora - Fresh/IMG_20191113_060846.jpg,Nibea Albiflora,Fresh,3,1,Nibea Albiflora | Fresh
Nibea Albiflora - Fresh/IMG_20191113_060850.jpg,Nibea Albiflora,Fresh,3,1,Nibea Albiflora | Fresh
Nibea Albiflora - Fresh/IMG_20191113_060854.jpg,Nibea Albiflora,Fresh,3,1,Nibea Albiflora | Fresh
Nibea Albiflora - Fresh/IMG_20191113_060918.jpg,Nibea Albiflora,Fresh,3,1,Nibea Albiflora | Fresh
Nibea Albiflora - Fresh/IMG_20191113_060939_1.jpg,Nibea Albiflora,Fresh,3,1,Nibea Albiflora | Fresh
Nibea Albiflora - Fresh/IMG_20191113_060939_2.jpg,Nibea Albiflora,Fresh,3,1,Nibea Albiflora | Fresh
Nibea Albiflora - Fresh/IMG_20191113_060942_1.jpg,Nibea Albiflora,Fresh,3,1,Nibea Albiflora | Fresh
Nibea Albiflora - Fresh/IMG_20191113_060942_2.jpg,Nibea Albiflora,Fresh,3,1,Nibea Albiflora | Fresh
Nibea Albiflora - Fresh/IMG_20191113_060958.jpg,Nibea Albiflora,Fresh,3,1,Nibea Albiflora | Fresh
Nibea Albiflora - Fresh/IMG_20191113_060958_1.jpg,Nibea Albiflora,Fresh,3,1,Nibea Albiflora | Fresh
Nibea Albiflora - Fresh/IMG_20191113_061004.jpg,Nibea Albiflora,Fresh,3,1,Nibea Albiflora | Fresh
Nibea Albiflora - Fresh/IMG_20191113_061004_1.jpg,Nibea Albiflora,Fresh,3,1,Nibea Albiflora | Fresh
Nibea Albiflora - Fresh/IMG_20191113_061004_2.jpg,Nibea Albiflora,Fresh,3,1,Nibea Albiflora | Fresh
Nibea Albiflora - Fresh/IMG_20191113_061050_1.jpg,Nibea Albiflora,Fresh,3,1,Nibea Albiflora | Fresh
Nibea Albiflora - Fresh/IMG_20191113_061050_2.jpg,Nibea Albiflora,Fresh,3,1,Nibea Albiflora | Fresh
Nibea Albiflora - Fresh/IMG_20191113_061050_3.jpg,Nibea Albiflora,Fresh,3,1,Nibea Albiflora | Fresh
Nibea Albiflora - Fresh/IMG_20191113_061050_4.jpg,Nibea Albiflora,Fresh,3,1,Nibea Albiflora | Fresh
Nibea Albiflora - Fresh/IMG_20191113_061050_5.jpg,Nibea Albiflora,Fresh,3,1,Nibea Albiflora | Fresh
Nibea Albiflora - Fresh/IMG_20191113_061110.jpg,Nibea Albiflora,Fresh,3,1,Nibea Albiflora | Fresh
Nibea Albiflora - Fresh/IMG_20191113_061136_1.jpg,Nibea Albiflora,Fresh,3,1,Nibea Albiflora | Fresh
Nibea Albiflora - Fresh/IMG_20191113_061136_2.jpg,Nibea Albiflora,Fresh,3,1,Nibea Albiflora | Fresh
Nibea Albiflora - Fresh/IMG_20191113_061155_1.jpg,Nibea Albiflora,Fresh,3,1,Nibea Albiflora | Fresh
Nibea Albiflora - Fresh/IMG_20191113_061155_2.jpg,Nibea Albiflora,Fresh,3,1,Nibea Albiflora | Fresh
Nibea Albiflora - Highly Fresh/IMG_20191110_055936_1.jpg,Nibea Albiflora,Highly Fresh,3,0,Nibea Albiflora | Highly Fresh
Nibea Albiflora - Highly Fresh/IMG_20191110_055936_2.jpg,Nibea Albiflora,Highly Fresh,3,0,Nibea Albiflora | Highly Fresh
Nibea Albiflora - Highly Fresh/IMG_20191110_055936_3.jpg,Nibea Albiflora,Highly Fresh,3,0,Nibea Albiflora | Highly Fresh
Nibea Albiflora - Highly Fresh/IMG_20191110_055936_4.jpg,Nibea Albiflora,Highly Fresh,3,0,Nibea Albiflora | Highly Fresh
Nibea Albiflora - Highly Fresh/IMG_20191110_055936_5.jpg,Nibea Albiflora,Highly Fresh,3,0,Nibea Albiflora | Highly Fresh
Nibea Albiflora - Highly Fresh/IMG_20191110_055940_1.jpg,Nibea Albiflora,Highly Fresh,3,0,Nibea Albiflora | Highly Fresh
Nibea Albiflora - Highly Fresh/IMG_20191110_055940_2.jpg,Nibea Albiflora,Highly Fresh,3,0,Nibea Albiflora | Highly Fresh
Nibea Albiflora - Highly Fresh/IMG_20191110_055940_3.jpg,Nibea Albiflora,Highly Fresh,3,0,Nibea Albiflora | Highly Fresh
Nibea Albiflora - Highly Fresh/IMG_20191110_055940_4.jpg,Nibea Albiflora,Highly Fresh,3,0,Nibea Albiflora | Highly Fresh
Nibea Albiflora - Highly Fresh/IMG_20191110_055950.jpg,Nibea Albiflora,Highly Fresh,3,0,Nibea Albiflora | Highly Fresh
Nibea Albiflora - Highly Fresh/IMG_20191110_055950_1.jpg,Nibea Albiflora,Highly Fresh,3,0,Nibea Albiflora | Highly Fresh
Nibea Albiflora - Highly Fresh/IMG_20191110_055950_2.jpg,Nibea Albiflora,Highly Fresh,3,0,Nibea Albiflora | Highly Fresh
Nibea Albiflora - Highly Fresh/IMG_20191110_055950_3.jpg,Nibea Albiflora,Highly Fresh,3,0,Nibea Albiflora | Highly Fresh
Nibea Albiflora - Highly Fresh/IMG_20191110_055950_4.jpg,Nibea Albiflora,Highly Fresh,3,0,Nibea Albiflora | Highly Fresh
Nibea Albiflora - Highly Fresh/IMG_20191110_055955_1.jpg,Nibea Albiflora,Highly Fresh,3,0,Nibea Albiflora | Highly Fresh
Nibea Albiflora - Highly Fresh/IMG_20191110_055955_3.jpg,Nibea Albiflora,Highly Fresh,3,0,Nibea Albiflora | Highly Fresh
Nibea Albiflora - Highly Fresh/IMG_20191110_055955_4.jpg,Nibea Albiflora,Highly Fresh,3,0,Nibea Albiflora | Highly Fresh
Nibea Albiflora - Highly Fresh/IMG_20191110_060244_1.jpg,Nibea Albiflora,Highly Fresh,3,0,Nibea Albiflora | Highly Fresh
Nibea Albiflora - Highly Fresh/IMG_20191110_060244_2.jpg,Nibea Albiflora,Highly Fresh,3,0,Nibea Albiflora | Highly Fresh
Nibea Albiflora - Highly Fresh/IMG_20191110_060244_3.jpg,Nibea Albiflora,Highly Fresh,3,0,Nibea Albiflora | Highly Fresh
Nibea Albiflora - Highly Fresh/IMG_20191110_080424.jpg,Nibea Albiflora,Highly Fresh,3,0,Nibea Albiflora | Highly Fresh
Nibea Albiflora - Highly Fresh/IMG_20191110_080452.jpg,Nibea Albiflora,Highly Fresh,3,0,Nibea Albiflora | Highly Fresh
Nibea Albiflora - Highly Fresh/IMG_20191110_080459.jpg,Nibea Albiflora,Highly Fresh,3,0,Nibea Albiflora | Highly Fresh
Nibea Albiflora - Highly Fresh/IMG_20191110_080506.jpg,Nibea Albiflora,Highly Fresh,3,0,Nibea Albiflora | Highly Fresh
Nibea Albiflora - Highly Fresh/IMG_20191110_080512.jpg,Nibea Albiflora,Highly Fresh,3,0,Nibea Albiflora | Highly Fresh
Nibea Albiflora - Highly Fresh/IMG_20191110_080518.jpg,Nibea Albiflora,Highly Fresh,3,0,Nibea Albiflora | Highly Fresh
Nibea Albiflora - Highly Fresh/IMG_20191110_080522.jpg,Nibea Albiflora,Highly Fresh,3,0,Nibea Albiflora | Highly Fresh
Nibea Albiflora - Highly Fresh/IMG_20191110_080530.jpg,Nibea Albiflora,Highly Fresh,3,0,Nibea Albiflora | Highly Fresh
Nibea Albiflora - Highly Fresh/IMG_20191110_080535.jpg,Nibea Albiflora,Highly Fresh,3,0,Nibea Albiflora | Highly Fresh
Nibea Albiflora - Highly Fresh/IMG_20191110_080605.jpg,Nibea Albiflora,Highly Fresh,3,0,Nibea Albiflora | Highly Fresh
Nibea Albiflora - Highly Fresh/IMG_20191110_080608.jpg,Nibea Albiflora,Highly Fresh,3,0,Nibea Albiflora | Highly Fresh
Nibea Albiflora - Highly Fresh/IMG_20191110_080616.jpg,Nibea Albiflora,Highly Fresh,3,0,Nibea Albiflora | Highly Fresh
Nibea Albiflora - Highly Fresh/IMG_20191110_080623.jpg,Nibea Albiflora,Highly Fresh,3,0,Nibea Albiflora | Highly Fresh
Nibea Albiflora - Highly Fresh/IMG_20191110_080626.jpg,Nibea Albiflora,Highly Fresh,3,0,Nibea Albiflora | Highly Fresh
Nibea Albiflora - Highly Fresh/IMG_20191110_080704.jpg,Nibea Albiflora,Highly Fresh,3,0,Nibea Albiflora | Highly Fresh
Nibea Albiflora - Highly Fresh/IMG_20191110_080710.jpg,Nibea Albiflora,Highly Fresh,3,0,Nibea Albiflora | Highly Fresh
Nibea Albiflora - Highly Fresh/IMG_20191110_080713.jpg,Nibea Albiflora,Highly Fresh,3,0,Nibea Albiflora | Highly Fresh
Nibea Albiflora - Highly Fresh/IMG_20191110_080716.jpg,Nibea Albiflora,Highly Fresh,3,0,Nibea Albiflora | Highly Fresh
Nibea Albiflora - Highly Fresh/IMG_20191110_080719.jpg,Nibea Albiflora,Highly Fresh,3,0,Nibea Albiflora | Highly Fresh
Nibea Albiflora - Highly Fresh/IMG_20191110_080728.jpg,Nibea Albiflora,Highly Fresh,3,0,Nibea Albiflora | Highly Fresh
Nibea Albiflora - Highly Fresh/IMG_20191110_080728_1.jpg,Nibea Albiflora,Highly Fresh,3,0,Nibea Albiflora | Highly Fresh
Nibea Albiflora - Highly Fresh/IMG_20191110_080728_2.jpg,Nibea Albiflora,Highly Fresh,3,0,Nibea Albiflora | Highly Fresh
Nibea Albiflora - Highly Fresh/IMG_20191110_080739_1.jpg,Nibea Albiflora,Highly Fresh,3,0,Nibea Albiflora | Highly Fresh
Nibea Albiflora - Highly Fresh/IMG_20191110_080739_2.jpg,Nibea Albiflora,Highly Fresh,3,0,Nibea Albiflora | Highly Fresh
Nibea Albiflora - Highly Fresh/IMG_20191110_080739_3.jpg,Nibea Albiflora,Highly Fresh,3,0,Nibea Albiflora | Highly Fresh
Nibea Albiflora - Highly Fresh/IMG_20191110_080739_4.jpg,Nibea Albiflora,Highly Fresh,3,0,Nibea Albiflora | Highly Fresh
Nibea Albiflora - Highly Fresh/IMG_20191110_080800_1.jpg,Nibea Albiflora,Highly Fresh,3,0,Nibea Albiflora | Highly Fresh
Nibea Albiflora - Highly Fresh/IMG_20191110_080800_2.jpg,Nibea Albiflora,Highly Fresh,3,0,Nibea Albiflora | Highly Fresh
Nibea Albiflora - Highly Fresh/IMG_20191110_080800_3.jpg,Nibea Albiflora,Highly Fresh,3,0,Nibea Albiflora | Highly Fresh
Nibea Albiflora - Highly Fresh/IMG_20191110_080800_4.jpg,Nibea Albiflora,Highly Fresh,3,0,Nibea Albiflora | Highly Fresh
Nibea Albiflora - Highly Fresh/IMG_20191110_080814.jpg,Nibea Albiflora,Highly Fresh,3,0,Nibea Albiflora | Highly Fresh
Nibea Albiflora - Highly Fresh/IMG_20191110_080814_1.jpg,Nibea Albiflora,Highly Fresh,3,0,Nibea Albiflora | Highly Fresh
Nibea Albiflora - Highly Fresh/IMG_20191110_080814_2.jpg,Nibea Albiflora,Highly Fresh,3,0,Nibea Albiflora | Highly Fresh
Nibea Albiflora - Highly Fresh/IMG_20191110_080814_3.jpg,Nibea Albiflora,Highly Fresh,3,0,Nibea Albiflora | Highly Fresh
Nibea Albiflora - Highly Fresh/IMG_20191110_080814_4.jpg,Nibea Albiflora,Highly Fresh,3,0,Nibea Albiflora | Highly Fresh
Nibea Albiflora - Highly Fresh/IMG_20191110_080819.jpg,Nibea Albiflora,Highly Fresh,3,0,Nibea Albiflora | Highly Fresh
Nibea Albiflora - Highly Fresh/IMG_20191110_080819_1.jpg,Nibea Albiflora,Highly Fresh,3,0,Nibea Albiflora | Highly Fresh
Nibea Albiflora - Highly Fresh/IMG_20191110_080819_2.jpg,Nibea Albiflora,Highly Fresh,3,0,Nibea Albiflora | Highly Fresh
Nibea Albiflora - Highly Fresh/IMG_20191110_080819_3.jpg,Nibea Albiflora,Highly Fresh,3,0,Nibea Albiflora | Highly Fresh
Nibea Albiflora - Highly Fresh/IMG_20191110_080843.jpg,Nibea Albiflora,Highly Fresh,3,0,Nibea Albiflora | Highly Fresh
Nibea Albiflora - Highly Fresh/IMG_20191110_080845.jpg,Nibea Albiflora,Highly Fresh,3,0,Nibea Albiflora | Highly Fresh
Nibea Albiflora - Highly Fresh/IMG_20191110_080848.jpg,Nibea Albiflora,Highly Fresh,3,0,Nibea Albiflora | Highly Fresh
Nibea Albiflora - Highly Fresh/IMG_20191110_080850.jpg,Nibea Albiflora,Highly Fresh,3,0,Nibea Albiflora | Highly Fresh
Nibea Albiflora - Highly Fresh/IMG_20191110_080853.jpg,Nibea Albiflora,Highly Fresh,3,0,Nibea Albiflora | Highly Fresh
Nibea Albiflora - Highly Fresh/IMG_20191110_080908.jpg,Nibea Albiflora,Highly Fresh,3,0,Nibea Albiflora | Highly Fresh
Nibea Albiflora - Highly Fresh/IMG_20191110_080914.jpg,Nibea Albiflora,Highly Fresh,3,0,Nibea Albiflora | Highly Fresh
Nibea Albiflora - Highly Fresh/IMG_20191110_080917.jpg,Nibea Albiflora,Highly Fresh,3,0,Nibea Albiflora | Highly Fresh
Nibea Albiflora - Highly Fresh/IMG_20191110_080920.jpg,Nibea Albiflora,Highly Fresh,3,0,Nibea Albiflora | Highly Fresh
Nibea Albiflora - Highly Fresh/IMG_20191110_080923.jpg,Nibea Albiflora,Highly Fresh,3,0,Nibea Albiflora | Highly Fresh
Nibea Albiflora - Highly Fresh/IMG_20191110_080931_1.jpg,Nibea Albiflora,Highly Fresh,3,0,Nibea Albiflora | Highly Fresh
Nibea Albiflora - Highly Fresh/IMG_20191110_080931_2.jpg,Nibea Albiflora,Highly Fresh,3,0,Nibea Albiflora | Highly Fresh
Nibea Albiflora - Highly Fresh/IMG_20191110_080931_3.jpg,Nibea Albiflora,Highly Fresh,3,0,Nibea Albiflora | Highly Fresh
Nibea Albiflora - Highly Fresh/IMG_20191110_080942_1.jpg,Nibea Albiflora,Highly Fresh,3,0,Nibea Albiflora | Highly Fresh
Nibea Albiflora - Highly Fresh/IMG_20191110_080942_2.jpg,Nibea Albiflora,Highly Fresh,3,0,Nibea Albiflora | Highly Fresh
Nibea Albiflora - Highly Fresh/IMG_20191110_080942_3.jpg,Nibea Albiflora,Highly Fresh,3,0,Nibea Albiflora | Highly Fresh
Nibea Albiflora - Highly Fresh/IMG_20191110_080942_4.jpg,Nibea Albiflora,Highly Fresh,3,0,Nibea Albiflora | Highly Fresh
Nibea Albiflora - Highly Fresh/IMG_20191110_080954.jpg,Nibea Albiflora,Highly Fresh,3,0,Nibea Albiflora | Highly Fresh
Nibea Albiflora - Highly Fresh/IMG_20191110_080954_1.jpg,Nibea Albiflora,Highly Fresh,3,0,Nibea Albiflora | Highly Fresh
Nibea Albiflora - Highly Fresh/IMG_20191110_080954_3.jpg,Nibea Albiflora,Highly Fresh,3,0,Nibea Albiflora | Highly Fresh
Nibea Albiflora - Highly Fresh/IMG_20191110_081040_1.jpg,Nibea Albiflora,Highly Fresh,3,0,Nibea Albiflora | Highly Fresh
Nibea Albiflora - Highly Fresh/IMG_20191110_081040_2.jpg,Nibea Albiflora,Highly Fresh,3,0,Nibea Albiflora | Highly Fresh
Nibea Albiflora - Highly Fresh/IMG_20191110_081040_3.jpg,Nibea Albiflora,Highly Fresh,3,0,Nibea Albiflora | Highly Fresh
Nibea Albiflora - Highly Fresh/IMG_20191110_081040_4.jpg,Nibea Albiflora,Highly Fresh,3,0,Nibea Albiflora | Highly Fresh
Nibea Albiflora - Highly Fresh/IMG_20191111_062947.jpg,Nibea Albiflora,Highly Fresh,3,0,Nibea Albiflora | Highly Fresh
Nibea Albiflora - Highly Fresh/IMG_20191111_062956.jpg,Nibea Albiflora,Highly Fresh,3,0,Nibea Albiflora | Highly Fresh
Nibea Albiflora - Highly Fresh/IMG_20191111_063008.jpg,Nibea Albiflora,Highly Fresh,3,0,Nibea Albiflora | Highly Fresh
Nibea Albiflora - Highly Fresh/IMG_20191111_063016.jpg,Nibea Albiflora,Highly Fresh,3,0,Nibea Albiflora | Highly Fresh
Nibea Albiflora - Highly Fresh/IMG_20191111_063024.jpg,Nibea Albiflora,Highly Fresh,3,0,Nibea Albiflora | Highly Fresh
Nibea Albiflora - Highly Fresh/IMG_20191111_063031.jpg,Nibea Albiflora,Highly Fresh,3,0,Nibea Albiflora | Highly Fresh
Nibea Albiflora - Highly Fresh/IMG_20191111_063040.jpg,Nibea Albiflora,Highly Fresh,3,0,Nibea Albiflora | Highly Fresh
Nibea Albiflora - Highly Fresh/IMG_20191111_063047.jpg,Nibea Albiflora,Highly Fresh,3,0,Nibea Albiflora | Highly Fresh
Nibea Albiflora - Highly Fresh/IMG_20191111_063058.jpg,Nibea Albiflora,Highly Fresh,3,0,Nibea Albiflora | Highly Fresh
Nibea Albiflora - Highly Fresh/IMG_20191111_063104.jpg,Nibea Albiflora,Highly Fresh,3,0,Nibea Albiflora | Highly Fresh
Nibea Albiflora - Highly Fresh/IMG_20191111_063114_1.jpg,Nibea Albiflora,Highly Fresh,3,0,Nibea Albiflora | Highly Fresh
Nibea Albiflora - Highly Fresh/IMG_20191111_063114_2.jpg,Nibea Albiflora,Highly Fresh,3,0,Nibea Albiflora | Highly Fresh
Nibea Albiflora - Highly Fresh/IMG_20191111_063121_1.jpg,Nibea Albiflora,Highly Fresh,3,0,Nibea Albiflora | Highly Fresh
Nibea Albiflora - Highly Fresh/IMG_20191111_063121_2.jpg,Nibea Albiflora,Highly Fresh,3,0,Nibea Albiflora | Highly Fresh
Nibea Albiflora - Highly Fresh/IMG_20191111_063121_3.jpg,Nibea Albiflora,Highly Fresh,3,0,Nibea Albiflora | Highly Fresh
Nibea Albiflora - Highly Fresh/IMG_20191111_063134_1.jpg,Nibea Albiflora,Highly Fresh,3,0,Nibea Albiflora | Highly Fresh
Nibea Albiflora - Highly Fresh/IMG_20191111_063134_2.jpg,Nibea Albiflora,Highly Fresh,3,0,Nibea Albiflora | Highly Fresh
Nibea Albiflora - Highly Fresh/IMG_20191111_063134_3.jpg,Nibea Albiflora,Highly Fresh,3,0,Nibea Albiflora | Highly Fresh
Nibea Albiflora - Highly Fresh/IMG_20191111_063134_4.jpg,Nibea Albiflora,Highly Fresh,3,0,Nibea Albiflora | Highly Fresh
Nibea Albiflora - Highly Fresh/IMG_20191111_063205.jpg,Nibea Albiflora,Highly Fresh,3,0,Nibea Albiflora | Highly Fresh
Nibea Albiflora - Highly Fresh/IMG_20191111_063212.jpg,Nibea Albiflora,Highly Fresh,3,0,Nibea Albiflora | Highly Fresh
Nibea Albiflora - Highly Fresh/IMG_20191111_063216.jpg,Nibea Albiflora,Highly Fresh,3,0,Nibea Albiflora | Highly Fresh
Nibea Albiflora - Highly Fresh/IMG_20191111_063222.jpg,Nibea Albiflora,Highly Fresh,3,0,Nibea Albiflora | Highly Fresh
Nibea Albiflora - Highly Fresh/IMG_20191111_063231.jpg,Nibea Albiflora,Highly Fresh,3,0,Nibea Albiflora | Highly Fresh
Nibea Albiflora - Highly Fresh/IMG_20191111_063250.jpg,Nibea Albiflora,Highly Fresh,3,0,Nibea Albiflora | Highly Fresh
Nibea Albiflora - Highly Fresh/IMG_20191111_063253.jpg,Nibea Albiflora,Highly Fresh,3,0,Nibea Albiflora | Highly Fresh
Nibea Albiflora - Highly Fresh/IMG_20191111_063257.jpg,Nibea Albiflora,Highly Fresh,3,0,Nibea Albiflora | Highly Fresh
Nibea Albiflora - Highly Fresh/IMG_20191111_063302.jpg,Nibea Albiflora,Highly Fresh,3,0,Nibea Albiflora | Highly Fresh
Nibea Albiflora - Highly Fresh/IMG_20191111_063309.jpg,Nibea Albiflora,Highly Fresh,3,0,Nibea Albiflora | Highly Fresh
Nibea Albiflora - Highly Fresh/IMG_20191111_063323.jpg,Nibea Albiflora,Highly Fresh,3,0,Nibea Albiflora | Highly Fresh
Nibea Albiflora - Highly Fresh/IMG_20191111_063323_1.jpg,Nibea Albiflora,Highly Fresh,3,0,Nibea Albiflora | Highly Fresh
Nibea Albiflora - Highly Fresh/IMG_20191111_063332.jpg,Nibea Albiflora,Highly Fresh,3,0,Nibea Albiflora | Highly Fresh
Nibea Albiflora - Highly Fresh/IMG_20191111_063332_1.jpg,Nibea Albiflora,Highly Fresh,3,0,Nibea Albiflora | Highly Fresh
Nibea Albiflora - Highly Fresh/IMG_20191111_063332_3.jpg,Nibea Albiflora,Highly Fresh,3,0,Nibea Albiflora | Highly Fresh
Nibea Albiflora - Highly Fresh/IMG_20191111_063340_1.jpg,Nibea Albiflora,Highly Fresh,3,0,Nibea Albiflora | Highly Fresh
Nibea Albiflora - Highly Fresh/IMG_20191111_063340_2.jpg,Nibea Albiflora,Highly Fresh,3,0,Nibea Albiflora | Highly Fresh
Nibea Albiflora - Highly Fresh/IMG_20191111_063340_3.jpg,Nibea Albiflora,Highly Fresh,3,0,Nibea Albiflora | Highly Fresh
Nibea Albiflora - Highly Fresh/IMG_20191111_063348_1.jpg,Nibea Albiflora,Highly Fresh,3,0,Nibea Albiflora | Highly Fresh
Nibea Albiflora - Highly Fresh/IMG_20191111_063348_2.jpg,Nibea Albiflora,Highly Fresh,3,0,Nibea Albiflora | Highly Fresh
Nibea Albiflora - Highly Fresh/IMG_20191111_063405_1.jpg,Nibea Albiflora,Highly Fresh,3,0,Nibea Albiflora | Highly Fresh
Nibea Albiflora - Highly Fresh/IMG_20191111_063405_2.jpg,Nibea Albiflora,Highly Fresh,3,0,Nibea Albiflora | Highly Fresh
Nibea Albiflora - Highly Fresh/IMG_20191111_063405_3.jpg,Nibea Albiflora,Highly Fresh,3,0,Nibea Albiflora | Highly Fresh
Nibea Albiflora - Highly Fresh/IMG_20191111_063413_1.jpg,Nibea Albiflora,Highly Fresh,3,0,Nibea Albiflora | Highly Fresh
Nibea Albiflora - Highly Fresh/IMG_20191111_063413_2.jpg,Nibea Albiflora,Highly Fresh,3,0,Nibea Albiflora | Highly Fresh
Nibea Albiflora - Highly Fresh/IMG_20191111_063413_3.jpg,Nibea Albiflora,Highly Fresh,3,0,Nibea Albiflora | Highly Fresh
Nibea Albiflora - Highly Fresh/IMG_20191111_063413_4.jpg,Nibea Albiflora,Highly Fresh,3,0,Nibea Albiflora | Highly Fresh
Nibea Albiflora - Highly Fresh/IMG_20191111_063422_1.jpg,Nibea Albiflora,Highly Fresh,3,0,Nibea Albiflora | Highly Fresh
Nibea Albiflora - Highly Fresh/IMG_20191111_063422_2.jpg,Nibea Albiflora,Highly Fresh,3,0,Nibea Albiflora | Highly Fresh
Nibea Albiflora - Highly Fresh/IMG_20191111_063422_3.jpg,Nibea Albiflora,Highly Fresh,3,0,Nibea Albiflora | Highly Fresh
Nibea Albiflora - Highly Fresh/IMG_20191111_063422_4.jpg,Nibea Albiflora,Highly Fresh,3,0,Nibea Albiflora | Highly Fresh
Nibea Albiflora - Highly Fresh/IMG_20191111_063422_5.jpg,Nibea Albiflora,Highly Fresh,3,0,Nibea Albiflora | Highly Fresh
Nibea Albiflora - Highly Fresh/IMG_20191111_063523_1.jpg,Nibea Albiflora,Highly Fresh,3,0,Nibea Albiflora | Highly Fresh
Nibea Albiflora - Highly Fresh/IMG_20191111_063523_2.jpg,Nibea Albiflora,Highly Fresh,3,0,Nibea Albiflora | Highly Fresh
Nibea Albiflora - Highly Fresh/IMG_20191111_063523_3.jpg,Nibea Albiflora,Highly Fresh,3,0,Nibea Albiflora | Highly Fresh
Nibea Albiflora - Highly Fresh/IMG_20191111_063526_1.jpg,Nibea Albiflora,Highly Fresh,3,0,Nibea Albiflora | Highly Fresh
Nibea Albiflora - Highly Fresh/IMG_20191111_063526_3.jpg,Nibea Albiflora,Highly Fresh,3,0,Nibea Albiflora | Highly Fresh
Nibea Albiflora - Highly Fresh/IMG_20191111_063543.jpg,Nibea Albiflora,Highly Fresh,3,0,Nibea Albiflora | Highly Fresh
Nibea Albiflora - Highly Fresh/IMG_20191111_063550.jpg,Nibea Albiflora,Highly Fresh,3,0,Nibea Albiflora | Highly Fresh
Nibea Albiflora - Highly Fresh/IMG_20191111_063606.jpg,Nibea Albiflora,Highly Fresh,3,0,Nibea Albiflora | Highly Fresh
Nibea Albiflora - Highly Fresh/IMG_20191111_063606_2.jpg,Nibea Albiflora,Highly Fresh,3,0,Nibea Albiflora | Highly Fresh
Nibea Albiflora - Highly Fresh/IMG_20191111_063623_1.jpg,Nibea Albiflora,Highly Fresh,3,0,Nibea Albiflora | Highly Fresh
Nibea Albiflora - Highly Fresh/IMG_20191111_063623_2.jpg,Nibea Albiflora,Highly Fresh,3,0,Nibea Albiflora | Highly Fresh
Nibea Albiflora - Highly Fresh/IMG_20191111_063658.jpg,Nibea Albiflora,Highly Fresh,3,0,Nibea Albiflora | Highly Fresh
Nibea Albiflora - Highly Fresh/IMG_20191111_063709.jpg,Nibea Albiflora,Highly Fresh,3,0,Nibea Albiflora | Highly Fresh
Nibea Albiflora - Highly Fresh/IMG_20191111_063738.jpg,Nibea Albiflora,Highly Fresh,3,0,Nibea Albiflora | Highly Fresh
Nibea Albiflora - Highly Fresh/IMG_20191111_063753_1.jpg,Nibea Albiflora,Highly Fresh,3,0,Nibea Albiflora | Highly Fresh
Nibea Albiflora - Highly Fresh/IMG_20191111_063753_2.jpg,Nibea Albiflora,Highly Fresh,3,0,Nibea Albiflora | Highly Fresh
Nibea Albiflora - Highly Fresh/IMG_20191111_063753_3.jpg,Nibea Albiflora,Highly Fresh,3,0,Nibea Albiflora | Highly Fresh
Nibea Albiflora - Highly Fresh/IMG_20191111_063753_4.jpg,Nibea Albiflora,Highly Fresh,3,0,Nibea Albiflora | Highly Fresh
Nibea Albiflora - Highly Fresh/IMG_20191111_063753_5.jpg,Nibea Albiflora,Highly Fresh,3,0,Nibea Albiflora | Highly Fresh
Nibea Albiflora - Highly Fresh/IMG_20191111_063924_1.jpg,Nibea Albiflora,Highly Fresh,3,0,Nibea Albiflora | Highly Fresh
Nibea Albiflora - Highly Fresh/IMG_20191111_063924_2.jpg,Nibea Albiflora,Highly Fresh,3,0,Nibea Albiflora | Highly Fresh
Nibea Albiflora - Highly Fresh/IMG_20191111_063924_3.jpg,Nibea Albiflora,Highly Fresh,3,0,Nibea Albiflora | Highly Fresh
Nibea Albiflora - Highly Fresh/IMG_20191111_063924_4.jpg,Nibea Albiflora,Highly Fresh,3,0,Nibea Albiflora | Highly Fresh
Nibea Albiflora - Highly Fresh/IMG_20191111_063940_!.jpg,Nibea Albiflora,Highly Fresh,3,0,Nibea Albiflora | Highly Fresh
Nibea Albiflora - Highly Fresh/IMG_20191111_063940_2.jpg,Nibea Albiflora,Highly Fresh,3,0,Nibea Albiflora | Highly Fresh
Nibea Albiflora - Highly Fresh/IMG_20191111_063940_3.jpg,Nibea Albiflora,Highly Fresh,3,0,Nibea Albiflora | Highly Fresh
Nibea Albiflora - Highly Fresh/IMG_20191111_063940_4.jpg,Nibea Albiflora,Highly Fresh,3,0,Nibea Albiflora | Highly Fresh
Nibea Albiflora - Highly Fresh/IMG_20191111_063952_1.jpg,Nibea Albiflora,Highly Fresh,3,0,Nibea Albiflora | Highly Fresh
Nibea Albiflora - Highly Fresh/IMG_20191111_063952_2.jpg,Nibea Albiflora,Highly Fresh,3,0,Nibea Albiflora | Highly Fresh
Nibea Albiflora - Highly Fresh/IMG_20191111_063952_3.jpg,Nibea Albiflora,Highly Fresh,3,0,Nibea Albiflora | Highly Fresh
Nibea Albiflora - Highly Fresh/IMG_20191111_063952_4.jpg,Nibea Albiflora,Highly Fresh,3,0,Nibea Albiflora | Highly Fresh
Nibea Albiflora - Highly Fresh/IMG_20191111_064057_1.jpg,Nibea Albiflora,Highly Fresh,3,0,Nibea Albiflora | Highly Fresh
Nibea Albiflora - Highly Fresh/IMG_20191111_064057_2.jpg,Nibea Albiflora,Highly Fresh,3,0,Nibea Albiflora | Highly Fresh
Nibea Albiflora - Highly Fresh/IMG_20191111_064114.jpg,Nibea Albiflora,Highly Fresh,3,0,Nibea Albiflora | Highly Fresh
Nibea Albiflora - Highly Fresh/IMG_20191111_064118.jpg,Nibea Albiflora,Highly Fresh,3,0,Nibea Albiflora | Highly Fresh
Nibea Albiflora - Highly Fresh/IMG_20191111_064124.jpg,Nibea Albiflora,Highly Fresh,3,0,Nibea Albiflora | Highly Fresh
Nibea Albiflora - Highly Fresh/IMG_20191111_064131.jpg,Nibea Albiflora,Highly Fresh,3,0,Nibea Albiflora | Highly Fresh
Nibea Albiflora - Highly Fresh/IMG_20191111_064155.jpg,Nibea Albiflora,Highly Fresh,3,0,Nibea Albiflora | Highly Fresh
Nibea Albiflora - Highly Fresh/IMG_20191111_064200.jpg,Nibea Albiflora,Highly Fresh,3,0,Nibea Albiflora | Highly Fresh
Nibea Albiflora - Not Fresh/IMG_20191114_062321.jpg,Nibea Albiflora,Not Fresh,3,2,Nibea Albiflora | Not Fresh
Nibea Albiflora - Not Fresh/IMG_20191114_062331.jpg,Nibea Albiflora,Not Fresh,3,2,Nibea Albiflora | Not Fresh
Nibea Albiflora - Not Fresh/IMG_20191114_062350.jpg,Nibea Albiflora,Not Fresh,3,2,Nibea Albiflora | Not Fresh
Nibea Albiflora - Not Fresh/IMG_20191114_062359.jpg,Nibea Albiflora,Not Fresh,3,2,Nibea Albiflora | Not Fresh
Nibea Albiflora - Not Fresh/IMG_20191114_062409.jpg,Nibea Albiflora,Not Fresh,3,2,Nibea Albiflora | Not Fresh
Nibea Albiflora - Not Fresh/IMG_20191114_062417.jpg,Nibea Albiflora,Not Fresh,3,2,Nibea Albiflora | Not Fresh
Nibea Albiflora - Not Fresh/IMG_20191114_062427.jpg,Nibea Albiflora,Not Fresh,3,2,Nibea Albiflora | Not Fresh
Nibea Albiflora - Not Fresh/IMG_20191114_062434.jpg,Nibea Albiflora,Not Fresh,3,2,Nibea Albiflora | Not Fresh
Nibea Albiflora - Not Fresh/IMG_20191114_062444.jpg,Nibea Albiflora,Not Fresh,3,2,Nibea Albiflora | Not Fresh
Nibea Albiflora - Not Fresh/IMG_20191114_062450.jpg,Nibea Albiflora,Not Fresh,3,2,Nibea Albiflora | Not Fresh
Nibea Albiflora - Not Fresh/IMG_20191114_062518_1.jpg,Nibea Albiflora,Not Fresh,3,2,Nibea Albiflora | Not Fresh
Nibea Albiflora - Not Fresh/IMG_20191114_062518_2.jpg,Nibea Albiflora,Not Fresh,3,2,Nibea Albiflora | Not Fresh
Nibea Albiflora - Not Fresh/IMG_20191114_062526_1.jpg,Nibea Albiflora,Not Fresh,3,2,Nibea Albiflora | Not Fresh
Nibea Albiflora - Not Fresh/IMG_20191114_062526_2.jpg,Nibea Albiflora,Not Fresh,3,2,Nibea Albiflora | Not Fresh
Nibea Albiflora - Not Fresh/IMG_20191114_062526_3.jpg,Nibea Albiflora,Not Fresh,3,2,Nibea Albiflora | Not Fresh
Nibea Albiflora - Not Fresh/IMG_20191114_062537_1.jpg,Nibea Albiflora,Not Fresh,3,2,Nibea Albiflora | Not Fresh
Nibea Albiflora - Not Fresh/IMG_20191114_062537_2.jpg,Nibea Albiflora,Not Fresh,3,2,Nibea Albiflora | Not Fresh
Nibea Albiflora - Not Fresh/IMG_20191114_062537_3.jpg,Nibea Albiflora,Not Fresh,3,2,Nibea Albiflora | Not Fresh
Nibea Albiflora - Not Fresh/IMG_20191114_062537_4.jpg,Nibea Albiflora,Not Fresh,3,2,Nibea Albiflora | Not Fresh
Nibea Albiflora - Not Fresh/IMG_20191114_062617.jpg,Nibea Albiflora,Not Fresh,3,2,Nibea Albiflora | Not Fresh
Nibea Albiflora - Not Fresh/IMG_20191114_062621.jpg,Nibea Albiflora,Not Fresh,3,2,Nibea Albiflora | Not Fresh
Nibea Albiflora - Not Fresh/IMG_20191114_062624.jpg,Nibea Albiflora,Not Fresh,3,2,Nibea Albiflora | Not Fresh
Nibea Albiflora - Not Fresh/IMG_20191114_062628.jpg,Nibea Albiflora,Not Fresh,3,2,Nibea Albiflora | Not Fresh
Nibea Albiflora - Not Fresh/IMG_20191114_062635.jpg,Nibea Albiflora,Not Fresh,3,2,Nibea Albiflora | Not Fresh
Nibea Albiflora - Not Fresh/IMG_20191114_062649.jpg,Nibea Albiflora,Not Fresh,3,2,Nibea Albiflora | Not Fresh
Nibea Albiflora - Not Fresh/IMG_20191114_062652.jpg,Nibea Albiflora,Not Fresh,3,2,Nibea Albiflora | Not Fresh
Nibea Albiflora - Not Fresh/IMG_20191114_062656.jpg,Nibea Albiflora,Not Fresh,3,2,Nibea Albiflora | Not Fresh
Nibea Albiflora - Not Fresh/IMG_20191114_062659.jpg,Nibea Albiflora,Not Fresh,3,2,Nibea Albiflora | Not Fresh
Nibea Albiflora - Not Fresh/IMG_20191114_062704.jpg,Nibea Albiflora,Not Fresh,3,2,Nibea Albiflora | Not Fresh
Nibea Albiflora - Not Fresh/IMG_20191114_062715.jpg,Nibea Albiflora,Not Fresh,3,2,Nibea Albiflora | Not Fresh
Nibea Albiflora - Not Fresh/IMG_20191114_062715_1.jpg,Nibea Albiflora,Not Fresh,3,2,Nibea Albiflora | Not Fresh
Nibea Albiflora - Not Fresh/IMG_20191114_062717_1.jpg,Nibea Albiflora,Not Fresh,3,2,Nibea Albiflora | Not Fresh
Nibea Albiflora - Not Fresh/IMG_20191114_062717_2.jpg,Nibea Albiflora,Not Fresh,3,2,Nibea Albiflora | Not Fresh
Nibea Albiflora - Not Fresh/IMG_20191114_062726_1.jpg,Nibea Albiflora,Not Fresh,3,2,Nibea Albiflora | Not Fresh
Nibea Albiflora - Not Fresh/IMG_20191114_062726_2.jpg,Nibea Albiflora,Not Fresh,3,2,Nibea Albiflora | Not Fresh
Nibea Albiflora - Not Fresh/IMG_20191114_062726_3.jpg,Nibea Albiflora,Not Fresh,3,2,Nibea Albiflora | Not Fresh
Nibea Albiflora - Not Fresh/IMG_20191114_062728_1.jpg,Nibea Albiflora,Not Fresh,3,2,Nibea Albiflora | Not Fresh
Nibea Albiflora - Not Fresh/IMG_20191114_062728_2.jpg,Nibea Albiflora,Not Fresh,3,2,Nibea Albiflora | Not Fresh
Nibea Albiflora - Not Fresh/IMG_20191114_062813.jpg,Nibea Albiflora,Not Fresh,3,2,Nibea Albiflora | Not Fresh
Nibea Albiflora - Not Fresh/IMG_20191114_062815.jpg,Nibea Albiflora,Not Fresh,3,2,Nibea Albiflora | Not Fresh
Nibea Albiflora - Not Fresh/IMG_20191114_062820.jpg,Nibea Albiflora,Not Fresh,3,2,Nibea Albiflora | Not Fresh
Nibea Albiflora - Not Fresh/IMG_20191114_062823.jpg,Nibea Albiflora,Not Fresh,3,2,Nibea Albiflora | Not Fresh
Nibea Albiflora - Not Fresh/IMG_20191114_062829.jpg,Nibea Albiflora,Not Fresh,3,2,Nibea Albiflora | Not Fresh
Nibea Albiflora - Not Fresh/IMG_20191114_062859.jpg,Nibea Albiflora,Not Fresh,3,2,Nibea Albiflora | Not Fresh
Nibea Albiflora - Not Fresh/IMG_20191114_062904.jpg,Nibea Albiflora,Not Fresh,3,2,Nibea Albiflora | Not Fresh
Nibea Albiflora - Not Fresh/IMG_20191114_062907.jpg,Nibea Albiflora,Not Fresh,3,2,Nibea Albiflora | Not Fresh
Nibea Albiflora - Not Fresh/IMG_20191114_062909.jpg,Nibea Albiflora,Not Fresh,3,2,Nibea Albiflora | Not Fresh
Nibea Albiflora - Not Fresh/IMG_20191114_062913.jpg,Nibea Albiflora,Not Fresh,3,2,Nibea Albiflora | Not Fresh
Nibea Albiflora - Not Fresh/IMG_20191114_062924.jpg,Nibea Albiflora,Not Fresh,3,2,Nibea Albiflora | Not Fresh
Nibea Albiflora - Not Fresh/IMG_20191114_062924_1.jpg,Nibea Albiflora,Not Fresh,3,2,Nibea Albiflora | Not Fresh
Nibea Albiflora - Not Fresh/IMG_20191114_062929_1.jpg,Nibea Albiflora,Not Fresh,3,2,Nibea Albiflora | Not Fresh
Nibea Albiflora - Not Fresh/IMG_20191114_062929_2.jpg,Nibea Albiflora,Not Fresh,3,2,Nibea Albiflora | Not Fresh
Nibea Albiflora - Not Fresh/IMG_20191114_062947_1.jpg,Nibea Albiflora,Not Fresh,3,2,Nibea Albiflora | Not Fresh
Nibea Albiflora - Not Fresh/IMG_20191114_062947_2.jpg,Nibea Albiflora,Not Fresh,3,2,Nibea Albiflora | Not Fresh
Nibea Albiflora - Not Fresh/IMG_20191114_062947_3.jpg,Nibea Albiflora,Not Fresh,3,2,Nibea Albiflora | Not Fresh
Nibea Albiflora - Not Fresh/IMG_20191114_062947_4.jpg,Nibea Albiflora,Not Fresh,3,2,Nibea Albiflora | Not Fresh
Nibea Albiflora - Not Fresh/IMG_20191114_062947_5.jpg,Nibea Albiflora,Not Fresh,3,2,Nibea Albiflora | Not Fresh
Nibea Albiflora - Not Fresh/IMG_20191114_063043_1.jpg,Nibea Albiflora,Not Fresh,3,2,Nibea Albiflora | Not Fresh
Nibea Albiflora - Not Fresh/IMG_20191114_063043_2.jpg,Nibea Albiflora,Not Fresh,3,2,Nibea Albiflora | Not Fresh
Nibea Albiflora - Not Fresh/IMG_20191114_063043_3.jpg,Nibea Albiflora,Not Fresh,3,2,Nibea Albiflora | Not Fresh
Nibea Albiflora - Not Fresh/IMG_20191114_063051.jpg,Nibea Albiflora,Not Fresh,3,2,Nibea Albiflora | Not Fresh
Nibea Albiflora - Not Fresh/IMG_20191114_063051_1.jpg,Nibea Albiflora,Not Fresh,3,2,Nibea Albiflora | Not Fresh
Nibea Albiflora - Not Fresh/IMG_20191115_061638.jpg,Nibea Albiflora,Not Fresh,3,2,Nibea Albiflora | Not Fresh
Nibea Albiflora - Not Fresh/IMG_20191115_061649.jpg,Nibea Albiflora,Not Fresh,3,2,Nibea Albiflora | Not Fresh
Nibea Albiflora - Not Fresh/IMG_20191115_061705.jpg,Nibea Albiflora,Not Fresh,3,2,Nibea Albiflora | Not Fresh
Nibea Albiflora - Not Fresh/IMG_20191115_061718.jpg,Nibea Albiflora,Not Fresh,3,2,Nibea Albiflora | Not Fresh
Nibea Albiflora - Not Fresh/IMG_20191115_061735.jpg,Nibea Albiflora,Not Fresh,3,2,Nibea Albiflora | Not Fresh
Nibea Albiflora - Not Fresh/IMG_20191115_061751.jpg,Nibea Albiflora,Not Fresh,3,2,Nibea Albiflora | Not Fresh
Nibea Albiflora - Not Fresh/IMG_20191115_061807.jpg,Nibea Albiflora,Not Fresh,3,2,Nibea Albiflora | Not Fresh
Nibea Albiflora - Not Fresh/IMG_20191115_061820.jpg,Nibea Albiflora,Not Fresh,3,2,Nibea Albiflora | Not Fresh
Nibea Albiflora - Not Fresh/IMG_20191115_061923_1.jpg,Nibea Albiflora,Not Fresh,3,2,Nibea Albiflora | Not Fresh
Nibea Albiflora - Not Fresh/IMG_20191115_061923_2.jpg,Nibea Albiflora,Not Fresh,3,2,Nibea Albiflora | Not Fresh
Nibea Albiflora - Not Fresh/IMG_20191115_061943.jpg,Nibea Albiflora,Not Fresh,3,2,Nibea Albiflora | Not Fresh
Nibea Albiflora - Not Fresh/IMG_20191115_061943_1.jpg,Nibea Albiflora,Not Fresh,3,2,Nibea Albiflora | Not Fresh
Nibea Albiflora - Not Fresh/IMG_20191115_061943_2.jpg,Nibea Albiflora,Not Fresh,3,2,Nibea Albiflora | Not Fresh
Nibea Albiflora - Not Fresh/IMG_20191115_062001_1.jpg,Nibea Albiflora,Not Fresh,3,2,Nibea Albiflora | Not Fresh
Nibea Albiflora - Not Fresh/IMG_20191115_062001_2.jpg,Nibea Albiflora,Not Fresh,3,2,Nibea Albiflora | Not Fresh
Nibea Albiflora - Not Fresh/IMG_20191115_062001_3.jpg,Nibea Albiflora,Not Fresh,3,2,Nibea Albiflora | Not Fresh
Nibea Albiflora - Not Fresh/IMG_20191115_062016_1.jpg,Nibea Albiflora,Not Fresh,3,2,Nibea Albiflora | Not Fresh
Nibea Albiflora - Not Fresh/IMG_20191115_062016_2.jpg,Nibea Albiflora,Not Fresh,3,2,Nibea Albiflora | Not Fresh
Nibea Albiflora - Not Fresh/IMG_20191115_062016_3.jpg,Nibea Albiflora,Not Fresh,3,2,Nibea Albiflora | Not Fresh
Nibea Albiflora - Not Fresh/IMG_20191115_062016_4.jpg,Nibea Albiflora,Not Fresh,3,2,Nibea Albiflora | Not Fresh
Nibea Albiflora - Not Fresh/IMG_20191115_062045.jpg,Nibea Albiflora,Not Fresh,3,2,Nibea Albiflora | Not Fresh
Nibea Albiflora - Not Fresh/IMG_20191115_062049.jpg,Nibea Albiflora,Not Fresh,3,2,Nibea Albiflora | Not Fresh
Nibea Albiflora - Not Fresh/IMG_20191115_062053.jpg,Nibea Albiflora,Not Fresh,3,2,Nibea Albiflora | Not Fresh
Nibea Albiflora - Not Fresh/IMG_20191115_062056.jpg,Nibea Albiflora,Not Fresh,3,2,Nibea Albiflora | Not Fresh
Nibea Albiflora - Not Fresh/IMG_20191115_062111.jpg,Nibea Albiflora,Not Fresh,3,2,Nibea Albiflora | Not Fresh
Nibea Albiflora - Not Fresh/IMG_20191115_062130.jpg,Nibea Albiflora,Not Fresh,3,2,Nibea Albiflora | Not Fresh
Nibea Albiflora - Not Fresh/IMG_20191115_062133.jpg,Nibea Albiflora,Not Fresh,3,2,Nibea Albiflora | Not Fresh
Nibea Albiflora - Not Fresh/IMG_20191115_062136.jpg,Nibea Albiflora,Not Fresh,3,2,Nibea Albiflora | Not Fresh
Nibea Albiflora - Not Fresh/IMG_20191115_062141.jpg,Nibea Albiflora,Not Fresh,3,2,Nibea Albiflora | Not Fresh
Nibea Albiflora - Not Fresh/IMG_20191115_062149.jpg,Nibea Albiflora,Not Fresh,3,2,Nibea Albiflora | Not Fresh
Nibea Albiflora - Not Fresh/IMG_20191115_062211_1.jpg,Nibea Albiflora,Not Fresh,3,2,Nibea Albiflora | Not Fresh
Nibea Albiflora - Not Fresh/IMG_20191115_062211_2.jpg,Nibea Albiflora,Not Fresh,3,2,Nibea Albiflora | Not Fresh
Nibea Albiflora - Not Fresh/IMG_20191115_062220_1.jpg,Nibea Albiflora,Not Fresh,3,2,Nibea Albiflora | Not Fresh
Nibea Albiflora - Not Fresh/IMG_20191115_062220_2.jpg,Nibea Albiflora,Not Fresh,3,2,Nibea Albiflora | Not Fresh
Nibea Albiflora - Not Fresh/IMG_20191115_062220_3.jpg,Nibea Albiflora,Not Fresh,3,2,Nibea Albiflora | Not Fresh
Nibea Albiflora - Not Fresh/IMG_20191115_062245.jpg,Nibea Albiflora,Not Fresh,3,2,Nibea Albiflora | Not Fresh
Nibea Albiflora - Not Fresh/IMG_20191115_062301.jpg,Nibea Albiflora,Not Fresh,3,2,Nibea Albiflora | Not Fresh
Nibea Albiflora - Not Fresh/IMG_20191115_062301_1.jpg,Nibea Albiflora,Not Fresh,3,2,Nibea Albiflora | Not Fresh
Nibea Albiflora - Not Fresh/IMG_20191115_062318_1.jpg,Nibea Albiflora,Not Fresh,3,2,Nibea Albiflora | Not Fresh
Nibea Albiflora - Not Fresh/IMG_20191115_062318_2.jpg,Nibea Albiflora,Not Fresh,3,2,Nibea Albiflora | Not Fresh
Nibea Albiflora - Not Fresh/IMG_20191115_062348_1.jpg,Nibea Albiflora,Not Fresh,3,2,Nibea Albiflora | Not Fresh
Nibea Albiflora - Not Fresh/IMG_20191115_062348_2.jpg,Nibea Albiflora,Not Fresh,3,2,Nibea Albiflora | Not Fresh
Nibea Albiflora - Not Fresh/IMG_20191115_062407.jpg,Nibea Albiflora,Not Fresh,3,2,Nibea Albiflora | Not Fresh
Nibea Albiflora - Not Fresh/IMG_20191115_062410.jpg,Nibea Albiflora,Not Fresh,3,2,Nibea Albiflora | Not Fresh
Nibea Albiflora - Not Fresh/IMG_20191115_062412.jpg,Nibea Albiflora,Not Fresh,3,2,Nibea Albiflora | Not Fresh
Nibea Albiflora - Not Fresh/IMG_20191115_062416.jpg,Nibea Albiflora,Not Fresh,3,2,Nibea Albiflora | Not Fresh
Nibea Albiflora - Not Fresh/IMG_20191115_062430.jpg,Nibea Albiflora,Not Fresh,3,2,Nibea Albiflora | Not Fresh
Nibea Albiflora - Not Fresh/IMG_20191115_062451.jpg,Nibea Albiflora,Not Fresh,3,2,Nibea Albiflora | Not Fresh
Nibea Albiflora - Not Fresh/IMG_20191115_062454.jpg,Nibea Albiflora,Not Fresh,3,2,Nibea Albiflora | Not Fresh
Nibea Albiflora - Not Fresh/IMG_20191115_062458.jpg,Nibea Albiflora,Not Fresh,3,2,Nibea Albiflora | Not Fresh
Nibea Albiflora - Not Fresh/IMG_20191115_062501.jpg,Nibea Albiflora,Not Fresh,3,2,Nibea Albiflora | Not Fresh
Nibea Albiflora - Not Fresh/IMG_20191115_062509.jpg,Nibea Albiflora,Not Fresh,3,2,Nibea Albiflora | Not Fresh
Nibea Albiflora - Not Fresh/IMG_20191115_062531.jpg,Nibea Albiflora,Not Fresh,3,2,Nibea Albiflora | Not Fresh
Nibea Albiflora - Not Fresh/IMG_20191115_062531_2.jpg,Nibea Albiflora,Not Fresh,3,2,Nibea Albiflora | Not Fresh
Nibea Albiflora - Not Fresh/IMG_20191115_062534.jpg,Nibea Albiflora,Not Fresh,3,2,Nibea Albiflora | Not Fresh
Nibea Albiflora - Not Fresh/IMG_20191115_062534_1.jpg,Nibea Albiflora,Not Fresh,3,2,Nibea Albiflora | Not Fresh
Nibea Albiflora - Not Fresh/IMG_20191115_062534_2.jpg,Nibea Albiflora,Not Fresh,3,2,Nibea Albiflora | Not Fresh
Nibea Albiflora - Not Fresh/IMG_20191115_062625.jpg,Nibea Albiflora,Not Fresh,3,2,Nibea Albiflora | Not Fresh
Nibea Albiflora - Not Fresh/IMG_20191115_062634.jpg,Nibea Albiflora,Not Fresh,3,2,Nibea Albiflora | Not Fresh
Oreochromis Mossambicus - Fresh/IMG_20191112_054158.jpg,Oreochromis Mossambicus,Fresh,4,1,Oreochromis Mossambicus | Fresh
Oreochromis Mossambicus - Fresh/IMG_20191112_054208.jpg,Oreochromis Mossambicus,Fresh,4,1,Oreochromis Mossambicus | Fresh
Oreochromis Mossambicus - Fresh/IMG_20191112_054217.jpg,Oreochromis Mossambicus,Fresh,4,1,Oreochromis Mossambicus | Fresh
Oreochromis Mossambicus - Fresh/IMG_20191112_054224.jpg,Oreochromis Mossambicus,Fresh,4,1,Oreochromis Mossambicus | Fresh
Oreochromis Mossambicus - Fresh/IMG_20191112_054233.jpg,Oreochromis Mossambicus,Fresh,4,1,Oreochromis Mossambicus | Fresh
Oreochromis Mossambicus - Fresh/IMG_20191112_054241.jpg,Oreochromis Mossambicus,Fresh,4,1,Oreochromis Mossambicus | Fresh
Oreochromis Mossambicus - Fresh/IMG_20191112_054251.jpg,Oreochromis Mossambicus,Fresh,4,1,Oreochromis Mossambicus | Fresh
Oreochromis Mossambicus - Fresh/IMG_20191112_054258.jpg,Oreochromis Mossambicus,Fresh,4,1,Oreochromis Mossambicus | Fresh
Oreochromis Mossambicus - Fresh/IMG_20191112_054310.jpg,Oreochromis Mossambicus,Fresh,4,1,Oreochromis Mossambicus | Fresh
Oreochromis Mossambicus - Fresh/IMG_20191112_054315.jpg,Oreochromis Mossambicus,Fresh,4,1,Oreochromis Mossambicus | Fresh
Oreochromis Mossambicus - Fresh/IMG_20191112_054323.jpg,Oreochromis Mossambicus,Fresh,4,1,Oreochromis Mossambicus | Fresh
Oreochromis Mossambicus - Fresh/IMG_20191112_054329.jpg,Oreochromis Mossambicus,Fresh,4,1,Oreochromis Mossambicus | Fresh
Oreochromis Mossambicus - Fresh/IMG_20191112_054339.jpg,Oreochromis Mossambicus,Fresh,4,1,Oreochromis Mossambicus | Fresh
Oreochromis Mossambicus - Fresh/IMG_20191112_054346.jpg,Oreochromis Mossambicus,Fresh,4,1,Oreochromis Mossambicus | Fresh
Oreochromis Mossambicus - Fresh/IMG_20191112_054413.jpg,Oreochromis Mossambicus,Fresh,4,1,Oreochromis Mossambicus | Fresh
Oreochromis Mossambicus - Fresh/IMG_20191112_054413_1.jpg,Oreochromis Mossambicus,Fresh,4,1,Oreochromis Mossambicus | Fresh
Oreochromis Mossambicus - Fresh/IMG_20191112_054427_1.jpg,Oreochromis Mossambicus,Fresh,4,1,Oreochromis Mossambicus | Fresh
Oreochromis Mossambicus - Fresh/IMG_20191112_054427_2.jpg,Oreochromis Mossambicus,Fresh,4,1,Oreochromis Mossambicus | Fresh
Oreochromis Mossambicus - Fresh/IMG_20191112_054427_3.jpg,Oreochromis Mossambicus,Fresh,4,1,Oreochromis Mossambicus | Fresh
Oreochromis Mossambicus - Fresh/IMG_20191112_054427_4.jpg,Oreochromis Mossambicus,Fresh,4,1,Oreochromis Mossambicus | Fresh
Oreochromis Mossambicus - Fresh/IMG_20191112_054440.jpg,Oreochromis Mossambicus,Fresh,4,1,Oreochromis Mossambicus | Fresh
Oreochromis Mossambicus - Fresh/IMG_20191112_054440_1.jpg,Oreochromis Mossambicus,Fresh,4,1,Oreochromis Mossambicus | Fresh
Oreochromis Mossambicus - Fresh/IMG_20191112_054500.jpg,Oreochromis Mossambicus,Fresh,4,1,Oreochromis Mossambicus | Fresh
Oreochromis Mossambicus - Fresh/IMG_20191112_054500_1.jpg,Oreochromis Mossambicus,Fresh,4,1,Oreochromis Mossambicus | Fresh
Oreochromis Mossambicus - Fresh/IMG_20191112_054500_2.jpg,Oreochromis Mossambicus,Fresh,4,1,Oreochromis Mossambicus | Fresh
Oreochromis Mossambicus - Fresh/IMG_20191112_054500_3.jpg,Oreochromis Mossambicus,Fresh,4,1,Oreochromis Mossambicus | Fresh
Oreochromis Mossambicus - Fresh/IMG_20191112_054527_1.jpg,Oreochromis Mossambicus,Fresh,4,1,Oreochromis Mossambicus | Fresh
Oreochromis Mossambicus - Fresh/IMG_20191112_054527_2.jpg,Oreochromis Mossambicus,Fresh,4,1,Oreochromis Mossambicus | Fresh
Oreochromis Mossambicus - Fresh/IMG_20191112_054527_3.jpg,Oreochromis Mossambicus,Fresh,4,1,Oreochromis Mossambicus | Fresh
Oreochromis Mossambicus - Fresh/IMG_20191112_054527_4.jpg,Oreochromis Mossambicus,Fresh,4,1,Oreochromis Mossambicus | Fresh
Oreochromis Mossambicus - Fresh/IMG_20191112_054545_1.jpg,Oreochromis Mossambicus,Fresh,4,1,Oreochromis Mossambicus | Fresh
Oreochromis Mossambicus - Fresh/IMG_20191112_054545_2.jpg,Oreochromis Mossambicus,Fresh,4,1,Oreochromis Mossambicus | Fresh
Oreochromis Mossambicus - Fresh/IMG_20191112_054545_3.jpg,Oreochromis Mossambicus,Fresh,4,1,Oreochromis Mossambicus | Fresh
Oreochromis Mossambicus - Fresh/IMG_20191112_054602_1.jpg,Oreochromis Mossambicus,Fresh,4,1,Oreochromis Mossambicus | Fresh
Oreochromis Mossambicus - Fresh/IMG_20191112_054602_2.jpg,Oreochromis Mossambicus,Fresh,4,1,Oreochromis Mossambicus | Fresh
Oreochromis Mossambicus - Fresh/IMG_20191112_054602_3.jpg,Oreochromis Mossambicus,Fresh,4,1,Oreochromis Mossambicus | Fresh
Oreochromis Mossambicus - Fresh/IMG_20191112_054654.jpg,Oreochromis Mossambicus,Fresh,4,1,Oreochromis Mossambicus | Fresh
Oreochromis Mossambicus - Fresh/IMG_20191112_054659.jpg,Oreochromis Mossambicus,Fresh,4,1,Oreochromis Mossambicus | Fresh
Oreochromis Mossambicus - Fresh/IMG_20191112_054703.jpg,Oreochromis Mossambicus,Fresh,4,1,Oreochromis Mossambicus | Fresh
Oreochromis Mossambicus - Fresh/IMG_20191112_054709.jpg,Oreochromis Mossambicus,Fresh,4,1,Oreochromis Mossambicus | Fresh
Oreochromis Mossambicus - Fresh/IMG_20191112_054720.jpg,Oreochromis Mossambicus,Fresh,4,1,Oreochromis Mossambicus | Fresh
Oreochromis Mossambicus - Fresh/IMG_20191112_054723.jpg,Oreochromis Mossambicus,Fresh,4,1,Oreochromis Mossambicus | Fresh
Oreochromis Mossambicus - Fresh/IMG_20191112_054728.jpg,Oreochromis Mossambicus,Fresh,4,1,Oreochromis Mossambicus | Fresh
Oreochromis Mossambicus - Fresh/IMG_20191112_054806.jpg,Oreochromis Mossambicus,Fresh,4,1,Oreochromis Mossambicus | Fresh
Oreochromis Mossambicus - Fresh/IMG_20191112_054812.jpg,Oreochromis Mossambicus,Fresh,4,1,Oreochromis Mossambicus | Fresh
Oreochromis Mossambicus - Fresh/IMG_20191112_054817.jpg,Oreochromis Mossambicus,Fresh,4,1,Oreochromis Mossambicus | Fresh
Oreochromis Mossambicus - Fresh/IMG_20191112_054822.jpg,Oreochromis Mossambicus,Fresh,4,1,Oreochromis Mossambicus | Fresh
Oreochromis Mossambicus - Fresh/IMG_20191112_054825.jpg,Oreochromis Mossambicus,Fresh,4,1,Oreochromis Mossambicus | Fresh
Oreochromis Mossambicus - Fresh/IMG_20191112_054829.jpg,Oreochromis Mossambicus,Fresh,4,1,Oreochromis Mossambicus | Fresh
Oreochromis Mossambicus - Fresh/IMG_20191112_054832.jpg,Oreochromis Mossambicus,Fresh,4,1,Oreochromis Mossambicus | Fresh
Oreochromis Mossambicus - Fresh/IMG_20191112_054934_1.jpg,Oreochromis Mossambicus,Fresh,4,1,Oreochromis Mossambicus | Fresh
Oreochromis Mossambicus - Fresh/IMG_20191112_054934_2.jpg,Oreochromis Mossambicus,Fresh,4,1,Oreochromis Mossambicus | Fresh
Oreochromis Mossambicus - Fresh/IMG_20191112_054937_1.jpg,Oreochromis Mossambicus,Fresh,4,1,Oreochromis Mossambicus | Fresh
Oreochromis Mossambicus - Fresh/IMG_20191112_054937_2.jpg,Oreochromis Mossambicus,Fresh,4,1,Oreochromis Mossambicus | Fresh
Oreochromis Mossambicus - Fresh/IMG_20191112_054941_1.jpg,Oreochromis Mossambicus,Fresh,4,1,Oreochromis Mossambicus | Fresh
Oreochromis Mossambicus - Fresh/IMG_20191112_054941_2.jpg,Oreochromis Mossambicus,Fresh,4,1,Oreochromis Mossambicus | Fresh
Oreochromis Mossambicus - Fresh/IMG_20191112_054956_1.jpg,Oreochromis Mossambicus,Fresh,4,1,Oreochromis Mossambicus | Fresh
Oreochromis Mossambicus - Fresh/IMG_20191112_054956_2.jpg,Oreochromis Mossambicus,Fresh,4,1,Oreochromis Mossambicus | Fresh
Oreochromis Mossambicus - Fresh/IMG_20191112_055001_1.jpg,Oreochromis Mossambicus,Fresh,4,1,Oreochromis Mossambicus | Fresh
Oreochromis Mossambicus - Fresh/IMG_20191112_055001_2.jpg,Oreochromis Mossambicus,Fresh,4,1,Oreochromis Mossambicus | Fresh
Oreochromis Mossambicus - Fresh/IMG_20191112_055005_1.jpg,Oreochromis Mossambicus,Fresh,4,1,Oreochromis Mossambicus | Fresh
Oreochromis Mossambicus - Fresh/IMG_20191112_055005_2.jpg,Oreochromis Mossambicus,Fresh,4,1,Oreochromis Mossambicus | Fresh
Oreochromis Mossambicus - Fresh/IMG_20191112_055032_1.jpg,Oreochromis Mossambicus,Fresh,4,1,Oreochromis Mossambicus | Fresh
Oreochromis Mossambicus - Fresh/IMG_20191112_055032_2.jpg,Oreochromis Mossambicus,Fresh,4,1,Oreochromis Mossambicus | Fresh
Oreochromis Mossambicus - Fresh/IMG_20191112_055032_3.jpg,Oreochromis Mossambicus,Fresh,4,1,Oreochromis Mossambicus | Fresh
Oreochromis Mossambicus - Fresh/IMG_20191112_055102_1.jpg,Oreochromis Mossambicus,Fresh,4,1,Oreochromis Mossambicus | Fresh
Oreochromis Mossambicus - Fresh/IMG_20191112_055102_2.jpg,Oreochromis Mossambicus,Fresh,4,1,Oreochromis Mossambicus | Fresh
Oreochromis Mossambicus - Fresh/IMG_20191112_055102_3.jpg,Oreochromis Mossambicus,Fresh,4,1,Oreochromis Mossambicus | Fresh
Oreochromis Mossambicus - Fresh/IMG_20191112_055123_1.jpg,Oreochromis Mossambicus,Fresh,4,1,Oreochromis Mossambicus | Fresh
Oreochromis Mossambicus - Fresh/IMG_20191112_055123_2.jpg,Oreochromis Mossambicus,Fresh,4,1,Oreochromis Mossambicus | Fresh
Oreochromis Mossambicus - Fresh/IMG_20191112_055123_3.jpg,Oreochromis Mossambicus,Fresh,4,1,Oreochromis Mossambicus | Fresh
Oreochromis Mossambicus - Fresh/IMG_20191112_055123_4.jpg,Oreochromis Mossambicus,Fresh,4,1,Oreochromis Mossambicus | Fresh
Oreochromis Mossambicus - Fresh/IMG_20191112_055126_1.jpg,Oreochromis Mossambicus,Fresh,4,1,Oreochromis Mossambicus | Fresh
Oreochromis Mossambicus - Fresh/IMG_20191112_055126_2.jpg,Oreochromis Mossambicus,Fresh,4,1,Oreochromis Mossambicus | Fresh
Oreochromis Mossambicus - Fresh/IMG_20191112_055126_3.jpg,Oreochromis Mossambicus,Fresh,4,1,Oreochromis Mossambicus | Fresh
Oreochromis Mossambicus - Fresh/IMG_20191112_055212_1.jpg,Oreochromis Mossambicus,Fresh,4,1,Oreochromis Mossambicus | Fresh
Oreochromis Mossambicus - Fresh/IMG_20191112_055212_2.jpg,Oreochromis Mossambicus,Fresh,4,1,Oreochromis Mossambicus | Fresh
Oreochromis Mossambicus - Fresh/IMG_20191112_055212_3.jpg,Oreochromis Mossambicus,Fresh,4,1,Oreochromis Mossambicus | Fresh
Oreochromis Mossambicus - Fresh/IMG_20191112_055212_4.jpg,Oreochromis Mossambicus,Fresh,4,1,Oreochromis Mossambicus | Fresh
Oreochromis Mossambicus - Fresh/IMG_20191112_055232_1.jpg,Oreochromis Mossambicus,Fresh,4,1,Oreochromis Mossambicus | Fresh
Oreochromis Mossambicus - Fresh/IMG_20191112_055232_2.jpg,Oreochromis Mossambicus,Fresh,4,1,Oreochromis Mossambicus | Fresh
Oreochromis Mossambicus - Fresh/IMG_20191112_055232_3.jpg,Oreochromis Mossambicus,Fresh,4,1,Oreochromis Mossambicus | Fresh
Oreochromis Mossambicus - Fresh/IMG_20191112_055232_4.jpg,Oreochromis Mossambicus,Fresh,4,1,Oreochromis Mossambicus | Fresh
Oreochromis Mossambicus - Fresh/IMG_20191112_055232_5.jpg,Oreochromis Mossambicus,Fresh,4,1,Oreochromis Mossambicus | Fresh
Oreochromis Mossambicus - Fresh/IMG_20191112_055232_6.jpg,Oreochromis Mossambicus,Fresh,4,1,Oreochromis Mossambicus | Fresh
Oreochromis Mossambicus - Fresh/IMG_20191112_055300_1.jpg,Oreochromis Mossambicus,Fresh,4,1,Oreochromis Mossambicus | Fresh
Oreochromis Mossambicus - Fresh/IMG_20191112_055300_2.jpg,Oreochromis Mossambicus,Fresh,4,1,Oreochromis Mossambicus | Fresh
Oreochromis Mossambicus - Fresh/IMG_20191112_055300_3.jpg,Oreochromis Mossambicus,Fresh,4,1,Oreochromis Mossambicus | Fresh
Oreochromis Mossambicus - Fresh/IMG_20191112_055300_4.jpg,Oreochromis Mossambicus,Fresh,4,1,Oreochromis Mossambicus | Fresh
Oreochromis Mossambicus - Fresh/IMG_20191112_055300_5.jpg,Oreochromis Mossambicus,Fresh,4,1,Oreochromis Mossambicus | Fresh
Oreochromis Mossambicus - Fresh/IMG_20191112_055300_6.jpg,Oreochromis Mossambicus,Fresh,4,1,Oreochromis Mossambicus | Fresh
Oreochromis Mossambicus - Fresh/IMG_20191112_064207_1.jpg,Oreochromis Mossambicus,Fresh,4,1,Oreochromis Mossambicus | Fresh
Oreochromis Mossambicus - Fresh/IMG_20191112_064207_2.jpg,Oreochromis Mossambicus,Fresh,4,1,Oreochromis Mossambicus | Fresh
Oreochromis Mossambicus - Fresh/IMG_20191112_064223.jpg,Oreochromis Mossambicus,Fresh,4,1,Oreochromis Mossambicus | Fresh
Oreochromis Mossambicus - Fresh/IMG_20191112_064233_1.jpg,Oreochromis Mossambicus,Fresh,4,1,Oreochromis Mossambicus | Fresh
Oreochromis Mossambicus - Fresh/IMG_20191112_064233_2.jpg,Oreochromis Mossambicus,Fresh,4,1,Oreochromis Mossambicus | Fresh
Oreochromis Mossambicus - Fresh/IMG_20191112_064241.jpg,Oreochromis Mossambicus,Fresh,4,1,Oreochromis Mossambicus | Fresh
Oreochromis Mossambicus - Fresh/IMG_20191113_054422.jpg,Oreochromis Mossambicus,Fresh,4,1,Oreochromis Mossambicus | Fresh
Oreochromis Mossambicus - Fresh/IMG_20191113_054430.jpg,Oreochromis Mossambicus,Fresh,4,1,Oreochromis Mossambicus | Fresh
Oreochromis Mossambicus - Fresh/IMG_20191113_054444.jpg,Oreochromis Mossambicus,Fresh,4,1,Oreochromis Mossambicus | Fresh
Oreochromis Mossambicus - Fresh/IMG_20191113_054451.jpg,Oreochromis Mossambicus,Fresh,4,1,Oreochromis Mossambicus | Fresh
Oreochromis Mossambicus - Fresh/IMG_20191113_054503.jpg,Oreochromis Mossambicus,Fresh,4,1,Oreochromis Mossambicus | Fresh
Oreochromis Mossambicus - Fresh/IMG_20191113_054509.jpg,Oreochromis Mossambicus,Fresh,4,1,Oreochromis Mossambicus | Fresh
Oreochromis Mossambicus - Fresh/IMG_20191113_054516.jpg,Oreochromis Mossambicus,Fresh,4,1,Oreochromis Mossambicus | Fresh
Oreochromis Mossambicus - Fresh/IMG_20191113_054527.jpg,Oreochromis Mossambicus,Fresh,4,1,Oreochromis Mossambicus | Fresh
Oreochromis Mossambicus - Fresh/IMG_20191113_054537.jpg,Oreochromis Mossambicus,Fresh,4,1,Oreochromis Mossambicus | Fresh
Oreochromis Mossambicus - Fresh/IMG_20191113_054542.jpg,Oreochromis Mossambicus,Fresh,4,1,Oreochromis Mossambicus | Fresh
Oreochromis Mossambicus - Fresh/IMG_20191113_054549.jpg,Oreochromis Mossambicus,Fresh,4,1,Oreochromis Mossambicus | Fresh
Oreochromis Mossambicus - Fresh/IMG_20191113_054558.jpg,Oreochromis Mossambicus,Fresh,4,1,Oreochromis Mossambicus | Fresh
Oreochromis Mossambicus - Fresh/IMG_20191113_054608.jpg,Oreochromis Mossambicus,Fresh,4,1,Oreochromis Mossambicus | Fresh
Oreochromis Mossambicus - Fresh/IMG_20191113_054615.jpg,Oreochromis Mossambicus,Fresh,4,1,Oreochromis Mossambicus | Fresh
Oreochromis Mossambicus - Fresh/IMG_20191113_054634.jpg,Oreochromis Mossambicus,Fresh,4,1,Oreochromis Mossambicus | Fresh
Oreochromis Mossambicus - Fresh/IMG_20191113_054634_1.jpg,Oreochromis Mossambicus,Fresh,4,1,Oreochromis Mossambicus | Fresh
Oreochromis Mossambicus - Fresh/IMG_20191113_054652_1.jpg,Oreochromis Mossambicus,Fresh,4,1,Oreochromis Mossambicus | Fresh
Oreochromis Mossambicus - Fresh/IMG_20191113_054652_2.jpg,Oreochromis Mossambicus,Fresh,4,1,Oreochromis Mossambicus | Fresh
Oreochromis Mossambicus - Fresh/IMG_20191113_054704_1.jpg,Oreochromis Mossambicus,Fresh,4,1,Oreochromis Mossambicus | Fresh
Oreochromis Mossambicus - Fresh/IMG_20191113_054704_2.jpg,Oreochromis Mossambicus,Fresh,4,1,Oreochromis Mossambicus | Fresh
Oreochromis Mossambicus - Fresh/IMG_20191113_054712_1.jpg,Oreochromis Mossambicus,Fresh,4,1,Oreochromis Mossambicus | Fresh
Oreochromis Mossambicus - Fresh/IMG_20191113_054712_2.jpg,Oreochromis Mossambicus,Fresh,4,1,Oreochromis Mossambicus | Fresh
Oreochromis Mossambicus - Fresh/IMG_20191113_054712_3.jpg,Oreochromis Mossambicus,Fresh,4,1,Oreochromis Mossambicus | Fresh
Oreochromis Mossambicus - Fresh/IMG_20191113_054723_1.jpg,Oreochromis Mossambicus,Fresh,4,1,Oreochromis Mossambicus | Fresh
Oreochromis Mossambicus - Fresh/IMG_20191113_054723_2.jpg,Oreochromis Mossambicus,Fresh,4,1,Oreochromis Mossambicus | Fresh
Oreochromis Mossambicus - Fresh/IMG_20191113_054723_3.jpg,Oreochromis Mossambicus,Fresh,4,1,Oreochromis Mossambicus | Fresh
Oreochromis Mossambicus - Fresh/IMG_20191113_054723_4.jpg,Oreochromis Mossambicus,Fresh,4,1,Oreochromis Mossambicus | Fresh
Oreochromis Mossambicus - Fresh/IMG_20191113_054732_1.jpg,Oreochromis Mossambicus,Fresh,4,1,Oreochromis Mossambicus | Fresh
Oreochromis Mossambicus - Fresh/IMG_20191113_054732_2.jpg,Oreochromis Mossambicus,Fresh,4,1,Oreochromis Mossambicus | Fresh
Oreochromis Mossambicus - Fresh/IMG_20191113_054732_3.jpg,Oreochromis Mossambicus,Fresh,4,1,Oreochromis Mossambicus | Fresh
Oreochromis Mossambicus - Fresh/IMG_20191113_054732_4.jpg,Oreochromis Mossambicus,Fresh,4,1,Oreochromis Mossambicus | Fresh
Oreochromis Mossambicus - Fresh/IMG_20191113_054741_1.jpg,Oreochromis Mossambicus,Fresh,4,1,Oreochromis Mossambicus | Fresh
Oreochromis Mossambicus - Fresh/IMG_20191113_054741_2.jpg,Oreochromis Mossambicus,Fresh,4,1,Oreochromis Mossambicus | Fresh
Oreochromis Mossambicus - Fresh/IMG_20191113_054741_3.jpg,Oreochromis Mossambicus,Fresh,4,1,Oreochromis Mossambicus | Fresh
Oreochromis Mossambicus - Fresh/IMG_20191113_054741_4.jpg,Oreochromis Mossambicus,Fresh,4,1,Oreochromis Mossambicus | Fresh
Oreochromis Mossambicus - Fresh/IMG_20191113_054815.jpg,Oreochromis Mossambicus,Fresh,4,1,Oreochromis Mossambicus | Fresh
Oreochromis Mossambicus - Fresh/IMG_20191113_054819.jpg,Oreochromis Mossambicus,Fresh,4,1,Oreochromis Mossambicus | Fresh
Oreochromis Mossambicus - Fresh/IMG_20191113_054823.jpg,Oreochromis Mossambicus,Fresh,4,1,Oreochromis Mossambicus | Fresh
Oreochromis Mossambicus - Fresh/IMG_20191113_054828.jpg,Oreochromis Mossambicus,Fresh,4,1,Oreochromis Mossambicus | Fresh
Oreochromis Mossambicus - Fresh/IMG_20191113_054834.jpg,Oreochromis Mossambicus,Fresh,4,1,Oreochromis Mossambicus | Fresh
Oreochromis Mossambicus - Fresh/IMG_20191113_054838.jpg,Oreochromis Mossambicus,Fresh,4,1,Oreochromis Mossambicus | Fresh
Oreochromis Mossambicus - Fresh/IMG_20191113_054842.jpg,Oreochromis Mossambicus,Fresh,4,1,Oreochromis Mossambicus | Fresh
Oreochromis Mossambicus - Fresh/IMG_20191113_054911.jpg,Oreochromis Mossambicus,Fresh,4,1,Oreochromis Mossambicus | Fresh
Oreochromis Mossambicus - Fresh/IMG_20191113_054914.jpg,Oreochromis Mossambicus,Fresh,4,1,Oreochromis Mossambicus | Fresh
Oreochromis Mossambicus - Fresh/IMG_20191113_054918.jpg,Oreochromis Mossambicus,Fresh,4,1,Oreochromis Mossambicus | Fresh
Oreochromis Mossambicus - Fresh/IMG_20191113_054921.jpg,Oreochromis Mossambicus,Fresh,4,1,Oreochromis Mossambicus | Fresh
Oreochromis Mossambicus - Fresh/IMG_20191113_054929.jpg,Oreochromis Mossambicus,Fresh,4,1,Oreochromis Mossambicus | Fresh
Oreochromis Mossambicus - Fresh/IMG_20191113_054935.jpg,Oreochromis Mossambicus,Fresh,4,1,Oreochromis Mossambicus | Fresh
Oreochromis Mossambicus - Fresh/IMG_20191113_054940.jpg,Oreochromis Mossambicus,Fresh,4,1,Oreochromis Mossambicus | Fresh
Oreochromis Mossambicus - Fresh/IMG_20191113_055013_1.jpg,Oreochromis Mossambicus,Fresh,4,1,Oreochromis Mossambicus | Fresh
Oreochromis Mossambicus - Fresh/IMG_20191113_055013_2.jpg,Oreochromis Mossambicus,Fresh,4,1,Oreochromis Mossambicus | Fresh
Oreochromis Mossambicus - Fresh/IMG_20191113_055016_2.jpg,Oreochromis Mossambicus,Fresh,4,1,Oreochromis Mossambicus | Fresh
Oreochromis Mossambicus - Fresh/IMG_20191113_055016g_1.jpg,Oreochromis Mossambicus,Fresh,4,1,Oreochromis Mossambicus | Fresh
Oreochromis Mossambicus - Fresh/IMG_20191113_055019_1.jpg,Oreochromis Mossambicus,Fresh,4,1,Oreochromis Mossambicus | Fresh
Oreochromis Mossambicus - Fresh/IMG_20191113_055019_3.jpg,Oreochromis Mossambicus,Fresh,4,1,Oreochromis Mossambicus | Fresh
Oreochromis Mossambicus - Fresh/IMG_20191113_055019_4.jpg,Oreochromis Mossambicus,Fresh,4,1,Oreochromis Mossambicus | Fresh
Oreochromis Mossambicus - Fresh/IMG_20191113_055039_1.jpg,Oreochromis Mossambicus,Fresh,4,1,Oreochromis Mossambicus | Fresh
Oreochromis Mossambicus - Fresh/IMG_20191113_055039_2.jpg,Oreochromis Mossambicus,Fresh,4,1,Oreochromis Mossambicus | Fresh
Oreochromis Mossambicus - Fresh/IMG_20191113_055042_1.jpg,Oreochromis Mossambicus,Fresh,4,1,Oreochromis Mossambicus | Fresh
Oreochromis Mossambicus - Fresh/IMG_20191113_055042_2.jpg,Oreochromis Mossambicus,Fresh,4,1,Oreochromis Mossambicus | Fresh
Oreochromis Mossambicus - Fresh/IMG_20191113_055046_1.jpg,Oreochromis Mossambicus,Fresh,4,1,Oreochromis Mossambicus | Fresh
Oreochromis Mossambicus - Fresh/IMG_20191113_055046_2.jpg,Oreochromis Mossambicus,Fresh,4,1,Oreochromis Mossambicus | Fresh
Oreochromis Mossambicus - Fresh/IMG_20191113_055111_1.jpg,Oreochromis Mossambicus,Fresh,4,1,Oreochromis Mossambicus | Fresh
Oreochromis Mossambicus - Fresh/IMG_20191113_055111_2.jpg,Oreochromis Mossambicus,Fresh,4,1,Oreochromis Mossambicus | Fresh
Oreochromis Mossambicus - Fresh/IMG_20191113_055111_3.jpg,Oreochromis Mossambicus,Fresh,4,1,Oreochromis Mossambicus | Fresh
Oreochromis Mossambicus - Fresh/IMG_20191113_055111_4.jpg,Oreochromis Mossambicus,Fresh,4,1,Oreochromis Mossambicus | Fresh
Oreochromis Mossambicus - Fresh/IMG_20191113_055111_5.jpg,Oreochromis Mossambicus,Fresh,4,1,Oreochromis Mossambicus | Fresh
Oreochromis Mossambicus - Fresh/IMG_20191113_055111_6.jpg,Oreochromis Mossambicus,Fresh,4,1,Oreochromis Mossambicus | Fresh
Oreochromis Mossambicus - Fresh/IMG_20191113_055132.jpg,Oreochromis Mossambicus,Fresh,4,1,Oreochromis Mossambicus | Fresh
Oreochromis Mossambicus - Fresh/IMG_20191113_055144_1.jpg,Oreochromis Mossambicus,Fresh,4,1,Oreochromis Mossambicus | Fresh
Oreochromis Mossambicus - Fresh/IMG_20191113_055144_2.jpg,Oreochromis Mossambicus,Fresh,4,1,Oreochromis Mossambicus | Fresh
Oreochromis Mossambicus - Fresh/IMG_20191113_055153.jpg,Oreochromis Mossambicus,Fresh,4,1,Oreochromis Mossambicus | Fresh
Oreochromis Mossambicus - Fresh/IMG_20191113_055153_1.jpg,Oreochromis Mossambicus,Fresh,4,1,Oreochromis Mossambicus | Fresh
Oreochromis Mossambicus - Fresh/IMG_20191113_055227_1.jpg,Oreochromis Mossambicus,Fresh,4,1,Oreochromis Mossambicus | Fresh
Oreochromis Mossambicus - Fresh/IMG_20191113_055227_2.jpg,Oreochromis Mossambicus,Fresh,4,1,Oreochromis Mossambicus | Fresh
Oreochromis Mossambicus - Fresh/IMG_20191113_055227_3.jpg,Oreochromis Mossambicus,Fresh,4,1,Oreochromis Mossambicus | Fresh
Oreochromis Mossambicus - Fresh/IMG_20191113_055227_4.jpg,Oreochromis Mossambicus,Fresh,4,1,Oreochromis Mossambicus | Fresh
Oreochromis Mossambicus - Highly Fresh/IMG_20191110_055059.jpg,Oreochromis Mossambicus,Highly Fresh,4,0,Oreochromis Mossambicus | Highly Fresh
Oreochromis Mossambicus - Highly Fresh/IMG_20191110_055059_1.jpg,Oreochromis Mossambicus,Highly Fresh,4,0,Oreochromis Mossambicus | Highly Fresh
Oreochromis Mossambicus - Highly Fresh/IMG_20191110_055059_10.jpg,Oreochromis Mossambicus,Highly Fresh,4,0,Oreochromis Mossambicus | Highly Fresh
Oreochromis Mossambicus - Highly Fresh/IMG_20191110_055059_3.jpg,Oreochromis Mossambicus,Highly Fresh,4,0,Oreochromis Mossambicus | Highly Fresh
Oreochromis Mossambicus - Highly Fresh/IMG_20191110_055059_4.jpg,Oreochromis Mossambicus,Highly Fresh,4,0,Oreochromis Mossambicus | Highly Fresh
Oreochromis Mossambicus - Highly Fresh/IMG_20191110_055059_5.jpg,Oreochromis Mossambicus,Highly Fresh,4,0,Oreochromis Mossambicus | Highly Fresh
Oreochromis Mossambicus - Highly Fresh/IMG_20191110_055059_7.jpg,Oreochromis Mossambicus,Highly Fresh,4,0,Oreochromis Mossambicus | Highly Fresh
Oreochromis Mossambicus - Highly Fresh/IMG_20191110_055059_8.jpg,Oreochromis Mossambicus,Highly Fresh,4,0,Oreochromis Mossambicus | Highly Fresh
Oreochromis Mossambicus - Highly Fresh/IMG_20191110_055059_9.jpg,Oreochromis Mossambicus,Highly Fresh,4,0,Oreochromis Mossambicus | Highly Fresh
Oreochromis Mossambicus - Highly Fresh/IMG_20191110_055059_@.jpg,Oreochromis Mossambicus,Highly Fresh,4,0,Oreochromis Mossambicus | Highly Fresh
Oreochromis Mossambicus - Highly Fresh/IMG_20191110_05505_6.jpg,Oreochromis Mossambicus,Highly Fresh,4,0,Oreochromis Mossambicus | Highly Fresh
Oreochromis Mossambicus - Highly Fresh/IMG_20191110_055112.jpg,Oreochromis Mossambicus,Highly Fresh,4,0,Oreochromis Mossambicus | Highly Fresh
Oreochromis Mossambicus - Highly Fresh/IMG_20191110_055112_1.jpg,Oreochromis Mossambicus,Highly Fresh,4,0,Oreochromis Mossambicus | Highly Fresh
Oreochromis Mossambicus - Highly Fresh/IMG_20191110_055112_2.jpg,Oreochromis Mossambicus,Highly Fresh,4,0,Oreochromis Mossambicus | Highly Fresh
Oreochromis Mossambicus - Highly Fresh/IMG_20191110_055112_3.jpg,Oreochromis Mossambicus,Highly Fresh,4,0,Oreochromis Mossambicus | Highly Fresh
Oreochromis Mossambicus - Highly Fresh/IMG_20191110_055112_4.jpg,Oreochromis Mossambicus,Highly Fresh,4,0,Oreochromis Mossambicus | Highly Fresh
Oreochromis Mossambicus - Highly Fresh/IMG_20191110_055112_5.jpg,Oreochromis Mossambicus,Highly Fresh,4,0,Oreochromis Mossambicus | Highly Fresh
Oreochromis Mossambicus - Highly Fresh/IMG_20191110_055112_6.jpg,Oreochromis Mossambicus,Highly Fresh,4,0,Oreochromis Mossambicus | Highly Fresh
Oreochromis Mossambicus - Highly Fresh/IMG_20191110_055112_8.jpg,Oreochromis Mossambicus,Highly Fresh,4,0,Oreochromis Mossambicus | Highly Fresh
Oreochromis Mossambicus - Highly Fresh/IMG_20191110_055124.jpg,Oreochromis Mossambicus,Highly Fresh,4,0,Oreochromis Mossambicus | Highly Fresh
Oreochromis Mossambicus - Highly Fresh/IMG_20191110_055124_1.jpg,Oreochromis Mossambicus,Highly Fresh,4,0,Oreochromis Mossambicus | Highly Fresh
Oreochromis Mossambicus - Highly Fresh/IMG_20191110_055124_2.jpg,Oreochromis Mossambicus,Highly Fresh,4,0,Oreochromis Mossambicus | Highly Fresh
Oreochromis Mossambicus - Highly Fresh/IMG_20191110_055124_3.jpg,Oreochromis Mossambicus,Highly Fresh,4,0,Oreochromis Mossambicus | Highly Fresh
Oreochromis Mossambicus - Highly Fresh/IMG_20191110_055124_4.jpg,Oreochromis Mossambicus,Highly Fresh,4,0,Oreochromis Mossambicus | Highly Fresh
Oreochromis Mossambicus - Highly Fresh/IMG_20191110_055124_5.jpg,Oreochromis Mossambicus,Highly Fresh,4,0,Oreochromis Mossambicus | Highly Fresh
Oreochromis Mossambicus - Highly Fresh/IMG_20191110_055124_6.jpg,Oreochromis Mossambicus,Highly Fresh,4,0,Oreochromis Mossambicus | Highly Fresh
Oreochromis Mossambicus - Highly Fresh/IMG_20191110_055124_7.jpg,Oreochromis Mossambicus,Highly Fresh,4,0,Oreochromis Mossambicus | Highly Fresh
Oreochromis Mossambicus - Highly Fresh/IMG_20191110_055129.jpg,Oreochromis Mossambicus,Highly Fresh,4,0,Oreochromis Mossambicus | Highly Fresh
Oreochromis Mossambicus - Highly Fresh/IMG_20191110_055129_1.jpg,Oreochromis Mossambicus,Highly Fresh,4,0,Oreochromis Mossambicus | Highly Fresh
Oreochromis Mossambicus - Highly Fresh/IMG_20191110_055129_2.jpg,Oreochromis Mossambicus,Highly Fresh,4,0,Oreochromis Mossambicus | Highly Fresh
Oreochromis Mossambicus - Highly Fresh/IMG_20191110_055129_3.jpg,Oreochromis Mossambicus,Highly Fresh,4,0,Oreochromis Mossambicus | Highly Fresh
Oreochromis Mossambicus - Highly Fresh/IMG_20191110_055132.jpg,Oreochromis Mossambicus,Highly Fresh,4,0,Oreochromis Mossambicus | Highly Fresh
Oreochromis Mossambicus - Highly Fresh/IMG_20191110_055132_2.jpg,Oreochromis Mossambicus,Highly Fresh,4,0,Oreochromis Mossambicus | Highly Fresh
Oreochromis Mossambicus - Highly Fresh/IMG_20191110_055132_3.jpg,Oreochromis Mossambicus,Highly Fresh,4,0,Oreochromis Mossambicus | Highly Fresh
Oreochromis Mossambicus - Highly Fresh/IMG_20191110_055132_4.jpg,Oreochromis Mossambicus,Highly Fresh,4,0,Oreochromis Mossambicus | Highly Fresh
Oreochromis Mossambicus - Highly Fresh/IMG_20191110_055135.jpg,Oreochromis Mossambicus,Highly Fresh,4,0,Oreochromis Mossambicus | Highly Fresh
Oreochromis Mossambicus - Highly Fresh/IMG_20191110_055135_1.jpg,Oreochromis Mossambicus,Highly Fresh,4,0,Oreochromis Mossambicus | Highly Fresh
Oreochromis Mossambicus - Highly Fresh/IMG_20191110_055135_2.jpg,Oreochromis Mossambicus,Highly Fresh,4,0,Oreochromis Mossambicus | Highly Fresh
Oreochromis Mossambicus - Highly Fresh/IMG_20191110_055135_3.jpg,Oreochromis Mossambicus,Highly Fresh,4,0,Oreochromis Mossambicus | Highly Fresh
Oreochromis Mossambicus - Highly Fresh/IMG_20191110_055135_5.jpg,Oreochromis Mossambicus,Highly Fresh,4,0,Oreochromis Mossambicus | Highly Fresh
Oreochromis Mossambicus - Highly Fresh/IMG_20191110_055200.jpg,Oreochromis Mossambicus,Highly Fresh,4,0,Oreochromis Mossambicus | Highly Fresh
Oreochromis Mossambicus - Highly Fresh/IMG_20191110_055200_1.jpg,Oreochromis Mossambicus,Highly Fresh,4,0,Oreochromis Mossambicus | Highly Fresh
Oreochromis Mossambicus - Highly Fresh/IMG_20191110_055200_2.jpg,Oreochromis Mossambicus,Highly Fresh,4,0,Oreochromis Mossambicus | Highly Fresh
Oreochromis Mossambicus - Highly Fresh/IMG_20191110_055204.jpg,Oreochromis Mossambicus,Highly Fresh,4,0,Oreochromis Mossambicus | Highly Fresh
Oreochromis Mossambicus - Highly Fresh/IMG_20191110_055204_1.jpg,Oreochromis Mossambicus,Highly Fresh,4,0,Oreochromis Mossambicus | Highly Fresh
Oreochromis Mossambicus - Highly Fresh/IMG_20191110_055204_2.jpg,Oreochromis Mossambicus,Highly Fresh,4,0,Oreochromis Mossambicus | Highly Fresh
Oreochromis Mossambicus - Highly Fresh/IMG_20191110_055204_3.jpg,Oreochromis Mossambicus,Highly Fresh,4,0,Oreochromis Mossambicus | Highly Fresh
Oreochromis Mossambicus - Highly Fresh/IMG_20191110_055204_4.jpg,Oreochromis Mossambicus,Highly Fresh,4,0,Oreochromis Mossambicus | Highly Fresh
Oreochromis Mossambicus - Highly Fresh/IMG_20191110_055204_5.jpg,Oreochromis Mossambicus,Highly Fresh,4,0,Oreochromis Mossambicus | Highly Fresh
Oreochromis Mossambicus - Highly Fresh/IMG_20191110_055209.jpg,Oreochromis Mossambicus,Highly Fresh,4,0,Oreochromis Mossambicus | Highly Fresh
Oreochromis Mossambicus - Highly Fresh/IMG_20191110_055209_1.jpg,Oreochromis Mossambicus,Highly Fresh,4,0,Oreochromis Mossambicus | Highly Fresh
Oreochromis Mossambicus - Highly Fresh/IMG_20191110_055209_2.jpg,Oreochromis Mossambicus,Highly Fresh,4,0,Oreochromis Mossambicus | Highly Fresh
Oreochromis Mossambicus - Highly Fresh/IMG_20191110_055209_3.jpg,Oreochromis Mossambicus,Highly Fresh,4,0,Oreochromis Mossambicus | Highly Fresh
Oreochromis Mossambicus - Highly Fresh/IMG_20191110_055209_4.jpg,Oreochromis Mossambicus,Highly Fresh,4,0,Oreochromis Mossambicus | Highly Fresh
Oreochromis Mossambicus - Highly Fresh/IMG_20191110_055209_5.jpg,Oreochromis Mossambicus,Highly Fresh,4,0,Oreochromis Mossambicus | Highly Fresh
Oreochromis Mossambicus - Highly Fresh/IMG_20191110_055218.jpg,Oreochromis Mossambicus,Highly Fresh,4,0,Oreochromis Mossambicus | Highly Fresh
Oreochromis Mossambicus - Highly Fresh/IMG_20191110_055218_1.jpg,Oreochromis Mossambicus,Highly Fresh,4,0,Oreochromis Mossambicus | Highly Fresh
Oreochromis Mossambicus - Highly Fresh/IMG_20191110_055218_2.jpg,Oreochromis Mossambicus,Highly Fresh,4,0,Oreochromis Mossambicus | Highly Fresh
Oreochromis Mossambicus - Highly Fresh/IMG_20191110_055218_3.jpg,Oreochromis Mossambicus,Highly Fresh,4,0,Oreochromis Mossambicus | Highly Fresh
Oreochromis Mossambicus - Highly Fresh/IMG_20191110_055218_4.jpg,Oreochromis Mossambicus,Highly Fresh,4,0,Oreochromis Mossambicus | Highly Fresh
Oreochromis Mossambicus - Highly Fresh/IMG_20191110_055218_5.jpg,Oreochromis Mossambicus,Highly Fresh,4,0,Oreochromis Mossambicus | Highly Fresh
Oreochromis Mossambicus - Highly Fresh/IMG_20191110_055218_6.jpg,Oreochromis Mossambicus,Highly Fresh,4,0,Oreochromis Mossambicus | Highly Fresh
Oreochromis Mossambicus - Highly Fresh/IMG_20191110_055223_1.jpg,Oreochromis Mossambicus,Highly Fresh,4,0,Oreochromis Mossambicus | Highly Fresh
Oreochromis Mossambicus - Highly Fresh/IMG_20191110_055223_2.jpg,Oreochromis Mossambicus,Highly Fresh,4,0,Oreochromis Mossambicus | Highly Fresh
Oreochromis Mossambicus - Highly Fresh/IMG_20191110_055223_3.jpg,Oreochromis Mossambicus,Highly Fresh,4,0,Oreochromis Mossambicus | Highly Fresh
Oreochromis Mossambicus - Highly Fresh/IMG_20191110_055223_4.jpg,Oreochromis Mossambicus,Highly Fresh,4,0,Oreochromis Mossambicus | Highly Fresh
Oreochromis Mossambicus - Highly Fresh/IMG_20191110_055223_5.jpg,Oreochromis Mossambicus,Highly Fresh,4,0,Oreochromis Mossambicus | Highly Fresh
Oreochromis Mossambicus - Highly Fresh/IMG_20191110_055223_6.jpg,Oreochromis Mossambicus,Highly Fresh,4,0,Oreochromis Mossambicus | Highly Fresh
Oreochromis Mossambicus - Highly Fresh/IMG_20191110_055223_7.jpg,Oreochromis Mossambicus,Highly Fresh,4,0,Oreochromis Mossambicus | Highly Fresh
Oreochromis Mossambicus - Highly Fresh/IMG_20191110_055223_8.jpg,Oreochromis Mossambicus,Highly Fresh,4,0,Oreochromis Mossambicus | Highly Fresh
Oreochromis Mossambicus - Highly Fresh/IMG_20191110_055223_9.jpg,Oreochromis Mossambicus,Highly Fresh,4,0,Oreochromis Mossambicus | Highly Fresh
Oreochromis Mossambicus - Highly Fresh/IMG_20191110_055230.jpg,Oreochromis Mossambicus,Highly Fresh,4,0,Oreochromis Mossambicus | Highly Fresh
Oreochromis Mossambicus - Highly Fresh/IMG_20191110_055230_1.jpg,Oreochromis Mossambicus,Highly Fresh,4,0,Oreochromis Mossambicus | Highly Fresh
Oreochromis Mossambicus - Highly Fresh/IMG_20191110_055230_3.jpg,Oreochromis Mossambicus,Highly Fresh,4,0,Oreochromis Mossambicus | Highly Fresh
Oreochromis Mossambicus - Highly Fresh/IMG_20191110_055230_4.jpg,Oreochromis Mossambicus,Highly Fresh,4,0,Oreochromis Mossambicus | Highly Fresh
Oreochromis Mossambicus - Highly Fresh/IMG_20191110_055230_5.jpg,Oreochromis Mossambicus,Highly Fresh,4,0,Oreochromis Mossambicus | Highly Fresh
Oreochromis Mossambicus - Highly Fresh/IMG_20191110_055230_6.jpg,Oreochromis Mossambicus,Highly Fresh,4,0,Oreochromis Mossambicus | Highly Fresh
Oreochromis Mossambicus - Highly Fresh/IMG_20191110_055230_7.jpg,Oreochromis Mossambicus,Highly Fresh,4,0,Oreochromis Mossambicus | Highly Fresh
Oreochromis Mossambicus - Highly Fresh/IMG_20191110_055230_8.jpg,Oreochromis Mossambicus,Highly Fresh,4,0,Oreochromis Mossambicus | Highly Fresh
Oreochromis Mossambicus - Highly Fresh/IMG_20191110_055235_1.jpg,Oreochromis Mossambicus,Highly Fresh,4,0,Oreochromis Mossambicus | Highly Fresh
Oreochromis Mossambicus - Highly Fresh/IMG_20191110_055235_10.jpg,Oreochromis Mossambicus,Highly Fresh,4,0,Oreochromis Mossambicus | Highly Fresh
Oreochromis Mossambicus - Highly Fresh/IMG_20191110_055235_11.jpg,Oreochromis Mossambicus,Highly Fresh,4,0,Oreochromis Mossambicus | Highly Fresh
Oreochromis Mossambicus - Highly Fresh/IMG_20191110_055235_12.jpg,Oreochromis Mossambicus,Highly Fresh,4,0,Oreochromis Mossambicus | Highly Fresh
Oreochromis Mossambicus - Highly Fresh/IMG_20191110_055235_13.jpg,Oreochromis Mossambicus,Highly Fresh,4,0,Oreochromis Mossambicus | Highly Fresh
Oreochromis Mossambicus - Highly Fresh/IMG_20191110_055235_2.jpg,Oreochromis Mossambicus,Highly Fresh,4,0,Oreochromis Mossambicus | Highly Fresh
Oreochromis Mossambicus - Highly Fresh/IMG_20191110_055235_3.jpg,Oreochromis Mossambicus,Highly Fresh,4,0,Oreochromis Mossambicus | Highly Fresh
Oreochromis Mossambicus - Highly Fresh/IMG_20191110_055235_4.jpg,Oreochromis Mossambicus,Highly Fresh,4,0,Oreochromis Mossambicus | Highly Fresh
Oreochromis Mossambicus - Highly Fresh/IMG_20191110_055235_5.jpg,Oreochromis Mossambicus,Highly Fresh,4,0,Oreochromis Mossambicus | Highly Fresh
Oreochromis Mossambicus - Highly Fresh/IMG_20191110_055235_6.jpg,Oreochromis Mossambicus,Highly Fresh,4,0,Oreochromis Mossambicus | Highly Fresh
Oreochromis Mossambicus - Highly Fresh/IMG_20191110_055235_7.jpg,Oreochromis Mossambicus,Highly Fresh,4,0,Oreochromis Mossambicus | Highly Fresh
Oreochromis Mossambicus - Highly Fresh/IMG_20191110_055235_8.jpg,Oreochromis Mossambicus,Highly Fresh,4,0,Oreochromis Mossambicus | Highly Fresh
Oreochromis Mossambicus - Highly Fresh/IMG_20191110_055235_9.jpg,Oreochromis Mossambicus,Highly Fresh,4,0,Oreochromis Mossambicus | Highly Fresh
Oreochromis Mossambicus - Highly Fresh/IMG_20191110_075505.jpg,Oreochromis Mossambicus,Highly Fresh,4,0,Oreochromis Mossambicus | Highly Fresh
Oreochromis Mossambicus - Highly Fresh/IMG_20191110_075511.jpg,Oreochromis Mossambicus,Highly Fresh,4,0,Oreochromis Mossambicus | Highly Fresh
Oreochromis Mossambicus - Highly Fresh/IMG_20191110_075520.jpg,Oreochromis Mossambicus,Highly Fresh,4,0,Oreochromis Mossambicus | Highly Fresh
Oreochromis Mossambicus - Highly Fresh/IMG_20191110_075539.jpg,Oreochromis Mossambicus,Highly Fresh,4,0,Oreochromis Mossambicus | Highly Fresh
Oreochromis Mossambicus - Highly Fresh/IMG_20191110_075556.jpg,Oreochromis Mossambicus,Highly Fresh,4,0,Oreochromis Mossambicus | Highly Fresh
Oreochromis Mossambicus - Highly Fresh/IMG_20191110_075602.jpg,Oreochromis Mossambicus,Highly Fresh,4,0,Oreochromis Mossambicus | Highly Fresh
Oreochromis Mossambicus - Highly Fresh/IMG_20191110_075614.jpg,Oreochromis Mossambicus,Highly Fresh,4,0,Oreochromis Mossambicus | Highly Fresh
Oreochromis Mossambicus - Highly Fresh/IMG_20191110_075619.jpg,Oreochromis Mossambicus,Highly Fresh,4,0,Oreochromis Mossambicus | Highly Fresh
Oreochromis Mossambicus - Highly Fresh/IMG_20191110_075631.jpg,Oreochromis Mossambicus,Highly Fresh,4,0,Oreochromis Mossambicus | Highly Fresh
Oreochromis Mossambicus - Highly Fresh/IMG_20191110_075636.jpg,Oreochromis Mossambicus,Highly Fresh,4,0,Oreochromis Mossambicus | Highly Fresh
Oreochromis Mossambicus - Highly Fresh/IMG_20191110_075644.jpg,Oreochromis Mossambicus,Highly Fresh,4,0,Oreochromis Mossambicus | Highly Fresh
Oreochromis Mossambicus - Highly Fresh/IMG_20191110_075649.jpg,Oreochromis Mossambicus,Highly Fresh,4,0,Oreochromis Mossambicus | Highly Fresh
Oreochromis Mossambicus - Highly Fresh/IMG_20191110_075712.jpg,Oreochromis Mossambicus,Highly Fresh,4,0,Oreochromis Mossambicus | Highly Fresh
Oreochromis Mossambicus - Highly Fresh/IMG_20191110_075717.jpg,Oreochromis Mossambicus,Highly Fresh,4,0,Oreochromis Mossambicus | Highly Fresh
Oreochromis Mossambicus - Highly Fresh/IMG_20191110_075749.jpg,Oreochromis Mossambicus,Highly Fresh,4,0,Oreochromis Mossambicus | Highly Fresh
Oreochromis Mossambicus - Highly Fresh/IMG_20191110_075752.jpg,Oreochromis Mossambicus,Highly Fresh,4,0,Oreochromis Mossambicus | Highly Fresh
Oreochromis Mossambicus - Highly Fresh/IMG_20191110_075758.jpg,Oreochromis Mossambicus,Highly Fresh,4,0,Oreochromis Mossambicus | Highly Fresh
Oreochromis Mossambicus - Highly Fresh/IMG_20191110_075802.jpg,Oreochromis Mossambicus,Highly Fresh,4,0,Oreochromis Mossambicus | Highly Fresh
Oreochromis Mossambicus - Highly Fresh/IMG_20191110_075806.jpg,Oreochromis Mossambicus,Highly Fresh,4,0,Oreochromis Mossambicus | Highly Fresh
Oreochromis Mossambicus - Highly Fresh/IMG_20191110_075809.jpg,Oreochromis Mossambicus,Highly Fresh,4,0,Oreochromis Mossambicus | Highly Fresh
Oreochromis Mossambicus - Highly Fresh/IMG_20191110_075811.jpg,Oreochromis Mossambicus,Highly Fresh,4,0,Oreochromis Mossambicus | Highly Fresh
Oreochromis Mossambicus - Highly Fresh/IMG_20191110_075828.jpg,Oreochromis Mossambicus,Highly Fresh,4,0,Oreochromis Mossambicus | Highly Fresh
Oreochromis Mossambicus - Highly Fresh/IMG_20191110_075831.jpg,Oreochromis Mossambicus,Highly Fresh,4,0,Oreochromis Mossambicus | Highly Fresh
Oreochromis Mossambicus - Highly Fresh/IMG_20191110_075840.jpg,Oreochromis Mossambicus,Highly Fresh,4,0,Oreochromis Mossambicus | Highly Fresh
Oreochromis Mossambicus - Highly Fresh/IMG_20191110_075842.jpg,Oreochromis Mossambicus,Highly Fresh,4,0,Oreochromis Mossambicus | Highly Fresh
Oreochromis Mossambicus - Highly Fresh/IMG_20191110_075845.jpg,Oreochromis Mossambicus,Highly Fresh,4,0,Oreochromis Mossambicus | Highly Fresh
Oreochromis Mossambicus - Highly Fresh/IMG_20191110_075851.jpg,Oreochromis Mossambicus,Highly Fresh,4,0,Oreochromis Mossambicus | Highly Fresh
Oreochromis Mossambicus - Highly Fresh/IMG_20191110_075903.jpg,Oreochromis Mossambicus,Highly Fresh,4,0,Oreochromis Mossambicus | Highly Fresh
Oreochromis Mossambicus - Highly Fresh/IMG_20191110_075903_1.jpg,Oreochromis Mossambicus,Highly Fresh,4,0,Oreochromis Mossambicus | Highly Fresh
Oreochromis Mossambicus - Highly Fresh/IMG_20191110_075903_2.jpg,Oreochromis Mossambicus,Highly Fresh,4,0,Oreochromis Mossambicus | Highly Fresh
Oreochromis Mossambicus - Highly Fresh/IMG_20191110_075903_3.jpg,Oreochromis Mossambicus,Highly Fresh,4,0,Oreochromis Mossambicus | Highly Fresh
Oreochromis Mossambicus - Highly Fresh/IMG_20191110_075912.jpg,Oreochromis Mossambicus,Highly Fresh,4,0,Oreochromis Mossambicus | Highly Fresh
Oreochromis Mossambicus - Highly Fresh/IMG_20191110_075912_1.jpg,Oreochromis Mossambicus,Highly Fresh,4,0,Oreochromis Mossambicus | Highly Fresh
Oreochromis Mossambicus - Highly Fresh/IMG_20191110_075912_2.jpg,Oreochromis Mossambicus,Highly Fresh,4,0,Oreochromis Mossambicus | Highly Fresh
Oreochromis Mossambicus - Highly Fresh/IMG_20191110_075912_3.jpg,Oreochromis Mossambicus,Highly Fresh,4,0,Oreochromis Mossambicus | Highly Fresh
Oreochromis Mossambicus - Highly Fresh/IMG_20191110_075924.jpg,Oreochromis Mossambicus,Highly Fresh,4,0,Oreochromis Mossambicus | Highly Fresh
Oreochromis Mossambicus - Highly Fresh/IMG_20191110_075924_1.jpg,Oreochromis Mossambicus,Highly Fresh,4,0,Oreochromis Mossambicus | Highly Fresh
Oreochromis Mossambicus - Highly Fresh/IMG_20191110_075924_4.jpg,Oreochromis Mossambicus,Highly Fresh,4,0,Oreochromis Mossambicus | Highly Fresh
Oreochromis Mossambicus - Highly Fresh/IMG_20191110_075938.jpg,Oreochromis Mossambicus,Highly Fresh,4,0,Oreochromis Mossambicus | Highly Fresh
Oreochromis Mossambicus - Highly Fresh/IMG_20191110_075938_1.jpg,Oreochromis Mossambicus,Highly Fresh,4,0,Oreochromis Mossambicus | Highly Fresh
Oreochromis Mossambicus - Highly Fresh/IMG_20191110_075938_2.jpg,Oreochromis Mossambicus,Highly Fresh,4,0,Oreochromis Mossambicus | Highly Fresh
Oreochromis Mossambicus - Highly Fresh/IMG_20191110_075938_3.jpg,Oreochromis Mossambicus,Highly Fresh,4,0,Oreochromis Mossambicus | Highly Fresh
Oreochromis Mossambicus - Highly Fresh/IMG_20191110_075938_4.jpg,Oreochromis Mossambicus,Highly Fresh,4,0,Oreochromis Mossambicus | Highly Fresh
Oreochromis Mossambicus - Highly Fresh/IMG_20191110_075949_1.jpg,Oreochromis Mossambicus,Highly Fresh,4,0,Oreochromis Mossambicus | Highly Fresh
Oreochromis Mossambicus - Highly Fresh/IMG_20191110_075949_2.jpg,Oreochromis Mossambicus,Highly Fresh,4,0,Oreochromis Mossambicus | Highly Fresh
Oreochromis Mossambicus - Highly Fresh/IMG_20191110_075949_3.jpg,Oreochromis Mossambicus,Highly Fresh,4,0,Oreochromis Mossambicus | Highly Fresh
Oreochromis Mossambicus - Highly Fresh/IMG_20191110_075949_4.jpg,Oreochromis Mossambicus,Highly Fresh,4,0,Oreochromis Mossambicus | Highly Fresh
Oreochromis Mossambicus - Highly Fresh/IMG_20191110_080045.jpg,Oreochromis Mossambicus,Highly Fresh,4,0,Oreochromis Mossambicus | Highly Fresh
Oreochromis Mossambicus - Highly Fresh/IMG_20191110_080049.jpg,Oreochromis Mossambicus,Highly Fresh,4,0,Oreochromis Mossambicus | Highly Fresh
Oreochromis Mossambicus - Highly Fresh/IMG_20191110_080053.jpg,Oreochromis Mossambicus,Highly Fresh,4,0,Oreochromis Mossambicus | Highly Fresh
Oreochromis Mossambicus - Highly Fresh/IMG_20191110_080056.jpg,Oreochromis Mossambicus,Highly Fresh,4,0,Oreochromis Mossambicus | Highly Fresh
Oreochromis Mossambicus - Highly Fresh/IMG_20191110_080059.jpg,Oreochromis Mossambicus,Highly Fresh,4,0,Oreochromis Mossambicus | Highly Fresh
Oreochromis Mossambicus - Highly Fresh/IMG_20191110_080102.jpg,Oreochromis Mossambicus,Highly Fresh,4,0,Oreochromis Mossambicus | Highly Fresh
Oreochromis Mossambicus - Highly Fresh/IMG_20191110_080117.jpg,Oreochromis Mossambicus,Highly Fresh,4,0,Oreochromis Mossambicus | Highly Fresh
Oreochromis Mossambicus - Highly Fresh/IMG_20191110_080119.jpg,Oreochromis Mossambicus,Highly Fresh,4,0,Oreochromis Mossambicus | Highly Fresh
Oreochromis Mossambicus - Highly Fresh/IMG_20191110_080122.jpg,Oreochromis Mossambicus,Highly Fresh,4,0,Oreochromis Mossambicus | Highly Fresh
Oreochromis Mossambicus - Highly Fresh/IMG_20191110_080124.jpg,Oreochromis Mossambicus,Highly Fresh,4,0,Oreochromis Mossambicus | Highly Fresh
Oreochromis Mossambicus - Highly Fresh/IMG_20191110_080127.jpg,Oreochromis Mossambicus,Highly Fresh,4,0,Oreochromis Mossambicus | Highly Fresh
Oreochromis Mossambicus - Highly Fresh/IMG_20191110_080130.jpg,Oreochromis Mossambicus,Highly Fresh,4,0,Oreochromis Mossambicus | Highly Fresh
Oreochromis Mossambicus - Highly Fresh/IMG_20191110_080139.jpg,Oreochromis Mossambicus,Highly Fresh,4,0,Oreochromis Mossambicus | Highly Fresh
Oreochromis Mossambicus - Highly Fresh/IMG_20191110_080139_!.jpg,Oreochromis Mossambicus,Highly Fresh,4,0,Oreochromis Mossambicus | Highly Fresh
Oreochromis Mossambicus - Highly Fresh/IMG_20191110_080139_1.jpg,Oreochromis Mossambicus,Highly Fresh,4,0,Oreochromis Mossambicus | Highly Fresh
Oreochromis Mossambicus - Highly Fresh/IMG_20191110_080139_2.jpg,Oreochromis Mossambicus,Highly Fresh,4,0,Oreochromis Mossambicus | Highly Fresh
Oreochromis Mossambicus - Highly Fresh/IMG_20191110_080139_@.jpg,Oreochromis Mossambicus,Highly Fresh,4,0,Oreochromis Mossambicus | Highly Fresh
Oreochromis Mossambicus - Highly Fresh/IMG_20191110_080150.jpg,Oreochromis Mossambicus,Highly Fresh,4,0,Oreochromis Mossambicus | Highly Fresh
Oreochromis Mossambicus - Highly Fresh/IMG_20191110_080150_1.jpg,Oreochromis Mossambicus,Highly Fresh,4,0,Oreochromis Mossambicus | Highly Fresh
Oreochromis Mossambicus - Highly Fresh/IMG_20191110_080150_2.jpg,Oreochromis Mossambicus,Highly Fresh,4,0,Oreochromis Mossambicus | Highly Fresh
Oreochromis Mossambicus - Highly Fresh/IMG_20191110_080200.jpg,Oreochromis Mossambicus,Highly Fresh,4,0,Oreochromis Mossambicus | Highly Fresh
Oreochromis Mossambicus - Highly Fresh/IMG_20191110_080200_1.jpg,Oreochromis Mossambicus,Highly Fresh,4,0,Oreochromis Mossambicus | Highly Fresh
Oreochromis Mossambicus - Highly Fresh/IMG_20191110_080200_2.jpg,Oreochromis Mossambicus,Highly Fresh,4,0,Oreochromis Mossambicus | Highly Fresh
Oreochromis Mossambicus - Highly Fresh/IMG_20191110_080200_3.jpg,Oreochromis Mossambicus,Highly Fresh,4,0,Oreochromis Mossambicus | Highly Fresh
Oreochromis Mossambicus - Highly Fresh/IMG_20191110_080200_4.jpg,Oreochromis Mossambicus,Highly Fresh,4,0,Oreochromis Mossambicus | Highly Fresh
Oreochromis Mossambicus - Highly Fresh/IMG_20191110_080200_5.jpg,Oreochromis Mossambicus,Highly Fresh,4,0,Oreochromis Mossambicus | Highly Fresh
Oreochromis Mossambicus - Highly Fresh/IMG_20191110_080200_6.jpg,Oreochromis Mossambicus,Highly Fresh,4,0,Oreochromis Mossambicus | Highly Fresh
Oreochromis Mossambicus - Highly Fresh/IMG_20191110_080210.jpg,Oreochromis Mossambicus,Highly Fresh,4,0,Oreochromis Mossambicus | Highly Fresh
Oreochromis Mossambicus - Highly Fresh/IMG_20191110_080210_1.jpg,Oreochromis Mossambicus,Highly Fresh,4,0,Oreochromis Mossambicus | Highly Fresh
Oreochromis Mossambicus - Highly Fresh/IMG_20191110_080210_2.jpg,Oreochromis Mossambicus,Highly Fresh,4,0,Oreochromis Mossambicus | Highly Fresh
Oreochromis Mossambicus - Highly Fresh/IMG_20191110_080210_3.jpg,Oreochromis Mossambicus,Highly Fresh,4,0,Oreochromis Mossambicus | Highly Fresh
Oreochromis Mossambicus - Highly Fresh/IMG_20191110_080218_1.jpg,Oreochromis Mossambicus,Highly Fresh,4,0,Oreochromis Mossambicus | Highly Fresh
Oreochromis Mossambicus - Highly Fresh/IMG_20191110_080218_2.jpg,Oreochromis Mossambicus,Highly Fresh,4,0,Oreochromis Mossambicus | Highly Fresh
Oreochromis Mossambicus - Highly Fresh/IMG_20191110_080218_3.jpg,Oreochromis Mossambicus,Highly Fresh,4,0,Oreochromis Mossambicus | Highly Fresh
Oreochromis Mossambicus - Highly Fresh/IMG_20191110_080228_1.jpg,Oreochromis Mossambicus,Highly Fresh,4,0,Oreochromis Mossambicus | Highly Fresh
Oreochromis Mossambicus - Highly Fresh/IMG_20191110_080228_2.jpg,Oreochromis Mossambicus,Highly Fresh,4,0,Oreochromis Mossambicus | Highly Fresh
Oreochromis Mossambicus - Highly Fresh/IMG_20191110_080228_3.jpg,Oreochromis Mossambicus,Highly Fresh,4,0,Oreochromis Mossambicus | Highly Fresh
Oreochromis Mossambicus - Highly Fresh/IMG_20191110_080228_4.jpg,Oreochromis Mossambicus,Highly Fresh,4,0,Oreochromis Mossambicus | Highly Fresh
Oreochromis Mossambicus - Highly Fresh/IMG_20191110_080239_1.jpg,Oreochromis Mossambicus,Highly Fresh,4,0,Oreochromis Mossambicus | Highly Fresh
Oreochromis Mossambicus - Highly Fresh/IMG_20191110_080239_2.jpg,Oreochromis Mossambicus,Highly Fresh,4,0,Oreochromis Mossambicus | Highly Fresh
Oreochromis Mossambicus - Highly Fresh/IMG_20191110_080239_3.jpg,Oreochromis Mossambicus,Highly Fresh,4,0,Oreochromis Mossambicus | Highly Fresh
Oreochromis Mossambicus - Highly Fresh/IMG_20191110_080239_4.jpg,Oreochromis Mossambicus,Highly Fresh,4,0,Oreochromis Mossambicus | Highly Fresh
Oreochromis Mossambicus - Highly Fresh/IMG_20191110_080239_5.jpg,Oreochromis Mossambicus,Highly Fresh,4,0,Oreochromis Mossambicus | Highly Fresh
Oreochromis Mossambicus - Highly Fresh/IMG_20191110_080246.jpg,Oreochromis Mossambicus,Highly Fresh,4,0,Oreochromis Mossambicus | Highly Fresh
Oreochromis Mossambicus - Highly Fresh/IMG_20191110_080250.jpg,Oreochromis Mossambicus,Highly Fresh,4,0,Oreochromis Mossambicus | Highly Fresh
Oreochromis Mossambicus - Highly Fresh/IMG_20191111_054728.jpg,Oreochromis Mossambicus,Highly Fresh,4,0,Oreochromis Mossambicus | Highly Fresh
Oreochromis Mossambicus - Highly Fresh/IMG_20191111_054737.jpg,Oreochromis Mossambicus,Highly Fresh,4,0,Oreochromis Mossambicus | Highly Fresh
Oreochromis Mossambicus - Highly Fresh/IMG_20191111_054753.jpg,Oreochromis Mossambicus,Highly Fresh,4,0,Oreochromis Mossambicus | Highly Fresh
Oreochromis Mossambicus - Highly Fresh/IMG_20191111_054804.jpg,Oreochromis Mossambicus,Highly Fresh,4,0,Oreochromis Mossambicus | Highly Fresh
Oreochromis Mossambicus - Highly Fresh/IMG_20191111_054826.jpg,Oreochromis Mossambicus,Highly Fresh,4,0,Oreochromis Mossambicus | Highly Fresh
Oreochromis Mossambicus - Highly Fresh/IMG_20191111_054835.jpg,Oreochromis Mossambicus,Highly Fresh,4,0,Oreochromis Mossambicus | Highly Fresh
Oreochromis Mossambicus - Highly Fresh/IMG_20191111_054849.jpg,Oreochromis Mossambicus,Highly Fresh,4,0,Oreochromis Mossambicus | Highly Fresh
Oreochromis Mossambicus - Highly Fresh/IMG_20191111_054857.jpg,Oreochromis Mossambicus,Highly Fresh,4,0,Oreochromis Mossambicus | Highly Fresh
Oreochromis Mossambicus - Highly Fresh/IMG_20191111_054919.jpg,Oreochromis Mossambicus,Highly Fresh,4,0,Oreochromis Mossambicus | Highly Fresh
Oreochromis Mossambicus - Highly Fresh/IMG_20191111_054930.jpg,Oreochromis Mossambicus,Highly Fresh,4,0,Oreochromis Mossambicus | Highly Fresh
Oreochromis Mossambicus - Highly Fresh/IMG_20191111_054948.jpg,Oreochromis Mossambicus,Highly Fresh,4,0,Oreochromis Mossambicus | Highly Fresh
Oreochromis Mossambicus - Highly Fresh/IMG_20191111_055000.jpg,Oreochromis Mossambicus,Highly Fresh,4,0,Oreochromis Mossambicus | Highly Fresh
Oreochromis Mossambicus - Highly Fresh/IMG_20191111_055019.jpg,Oreochromis Mossambicus,Highly Fresh,4,0,Oreochromis Mossambicus | Highly Fresh
Oreochromis Mossambicus - Highly Fresh/IMG_20191111_055027.jpg,Oreochromis Mossambicus,Highly Fresh,4,0,Oreochromis Mossambicus | Highly Fresh
Oreochromis Mossambicus - Highly Fresh/IMG_20191111_055041_1.jpg,Oreochromis Mossambicus,Highly Fresh,4,0,Oreochromis Mossambicus | Highly Fresh
Oreochromis Mossambicus - Highly Fresh/IMG_20191111_055041_2.jpg,Oreochromis Mossambicus,Highly Fresh,4,0,Oreochromis Mossambicus | Highly Fresh
Oreochromis Mossambicus - Highly Fresh/IMG_20191111_05504_31.jpg,Oreochromis Mossambicus,Highly Fresh,4,0,Oreochromis Mossambicus | Highly Fresh
Oreochromis Mossambicus - Highly Fresh/IMG_20191111_055053_1.jpg,Oreochromis Mossambicus,Highly Fresh,4,0,Oreochromis Mossambicus | Highly Fresh
Oreochromis Mossambicus - Highly Fresh/IMG_20191111_055053_2.jpg,Oreochromis Mossambicus,Highly Fresh,4,0,Oreochromis Mossambicus | Highly Fresh
Oreochromis Mossambicus - Highly Fresh/IMG_20191111_055053_3.jpg,Oreochromis Mossambicus,Highly Fresh,4,0,Oreochromis Mossambicus | Highly Fresh
Oreochromis Mossambicus - Highly Fresh/IMG_20191111_055053_4.jpg,Oreochromis Mossambicus,Highly Fresh,4,0,Oreochromis Mossambicus | Highly Fresh
Oreochromis Mossambicus - Highly Fresh/IMG_20191111_055119_1.jpg,Oreochromis Mossambicus,Highly Fresh,4,0,Oreochromis Mossambicus | Highly Fresh
Oreochromis Mossambicus - Highly Fresh/IMG_20191111_055119_2.jpg,Oreochromis Mossambicus,Highly Fresh,4,0,Oreochromis Mossambicus | Highly Fresh
Oreochromis Mossambicus - Highly Fresh/IMG_20191111_055119_3.jpg,Oreochromis Mossambicus,Highly Fresh,4,0,Oreochromis Mossambicus | Highly Fresh
Oreochromis Mossambicus - Highly Fresh/IMG_20191111_055119_4.jpg,Oreochromis Mossambicus,Highly Fresh,4,0,Oreochromis Mossambicus | Highly Fresh
Oreochromis Mossambicus - Highly Fresh/IMG_20191111_055153.jpg,Oreochromis Mossambicus,Highly Fresh,4,0,Oreochromis Mossambicus | Highly Fresh
Oreochromis Mossambicus - Highly Fresh/IMG_20191111_055158.jpg,Oreochromis Mossambicus,Highly Fresh,4,0,Oreochromis Mossambicus | Highly Fresh
Oreochromis Mossambicus - Highly Fresh/IMG_20191111_055202.jpg,Oreochromis Mossambicus,Highly Fresh,4,0,Oreochromis Mossambicus | Highly Fresh
Oreochromis Mossambicus - Highly Fresh/IMG_20191111_055211.jpg,Oreochromis Mossambicus,Highly Fresh,4,0,Oreochromis Mossambicus | Highly Fresh
Oreochromis Mossambicus - Highly Fresh/IMG_20191111_055214.jpg,Oreochromis Mossambicus,Highly Fresh,4,0,Oreochromis Mossambicus | Highly Fresh
Oreochromis Mossambicus - Highly Fresh/IMG_20191111_055217.jpg,Oreochromis Mossambicus,Highly Fresh,4,0,Oreochromis Mossambicus | Highly Fresh
Oreochromis Mossambicus - Highly Fresh/IMG_20191111_055221.jpg,Oreochromis Mossambicus,Highly Fresh,4,0,Oreochromis Mossambicus | Highly Fresh
Oreochromis Mossambicus - Highly Fresh/IMG_20191111_055241.jpg,Oreochromis Mossambicus,Highly Fresh,4,0,Oreochromis Mossambicus | Highly Fresh
Oreochromis Mossambicus - Highly Fresh/IMG_20191111_055244.jpg,Oreochromis Mossambicus,Highly Fresh,4,0,Oreochromis Mossambicus | Highly Fresh
Oreochromis Mossambicus - Highly Fresh/IMG_20191111_055247.jpg,Oreochromis Mossambicus,Highly Fresh,4,0,Oreochromis Mossambicus | Highly Fresh
Oreochromis Mossambicus - Highly Fresh/IMG_20191111_055250.jpg,Oreochromis Mossambicus,Highly Fresh,4,0,Oreochromis Mossambicus | Highly Fresh
Oreochromis Mossambicus - Highly Fresh/IMG_20191111_055253.jpg,Oreochromis Mossambicus,Highly Fresh,4,0,Oreochromis Mossambicus | Highly Fresh
Oreochromis Mossambicus - Highly Fresh/IMG_20191111_055256.jpg,Oreochromis Mossambicus,Highly Fresh,4,0,Oreochromis Mossambicus | Highly Fresh
Oreochromis Mossambicus - Highly Fresh/IMG_20191111_055259.jpg,Oreochromis Mossambicus,Highly Fresh,4,0,Oreochromis Mossambicus | Highly Fresh
Oreochromis Mossambicus - Highly Fresh/IMG_20191111_055336.jpg,Oreochromis Mossambicus,Highly Fresh,4,0,Oreochromis Mossambicus | Highly Fresh
Oreochromis Mossambicus - Highly Fresh/IMG_20191111_055336_1.jpg,Oreochromis Mossambicus,Highly Fresh,4,0,Oreochromis Mossambicus | Highly Fresh
Oreochromis Mossambicus - Highly Fresh/IMG_20191111_055354_1.jpg,Oreochromis Mossambicus,Highly Fresh,4,0,Oreochromis Mossambicus | Highly Fresh
Oreochromis Mossambicus - Highly Fresh/IMG_20191111_055354_2.jpg,Oreochromis Mossambicus,Highly Fresh,4,0,Oreochromis Mossambicus | Highly Fresh
Oreochromis Mossambicus - Highly Fresh/IMG_20191111_055401_1.jpg,Oreochromis Mossambicus,Highly Fresh,4,0,Oreochromis Mossambicus | Highly Fresh
Oreochromis Mossambicus - Highly Fresh/IMG_20191111_055401_2.jpg,Oreochromis Mossambicus,Highly Fresh,4,0,Oreochromis Mossambicus | Highly Fresh
Oreochromis Mossambicus - Highly Fresh/IMG_20191111_055414_1.jpg,Oreochromis Mossambicus,Highly Fresh,4,0,Oreochromis Mossambicus | Highly Fresh
Oreochromis Mossambicus - Highly Fresh/IMG_20191111_055414_2.jpg,Oreochromis Mossambicus,Highly Fresh,4,0,Oreochromis Mossambicus | Highly Fresh
Oreochromis Mossambicus - Highly Fresh/IMG_20191111_055419_!.jpg,Oreochromis Mossambicus,Highly Fresh,4,0,Oreochromis Mossambicus | Highly Fresh
Oreochromis Mossambicus - Highly Fresh/IMG_20191111_055419_2.jpg,Oreochromis Mossambicus,Highly Fresh,4,0,Oreochromis Mossambicus | Highly Fresh
Oreochromis Mossambicus - Highly Fresh/IMG_20191111_055422_1.jpg,Oreochromis Mossambicus,Highly Fresh,4,0,Oreochromis Mossambicus | Highly Fresh
Oreochromis Mossambicus - Highly Fresh/IMG_20191111_055422_2.jpg,Oreochromis Mossambicus,Highly Fresh,4,0,Oreochromis Mossambicus | Highly Fresh
Oreochromis Mossambicus - Highly Fresh/IMG_20191111_055431_1.jpg,Oreochromis Mossambicus,Highly Fresh,4,0,Oreochromis Mossambicus | Highly Fresh
Oreochromis Mossambicus - Highly Fresh/IMG_20191111_055431_2.jpg,Oreochromis Mossambicus,Highly Fresh,4,0,Oreochromis Mossambicus | Highly Fresh
Oreochromis Mossambicus - Highly Fresh/IMG_20191111_055431_3.jpg,Oreochromis Mossambicus,Highly Fresh,4,0,Oreochromis Mossambicus | Highly Fresh
Oreochromis Mossambicus - Highly Fresh/IMG_20191111_055431_4.jpg,Oreochromis Mossambicus,Highly Fresh,4,0,Oreochromis Mossambicus | Highly Fresh
Oreochromis Mossambicus - Highly Fresh/IMG_20191111_055431_5.jpg,Oreochromis Mossambicus,Highly Fresh,4,0,Oreochromis Mossambicus | Highly Fresh
Oreochromis Mossambicus - Highly Fresh/IMG_20191111_055445_1.jpg,Oreochromis Mossambicus,Highly Fresh,4,0,Oreochromis Mossambicus | Highly Fresh
Oreochromis Mossambicus - Highly Fresh/IMG_20191111_055445_2.jpg,Oreochromis Mossambicus,Highly Fresh,4,0,Oreochromis Mossambicus | Highly Fresh
Oreochromis Mossambicus - Highly Fresh/IMG_20191111_055445_3.jpg,Oreochromis Mossambicus,Highly Fresh,4,0,Oreochromis Mossambicus | Highly Fresh
Oreochromis Mossambicus - Highly Fresh/IMG_20191111_055445_4.jpg,Oreochromis Mossambicus,Highly Fresh,4,0,Oreochromis Mossambicus | Highly Fresh
Oreochromis Mossambicus - Highly Fresh/IMG_20191111_055445_5.jpg,Oreochromis Mossambicus,Highly Fresh,4,0,Oreochromis Mossambicus | Highly Fresh
Oreochromis Mossambicus - Highly Fresh/IMG_20191111_055445_6.jpg,Oreochromis Mossambicus,Highly Fresh,4,0,Oreochromis Mossambicus | Highly Fresh
Oreochromis Mossambicus - Highly Fresh/IMG_20191111_055457_1.jpg,Oreochromis Mossambicus,Highly Fresh,4,0,Oreochromis Mossambicus | Highly Fresh
Oreochromis Mossambicus - Highly Fresh/IMG_20191111_055457_2.jpg,Oreochromis Mossambicus,Highly Fresh,4,0,Oreochromis Mossambicus | Highly Fresh
Oreochromis Mossambicus - Highly Fresh/IMG_20191111_055457_3.jpg,Oreochromis Mossambicus,Highly Fresh,4,0,Oreochromis Mossambicus | Highly Fresh
Oreochromis Mossambicus - Highly Fresh/IMG_20191111_055457_4.jpg,Oreochromis Mossambicus,Highly Fresh,4,0,Oreochromis Mossambicus | Highly Fresh
Oreochromis Mossambicus - Highly Fresh/IMG_20191111_055457_5.jpg,Oreochromis Mossambicus,Highly Fresh,4,0,Oreochromis Mossambicus | Highly Fresh
Oreochromis Mossambicus - Highly Fresh/IMG_20191111_055457_6.jpg,Oreochromis Mossambicus,Highly Fresh,4,0,Oreochromis Mossambicus | Highly Fresh
Oreochromis Mossambicus - Highly Fresh/IMG_20191111_055457_7.jpg,Oreochromis Mossambicus,Highly Fresh,4,0,Oreochromis Mossambicus | Highly Fresh
Oreochromis Mossambicus - Highly Fresh/IMG_20191111_055530.jpg,Oreochromis Mossambicus,Highly Fresh,4,0,Oreochromis Mossambicus | Highly Fresh
Oreochromis Mossambicus - Highly Fresh/IMG_20191111_055534.jpg,Oreochromis Mossambicus,Highly Fresh,4,0,Oreochromis Mossambicus | Highly Fresh
Oreochromis Mossambicus - Highly Fresh/IMG_20191111_055537.jpg,Oreochromis Mossambicus,Highly Fresh,4,0,Oreochromis Mossambicus | Highly Fresh
Oreochromis Mossambicus - Highly Fresh/IMG_20191111_055541.jpg,Oreochromis Mossambicus,Highly Fresh,4,0,Oreochromis Mossambicus | Highly Fresh
Oreochromis Mossambicus - Highly Fresh/IMG_20191111_055601.jpg,Oreochromis Mossambicus,Highly Fresh,4,0,Oreochromis Mossambicus | Highly Fresh
Oreochromis Mossambicus - Highly Fresh/IMG_20191111_055608.jpg,Oreochromis Mossambicus,Highly Fresh,4,0,Oreochromis Mossambicus | Highly Fresh
Oreochromis Mossambicus - Highly Fresh/IMG_20191111_055614.jpg,Oreochromis Mossambicus,Highly Fresh,4,0,Oreochromis Mossambicus | Highly Fresh
Oreochromis Mossambicus - Highly Fresh/IMG_20191111_055619.jpg,Oreochromis Mossambicus,Highly Fresh,4,0,Oreochromis Mossambicus | Highly Fresh
Oreochromis Mossambicus - Highly Fresh/IMG_20191111_055720.jpg,Oreochromis Mossambicus,Highly Fresh,4,0,Oreochromis Mossambicus | Highly Fresh
Oreochromis Mossambicus - Highly Fresh/IMG_20191111_055723.jpg,Oreochromis Mossambicus,Highly Fresh,4,0,Oreochromis Mossambicus | Highly Fresh
Oreochromis Mossambicus - Highly Fresh/IMG_20191111_055726.jpg,Oreochromis Mossambicus,Highly Fresh,4,0,Oreochromis Mossambicus | Highly Fresh
Oreochromis Mossambicus - Highly Fresh/IMG_20191111_055729.jpg,Oreochromis Mossambicus,Highly Fresh,4,0,Oreochromis Mossambicus | Highly Fresh
Oreochromis Mossambicus - Highly Fresh/IMG_20191111_055742.jpg,Oreochromis Mossambicus,Highly Fresh,4,0,Oreochromis Mossambicus | Highly Fresh
Oreochromis Mossambicus - Highly Fresh/IMG_20191111_055756.jpg,Oreochromis Mossambicus,Highly Fresh,4,0,Oreochromis Mossambicus | Highly Fresh
Oreochromis Mossambicus - Highly Fresh/IMG_20191111_055814_1.jpg,Oreochromis Mossambicus,Highly Fresh,4,0,Oreochromis Mossambicus | Highly Fresh
Oreochromis Mossambicus - Highly Fresh/IMG_20191111_055814_2.jpg,Oreochromis Mossambicus,Highly Fresh,4,0,Oreochromis Mossambicus | Highly Fresh
Oreochromis Mossambicus - Highly Fresh/IMG_20191111_055827_1.jpg,Oreochromis Mossambicus,Highly Fresh,4,0,Oreochromis Mossambicus | Highly Fresh
Oreochromis Mossambicus - Highly Fresh/IMG_20191111_055827_2.jpg,Oreochromis Mossambicus,Highly Fresh,4,0,Oreochromis Mossambicus | Highly Fresh
Oreochromis Mossambicus - Highly Fresh/IMG_20191111_055848_1.jpg,Oreochromis Mossambicus,Highly Fresh,4,0,Oreochromis Mossambicus | Highly Fresh
Oreochromis Mossambicus - Highly Fresh/IMG_20191111_055848_2.jpg,Oreochromis Mossambicus,Highly Fresh,4,0,Oreochromis Mossambicus | Highly Fresh
Oreochromis Mossambicus - Highly Fresh/IMG_20191111_055848_3.jpg,Oreochromis Mossambicus,Highly Fresh,4,0,Oreochromis Mossambicus | Highly Fresh
Oreochromis Mossambicus - Highly Fresh/IMG_20191111_055848_4.jpg,Oreochromis Mossambicus,Highly Fresh,4,0,Oreochromis Mossambicus | Highly Fresh
Oreochromis Mossambicus - Highly Fresh/IMG_20191111_055900_1.jpg,Oreochromis Mossambicus,Highly Fresh,4,0,Oreochromis Mossambicus | Highly Fresh
Oreochromis Mossambicus - Highly Fresh/IMG_20191111_055900_2.jpg,Oreochromis Mossambicus,Highly Fresh,4,0,Oreochromis Mossambicus | Highly Fresh
Oreochromis Mossambicus - Highly Fresh/IMG_20191111_055900_3.jpg,Oreochromis Mossambicus,Highly Fresh,4,0,Oreochromis Mossambicus | Highly Fresh
Oreochromis Mossambicus - Highly Fresh/IMG_20191111_055900_4.jpg,Oreochromis Mossambicus,Highly Fresh,4,0,Oreochromis Mossambicus | Highly Fresh
Oreochromis Mossambicus - Highly Fresh/IMG_20191111_055900_5.jpg,Oreochromis Mossambicus,Highly Fresh,4,0,Oreochromis Mossambicus | Highly Fresh
Oreochromis Mossambicus - Highly Fresh/IMG_20191111_055912_1.jpg,Oreochromis Mossambicus,Highly Fresh,4,0,Oreochromis Mossambicus | Highly Fresh
Oreochromis Mossambicus - Highly Fresh/IMG_20191111_055912_2.jpg,Oreochromis Mossambicus,Highly Fresh,4,0,Oreochromis Mossambicus | Highly Fresh
Oreochromis Mossambicus - Highly Fresh/IMG_20191111_055912_3.jpg,Oreochromis Mossambicus,Highly Fresh,4,0,Oreochromis Mossambicus | Highly Fresh
Oreochromis Mossambicus - Highly Fresh/IMG_20191111_055912_4.jpg,Oreochromis Mossambicus,Highly Fresh,4,0,Oreochromis Mossambicus | Highly Fresh
Oreochromis Mossambicus - Highly Fresh/IMG_20191111_055912_5.jpg,Oreochromis Mossambicus,Highly Fresh,4,0,Oreochromis Mossambicus | Highly Fresh
Oreochromis Mossambicus - Highly Fresh/IMG_20191111_060000_1.jpg,Oreochromis Mossambicus,Highly Fresh,4,0,Oreochromis Mossambicus | Highly Fresh
Oreochromis Mossambicus - Highly Fresh/IMG_20191111_060000_2.jpg,Oreochromis Mossambicus,Highly Fresh,4,0,Oreochromis Mossambicus | Highly Fresh
Oreochromis Mossambicus - Highly Fresh/IMG_20191111_060000_3.jpg,Oreochromis Mossambicus,Highly Fresh,4,0,Oreochromis Mossambicus | Highly Fresh
Oreochromis Mossambicus - Highly Fresh/IMG_20191111_060000_4.jpg,Oreochromis Mossambicus,Highly Fresh,4,0,Oreochromis Mossambicus | Highly Fresh
Oreochromis Mossambicus - Not Fresh/IMG_20191114_060034.jpg,Oreochromis Mossambicus,Not Fresh,4,2,Oreochromis Mossambicus | Not Fresh
Oreochromis Mossambicus - Not Fresh/IMG_20191114_060045.jpg,Oreochromis Mossambicus,Not Fresh,4,2,Oreochromis Mossambicus | Not Fresh
Oreochromis Mossambicus - Not Fresh/IMG_20191114_060100.jpg,Oreochromis Mossambicus,Not Fresh,4,2,Oreochromis Mossambicus | Not Fresh
Oreochromis Mossambicus - Not Fresh/IMG_20191114_060108.jpg,Oreochromis Mossambicus,Not Fresh,4,2,Oreochromis Mossambicus | Not Fresh
Oreochromis Mossambicus - Not Fresh/IMG_20191114_060124.jpg,Oreochromis Mossambicus,Not Fresh,4,2,Oreochromis Mossambicus | Not Fresh
Oreochromis Mossambicus - Not Fresh/IMG_20191114_060133.jpg,Oreochromis Mossambicus,Not Fresh,4,2,Oreochromis Mossambicus | Not Fresh
Oreochromis Mossambicus - Not Fresh/IMG_20191114_060142.jpg,Oreochromis Mossambicus,Not Fresh,4,2,Oreochromis Mossambicus | Not Fresh
Oreochromis Mossambicus - Not Fresh/IMG_20191114_060149.jpg,Oreochromis Mossambicus,Not Fresh,4,2,Oreochromis Mossambicus | Not Fresh
Oreochromis Mossambicus - Not Fresh/IMG_20191114_060206.jpg,Oreochromis Mossambicus,Not Fresh,4,2,Oreochromis Mossambicus | Not Fresh
Oreochromis Mossambicus - Not Fresh/IMG_20191114_060217.jpg,Oreochromis Mossambicus,Not Fresh,4,2,Oreochromis Mossambicus | Not Fresh
Oreochromis Mossambicus - Not Fresh/IMG_20191114_060228.jpg,Oreochromis Mossambicus,Not Fresh,4,2,Oreochromis Mossambicus | Not Fresh
Oreochromis Mossambicus - Not Fresh/IMG_20191114_060236.jpg,Oreochromis Mossambicus,Not Fresh,4,2,Oreochromis Mossambicus | Not Fresh
Oreochromis Mossambicus - Not Fresh/IMG_20191114_060247.jpg,Oreochromis Mossambicus,Not Fresh,4,2,Oreochromis Mossambicus | Not Fresh
Oreochromis Mossambicus - Not Fresh/IMG_20191114_060254.jpg,Oreochromis Mossambicus,Not Fresh,4,2,Oreochromis Mossambicus | Not Fresh
Oreochromis Mossambicus - Not Fresh/IMG_20191114_060313_1.jpg,Oreochromis Mossambicus,Not Fresh,4,2,Oreochromis Mossambicus | Not Fresh
Oreochromis Mossambicus - Not Fresh/IMG_20191114_060313_2.jpg,Oreochromis Mossambicus,Not Fresh,4,2,Oreochromis Mossambicus | Not Fresh
Oreochromis Mossambicus - Not Fresh/IMG_20191114_060324_1.jpg,Oreochromis Mossambicus,Not Fresh,4,2,Oreochromis Mossambicus | Not Fresh
Oreochromis Mossambicus - Not Fresh/IMG_20191114_060324_2.jpg,Oreochromis Mossambicus,Not Fresh,4,2,Oreochromis Mossambicus | Not Fresh
Oreochromis Mossambicus - Not Fresh/IMG_20191114_060324_3.jpg,Oreochromis Mossambicus,Not Fresh,4,2,Oreochromis Mossambicus | Not Fresh
Oreochromis Mossambicus - Not Fresh/IMG_20191114_060335_1.jpg,Oreochromis Mossambicus,Not Fresh,4,2,Oreochromis Mossambicus | Not Fresh
Oreochromis Mossambicus - Not Fresh/IMG_20191114_060335_2.jpg,Oreochromis Mossambicus,Not Fresh,4,2,Oreochromis Mossambicus | Not Fresh
Oreochromis Mossambicus - Not Fresh/IMG_20191114_060335_3.jpg,Oreochromis Mossambicus,Not Fresh,4,2,Oreochromis Mossambicus | Not Fresh
Oreochromis Mossambicus - Not Fresh/IMG_20191114_060335_4.jpg,Oreochromis Mossambicus,Not Fresh,4,2,Oreochromis Mossambicus | Not Fresh
Oreochromis Mossambicus - Not Fresh/IMG_20191114_060350_1.jpg,Oreochromis Mossambicus,Not Fresh,4,2,Oreochromis Mossambicus | Not Fresh
Oreochromis Mossambicus - Not Fresh/IMG_20191114_060350_2.jpg,Oreochromis Mossambicus,Not Fresh,4,2,Oreochromis Mossambicus | Not Fresh
Oreochromis Mossambicus - Not Fresh/IMG_20191114_060350_3.jpg,Oreochromis Mossambicus,Not Fresh,4,2,Oreochromis Mossambicus | Not Fresh
Oreochromis Mossambicus - Not Fresh/IMG_20191114_060350_4.jpg,Oreochromis Mossambicus,Not Fresh,4,2,Oreochromis Mossambicus | Not Fresh
Oreochromis Mossambicus - Not Fresh/IMG_20191114_060350_5.jpg,Oreochromis Mossambicus,Not Fresh,4,2,Oreochromis Mossambicus | Not Fresh
Oreochromis Mossambicus - Not Fresh/IMG_20191114_060407_1.jpg,Oreochromis Mossambicus,Not Fresh,4,2,Oreochromis Mossambicus | Not Fresh
Oreochromis Mossambicus - Not Fresh/IMG_20191114_060407_2.jpg,Oreochromis Mossambicus,Not Fresh,4,2,Oreochromis Mossambicus | Not Fresh
Oreochromis Mossambicus - Not Fresh/IMG_20191114_060407_3.jpg,Oreochromis Mossambicus,Not Fresh,4,2,Oreochromis Mossambicus | Not Fresh
Oreochromis Mossambicus - Not Fresh/IMG_20191114_060422_1.jpg,Oreochromis Mossambicus,Not Fresh,4,2,Oreochromis Mossambicus | Not Fresh
Oreochromis Mossambicus - Not Fresh/IMG_20191114_060422_2.jpg,Oreochromis Mossambicus,Not Fresh,4,2,Oreochromis Mossambicus | Not Fresh
Oreochromis Mossambicus - Not Fresh/IMG_20191114_060422_3.jpg,Oreochromis Mossambicus,Not Fresh,4,2,Oreochromis Mossambicus | Not Fresh
Oreochromis Mossambicus - Not Fresh/IMG_20191114_060511.jpg,Oreochromis Mossambicus,Not Fresh,4,2,Oreochromis Mossambicus | Not Fresh
Oreochromis Mossambicus - Not Fresh/IMG_20191114_060519.jpg,Oreochromis Mossambicus,Not Fresh,4,2,Oreochromis Mossambicus | Not Fresh
Oreochromis Mossambicus - Not Fresh/IMG_20191114_060526.jpg,Oreochromis Mossambicus,Not Fresh,4,2,Oreochromis Mossambicus | Not Fresh
Oreochromis Mossambicus - Not Fresh/IMG_20191114_060543.jpg,Oreochromis Mossambicus,Not Fresh,4,2,Oreochromis Mossambicus | Not Fresh
Oreochromis Mossambicus - Not Fresh/IMG_20191114_060547.jpg,Oreochromis Mossambicus,Not Fresh,4,2,Oreochromis Mossambicus | Not Fresh
Oreochromis Mossambicus - Not Fresh/IMG_20191114_060550.jpg,Oreochromis Mossambicus,Not Fresh,4,2,Oreochromis Mossambicus | Not Fresh
Oreochromis Mossambicus - Not Fresh/IMG_20191114_060554.jpg,Oreochromis Mossambicus,Not Fresh,4,2,Oreochromis Mossambicus | Not Fresh
Oreochromis Mossambicus - Not Fresh/IMG_20191114_060614.jpg,Oreochromis Mossambicus,Not Fresh,4,2,Oreochromis Mossambicus | Not Fresh
Oreochromis Mossambicus - Not Fresh/IMG_20191114_060617.jpg,Oreochromis Mossambicus,Not Fresh,4,2,Oreochromis Mossambicus | Not Fresh
Oreochromis Mossambicus - Not Fresh/IMG_20191114_060621.jpg,Oreochromis Mossambicus,Not Fresh,4,2,Oreochromis Mossambicus | Not Fresh
Oreochromis Mossambicus - Not Fresh/IMG_20191114_060624.jpg,Oreochromis Mossambicus,Not Fresh,4,2,Oreochromis Mossambicus | Not Fresh
Oreochromis Mossambicus - Not Fresh/IMG_20191114_060626.jpg,Oreochromis Mossambicus,Not Fresh,4,2,Oreochromis Mossambicus | Not Fresh
Oreochromis Mossambicus - Not Fresh/IMG_20191114_060628.jpg,Oreochromis Mossambicus,Not Fresh,4,2,Oreochromis Mossambicus | Not Fresh
Oreochromis Mossambicus - Not Fresh/IMG_20191114_060632.jpg,Oreochromis Mossambicus,Not Fresh,4,2,Oreochromis Mossambicus | Not Fresh
Oreochromis Mossambicus - Not Fresh/IMG_20191114_060655_1.jpg,Oreochromis Mossambicus,Not Fresh,4,2,Oreochromis Mossambicus | Not Fresh
Oreochromis Mossambicus - Not Fresh/IMG_20191114_060655_2.jpg,Oreochromis Mossambicus,Not Fresh,4,2,Oreochromis Mossambicus | Not Fresh
Oreochromis Mossambicus - Not Fresh/IMG_20191114_060658_1.jpg,Oreochromis Mossambicus,Not Fresh,4,2,Oreochromis Mossambicus | Not Fresh
Oreochromis Mossambicus - Not Fresh/IMG_20191114_060658_2.jpg,Oreochromis Mossambicus,Not Fresh,4,2,Oreochromis Mossambicus | Not Fresh
Oreochromis Mossambicus - Not Fresh/IMG_20191114_060701_1.jpg,Oreochromis Mossambicus,Not Fresh,4,2,Oreochromis Mossambicus | Not Fresh
Oreochromis Mossambicus - Not Fresh/IMG_20191114_060701_2.jpg,Oreochromis Mossambicus,Not Fresh,4,2,Oreochromis Mossambicus | Not Fresh
Oreochromis Mossambicus - Not Fresh/IMG_20191114_060701_3.jpg,Oreochromis Mossambicus,Not Fresh,4,2,Oreochromis Mossambicus | Not Fresh
Oreochromis Mossambicus - Not Fresh/IMG_20191114_060711_1.jpg,Oreochromis Mossambicus,Not Fresh,4,2,Oreochromis Mossambicus | Not Fresh
Oreochromis Mossambicus - Not Fresh/IMG_20191114_060711_2.jpg,Oreochromis Mossambicus,Not Fresh,4,2,Oreochromis Mossambicus | Not Fresh
Oreochromis Mossambicus - Not Fresh/IMG_20191114_060714_1.jpg,Oreochromis Mossambicus,Not Fresh,4,2,Oreochromis Mossambicus | Not Fresh
Oreochromis Mossambicus - Not Fresh/IMG_20191114_060714_2.jpg,Oreochromis Mossambicus,Not Fresh,4,2,Oreochromis Mossambicus | Not Fresh
Oreochromis Mossambicus - Not Fresh/IMG_20191114_060721_1.jpg,Oreochromis Mossambicus,Not Fresh,4,2,Oreochromis Mossambicus | Not Fresh
Oreochromis Mossambicus - Not Fresh/IMG_20191114_060721_2.jpg,Oreochromis Mossambicus,Not Fresh,4,2,Oreochromis Mossambicus | Not Fresh
Oreochromis Mossambicus - Not Fresh/IMG_20191114_060721_3.jpg,Oreochromis Mossambicus,Not Fresh,4,2,Oreochromis Mossambicus | Not Fresh
Oreochromis Mossambicus - Not Fresh/IMG_20191114_060807.jpg,Oreochromis Mossambicus,Not Fresh,4,2,Oreochromis Mossambicus | Not Fresh
Oreochromis Mossambicus - Not Fresh/IMG_20191114_060810.jpg,Oreochromis Mossambicus,Not Fresh,4,2,Oreochromis Mossambicus | Not Fresh
Oreochromis Mossambicus - Not Fresh/IMG_20191114_060814.jpg,Oreochromis Mossambicus,Not Fresh,4,2,Oreochromis Mossambicus | Not Fresh
Oreochromis Mossambicus - Not Fresh/IMG_20191114_060817.jpg,Oreochromis Mossambicus,Not Fresh,4,2,Oreochromis Mossambicus | Not Fresh
Oreochromis Mossambicus - Not Fresh/IMG_20191114_060822.jpg,Oreochromis Mossambicus,Not Fresh,4,2,Oreochromis Mossambicus | Not Fresh
Oreochromis Mossambicus - Not Fresh/IMG_20191114_060825.jpg,Oreochromis Mossambicus,Not Fresh,4,2,Oreochromis Mossambicus | Not Fresh
Oreochromis Mossambicus - Not Fresh/IMG_20191114_060828.jpg,Oreochromis Mossambicus,Not Fresh,4,2,Oreochromis Mossambicus | Not Fresh
Oreochromis Mossambicus - Not Fresh/IMG_20191114_060847_1.jpg,Oreochromis Mossambicus,Not Fresh,4,2,Oreochromis Mossambicus | Not Fresh
Oreochromis Mossambicus - Not Fresh/IMG_20191114_060847_2.jpg,Oreochromis Mossambicus,Not Fresh,4,2,Oreochromis Mossambicus | Not Fresh
Oreochromis Mossambicus - Not Fresh/IMG_20191114_060847_3.jpg,Oreochromis Mossambicus,Not Fresh,4,2,Oreochromis Mossambicus | Not Fresh
Oreochromis Mossambicus - Not Fresh/IMG_20191114_060850.jpg,Oreochromis Mossambicus,Not Fresh,4,2,Oreochromis Mossambicus | Not Fresh
Oreochromis Mossambicus - Not Fresh/IMG_20191114_060850_1.jpg,Oreochromis Mossambicus,Not Fresh,4,2,Oreochromis Mossambicus | Not Fresh
Oreochromis Mossambicus - Not Fresh/IMG_20191114_060850_2.jpg,Oreochromis Mossambicus,Not Fresh,4,2,Oreochromis Mossambicus | Not Fresh
Oreochromis Mossambicus - Not Fresh/IMG_20191114_060850_3.jpg,Oreochromis Mossambicus,Not Fresh,4,2,Oreochromis Mossambicus | Not Fresh
Oreochromis Mossambicus - Not Fresh/IMG_20191114_060859_1.jpg,Oreochromis Mossambicus,Not Fresh,4,2,Oreochromis Mossambicus | Not Fresh
Oreochromis Mossambicus - Not Fresh/IMG_20191114_060859_2.jpg,Oreochromis Mossambicus,Not Fresh,4,2,Oreochromis Mossambicus | Not Fresh
Oreochromis Mossambicus - Not Fresh/IMG_20191114_060859_3.jpg,Oreochromis Mossambicus,Not Fresh,4,2,Oreochromis Mossambicus | Not Fresh
Oreochromis Mossambicus - Not Fresh/IMG_20191114_060903.jpg,Oreochromis Mossambicus,Not Fresh,4,2,Oreochromis Mossambicus | Not Fresh
Oreochromis Mossambicus - Not Fresh/IMG_20191114_060903_1.jpg,Oreochromis Mossambicus,Not Fresh,4,2,Oreochromis Mossambicus | Not Fresh
Oreochromis Mossambicus - Not Fresh/IMG_20191114_060903_2.jpg,Oreochromis Mossambicus,Not Fresh,4,2,Oreochromis Mossambicus | Not Fresh
Oreochromis Mossambicus - Not Fresh/IMG_20191114_060903_3.jpg,Oreochromis Mossambicus,Not Fresh,4,2,Oreochromis Mossambicus | Not Fresh
Oreochromis Mossambicus - Not Fresh/IMG_20191114_060912_1.jpg,Oreochromis Mossambicus,Not Fresh,4,2,Oreochromis Mossambicus | Not Fresh
Oreochromis Mossambicus - Not Fresh/IMG_20191114_060912_2.jpg,Oreochromis Mossambicus,Not Fresh,4,2,Oreochromis Mossambicus | Not Fresh
Oreochromis Mossambicus - Not Fresh/IMG_20191114_060912_3.jpg,Oreochromis Mossambicus,Not Fresh,4,2,Oreochromis Mossambicus | Not Fresh
Oreochromis Mossambicus - Not Fresh/IMG_20191114_060912_4.jpg,Oreochromis Mossambicus,Not Fresh,4,2,Oreochromis Mossambicus | Not Fresh
Oreochromis Mossambicus - Not Fresh/IMG_20191114_060912_5.jpg,Oreochromis Mossambicus,Not Fresh,4,2,Oreochromis Mossambicus | Not Fresh
Oreochromis Mossambicus - Not Fresh/IMG_20191114_060912_6.jpg,Oreochromis Mossambicus,Not Fresh,4,2,Oreochromis Mossambicus | Not Fresh
Oreochromis Mossambicus - Not Fresh/IMG_20191114_060912_7.jpg,Oreochromis Mossambicus,Not Fresh,4,2,Oreochromis Mossambicus | Not Fresh
Oreochromis Mossambicus - Not Fresh/IMG_20191115_055303.jpg,Oreochromis Mossambicus,Not Fresh,4,2,Oreochromis Mossambicus | Not Fresh
Oreochromis Mossambicus - Not Fresh/IMG_20191115_055314.jpg,Oreochromis Mossambicus,Not Fresh,4,2,Oreochromis Mossambicus | Not Fresh
Oreochromis Mossambicus - Not Fresh/IMG_20191115_055326.jpg,Oreochromis Mossambicus,Not Fresh,4,2,Oreochromis Mossambicus | Not Fresh
Oreochromis Mossambicus - Not Fresh/IMG_20191115_055333.jpg,Oreochromis Mossambicus,Not Fresh,4,2,Oreochromis Mossambicus | Not Fresh
Oreochromis Mossambicus - Not Fresh/IMG_20191115_055353.jpg,Oreochromis Mossambicus,Not Fresh,4,2,Oreochromis Mossambicus | Not Fresh
Oreochromis Mossambicus - Not Fresh/IMG_20191115_055409.jpg,Oreochromis Mossambicus,Not Fresh,4,2,Oreochromis Mossambicus | Not Fresh
Oreochromis Mossambicus - Not Fresh/IMG_20191115_055420.jpg,Oreochromis Mossambicus,Not Fresh,4,2,Oreochromis Mossambicus | Not Fresh
Oreochromis Mossambicus - Not Fresh/IMG_20191115_055427.jpg,Oreochromis Mossambicus,Not Fresh,4,2,Oreochromis Mossambicus | Not Fresh
Oreochromis Mossambicus - Not Fresh/IMG_20191115_055443.jpg,Oreochromis Mossambicus,Not Fresh,4,2,Oreochromis Mossambicus | Not Fresh
Oreochromis Mossambicus - Not Fresh/IMG_20191115_055456.jpg,Oreochromis Mossambicus,Not Fresh,4,2,Oreochromis Mossambicus | Not Fresh
Oreochromis Mossambicus - Not Fresh/IMG_20191115_055518.jpg,Oreochromis Mossambicus,Not Fresh,4,2,Oreochromis Mossambicus | Not Fresh
Oreochromis Mossambicus - Not Fresh/IMG_20191115_055526.jpg,Oreochromis Mossambicus,Not Fresh,4,2,Oreochromis Mossambicus | Not Fresh
Oreochromis Mossambicus - Not Fresh/IMG_20191115_055543.jpg,Oreochromis Mossambicus,Not Fresh,4,2,Oreochromis Mossambicus | Not Fresh
Oreochromis Mossambicus - Not Fresh/IMG_20191115_055557.jpg,Oreochromis Mossambicus,Not Fresh,4,2,Oreochromis Mossambicus | Not Fresh
Oreochromis Mossambicus - Not Fresh/IMG_20191115_055622_1.jpg,Oreochromis Mossambicus,Not Fresh,4,2,Oreochromis Mossambicus | Not Fresh
Oreochromis Mossambicus - Not Fresh/IMG_20191115_055622_2.jpg,Oreochromis Mossambicus,Not Fresh,4,2,Oreochromis Mossambicus | Not Fresh
Oreochromis Mossambicus - Not Fresh/IMG_20191115_055622_3.jpg,Oreochromis Mossambicus,Not Fresh,4,2,Oreochromis Mossambicus | Not Fresh
Oreochromis Mossambicus - Not Fresh/IMG_20191115_055638_1.jpg,Oreochromis Mossambicus,Not Fresh,4,2,Oreochromis Mossambicus | Not Fresh
Oreochromis Mossambicus - Not Fresh/IMG_20191115_055638_2.jpg,Oreochromis Mossambicus,Not Fresh,4,2,Oreochromis Mossambicus | Not Fresh
Oreochromis Mossambicus - Not Fresh/IMG_20191115_055654.jpg,Oreochromis Mossambicus,Not Fresh,4,2,Oreochromis Mossambicus | Not Fresh
Oreochromis Mossambicus - Not Fresh/IMG_20191115_055654_1.jpg,Oreochromis Mossambicus,Not Fresh,4,2,Oreochromis Mossambicus | Not Fresh
Oreochromis Mossambicus - Not Fresh/IMG_20191115_055654_@.jpg,Oreochromis Mossambicus,Not Fresh,4,2,Oreochromis Mossambicus | Not Fresh
Oreochromis Mossambicus - Not Fresh/IMG_20191115_055732.jpg,Oreochromis Mossambicus,Not Fresh,4,2,Oreochromis Mossambicus | Not Fresh
Oreochromis Mossambicus - Not Fresh/IMG_20191115_055736.jpg,Oreochromis Mossambicus,Not Fresh,4,2,Oreochromis Mossambicus | Not Fresh
Oreochromis Mossambicus - Not Fresh/IMG_20191115_055740.jpg,Oreochromis Mossambicus,Not Fresh,4,2,Oreochromis Mossambicus | Not Fresh
Oreochromis Mossambicus - Not Fresh/IMG_20191115_055747.jpg,Oreochromis Mossambicus,Not Fresh,4,2,Oreochromis Mossambicus | Not Fresh
Oreochromis Mossambicus - Not Fresh/IMG_20191115_055753.jpg,Oreochromis Mossambicus,Not Fresh,4,2,Oreochromis Mossambicus | Not Fresh
Oreochromis Mossambicus - Not Fresh/IMG_20191115_055756.jpg,Oreochromis Mossambicus,Not Fresh,4,2,Oreochromis Mossambicus | Not Fresh
Oreochromis Mossambicus - Not Fresh/IMG_20191115_055800.jpg,Oreochromis Mossambicus,Not Fresh,4,2,Oreochromis Mossambicus | Not Fresh
Oreochromis Mossambicus - Not Fresh/IMG_20191115_055836.jpg,Oreochromis Mossambicus,Not Fresh,4,2,Oreochromis Mossambicus | Not Fresh
Oreochromis Mossambicus - Not Fresh/IMG_20191115_055842.jpg,Oreochromis Mossambicus,Not Fresh,4,2,Oreochromis Mossambicus | Not Fresh
Oreochromis Mossambicus - Not Fresh/IMG_20191115_055901.jpg,Oreochromis Mossambicus,Not Fresh,4,2,Oreochromis Mossambicus | Not Fresh
Oreochromis Mossambicus - Not Fresh/IMG_20191115_055906.jpg,Oreochromis Mossambicus,Not Fresh,4,2,Oreochromis Mossambicus | Not Fresh
Oreochromis Mossambicus - Not Fresh/IMG_20191115_055912.jpg,Oreochromis Mossambicus,Not Fresh,4,2,Oreochromis Mossambicus | Not Fresh
Oreochromis Mossambicus - Not Fresh/IMG_20191115_055916.jpg,Oreochromis Mossambicus,Not Fresh,4,2,Oreochromis Mossambicus | Not Fresh
Oreochromis Mossambicus - Not Fresh/IMG_20191115_055919.jpg,Oreochromis Mossambicus,Not Fresh,4,2,Oreochromis Mossambicus | Not Fresh
Oreochromis Mossambicus - Not Fresh/IMG_20191115_055944_1.jpg,Oreochromis Mossambicus,Not Fresh,4,2,Oreochromis Mossambicus | Not Fresh
Oreochromis Mossambicus - Not Fresh/IMG_20191115_055944_2.jpg,Oreochromis Mossambicus,Not Fresh,4,2,Oreochromis Mossambicus | Not Fresh
Oreochromis Mossambicus - Not Fresh/IMG_20191115_055948_1.jpg,Oreochromis Mossambicus,Not Fresh,4,2,Oreochromis Mossambicus | Not Fresh
Oreochromis Mossambicus - Not Fresh/IMG_20191115_055948_2.jpg,Oreochromis Mossambicus,Not Fresh,4,2,Oreochromis Mossambicus | Not Fresh
Oreochromis Mossambicus - Not Fresh/IMG_20191115_055951_2.jpg,Oreochromis Mossambicus,Not Fresh,4,2,Oreochromis Mossambicus | Not Fresh
Oreochromis Mossambicus - Not Fresh/IMG_20191115_055951_3.jpg,Oreochromis Mossambicus,Not Fresh,4,2,Oreochromis Mossambicus | Not Fresh
Oreochromis Mossambicus - Not Fresh/IMG_20191115_060007_!.jpg,Oreochromis Mossambicus,Not Fresh,4,2,Oreochromis Mossambicus | Not Fresh
Oreochromis Mossambicus - Not Fresh/IMG_20191115_060026_1.jpg,Oreochromis Mossambicus,Not Fresh,4,2,Oreochromis Mossambicus | Not Fresh
Oreochromis Mossambicus - Not Fresh/IMG_20191115_060026_2.jpg,Oreochromis Mossambicus,Not Fresh,4,2,Oreochromis Mossambicus | Not Fresh
Oreochromis Mossambicus - Not Fresh/IMG_20191115_060057.jpg,Oreochromis Mossambicus,Not Fresh,4,2,Oreochromis Mossambicus | Not Fresh
Oreochromis Mossambicus - Not Fresh/IMG_20191115_060101.jpg,Oreochromis Mossambicus,Not Fresh,4,2,Oreochromis Mossambicus | Not Fresh
Oreochromis Mossambicus - Not Fresh/IMG_20191115_060111.jpg,Oreochromis Mossambicus,Not Fresh,4,2,Oreochromis Mossambicus | Not Fresh
Oreochromis Mossambicus - Not Fresh/IMG_20191115_060115.jpg,Oreochromis Mossambicus,Not Fresh,4,2,Oreochromis Mossambicus | Not Fresh
Oreochromis Mossambicus - Not Fresh/IMG_20191115_060122.jpg,Oreochromis Mossambicus,Not Fresh,4,2,Oreochromis Mossambicus | Not Fresh
Oreochromis Mossambicus - Not Fresh/IMG_20191115_060125.jpg,Oreochromis Mossambicus,Not Fresh,4,2,Oreochromis Mossambicus | Not Fresh
Oreochromis Mossambicus - Not Fresh/IMG_20191115_060129.jpg,Oreochromis Mossambicus,Not Fresh,4,2,Oreochromis Mossambicus | Not Fresh
Oreochromis Mossambicus - Not Fresh/IMG_20191115_060152.jpg,Oreochromis Mossambicus,Not Fresh,4,2,Oreochromis Mossambicus | Not Fresh
Oreochromis Mossambicus - Not Fresh/IMG_20191115_060156.jpg,Oreochromis Mossambicus,Not Fresh,4,2,Oreochromis Mossambicus | Not Fresh
Oreochromis Mossambicus - Not Fresh/IMG_20191115_060205.jpg,Oreochromis Mossambicus,Not Fresh,4,2,Oreochromis Mossambicus | Not Fresh
Oreochromis Mossambicus - Not Fresh/IMG_20191115_060209.jpg,Oreochromis Mossambicus,Not Fresh,4,2,Oreochromis Mossambicus | Not Fresh
Oreochromis Mossambicus - Not Fresh/IMG_20191115_060213.jpg,Oreochromis Mossambicus,Not Fresh,4,2,Oreochromis Mossambicus | Not Fresh
Oreochromis Mossambicus - Not Fresh/IMG_20191115_060215.jpg,Oreochromis Mossambicus,Not Fresh,4,2,Oreochromis Mossambicus | Not Fresh
Oreochromis Mossambicus - Not Fresh/IMG_20191115_060219.jpg,Oreochromis Mossambicus,Not Fresh,4,2,Oreochromis Mossambicus | Not Fresh
Oreochromis Mossambicus - Not Fresh/IMG_20191115_060236_1.jpg,Oreochromis Mossambicus,Not Fresh,4,2,Oreochromis Mossambicus | Not Fresh
Oreochromis Mossambicus - Not Fresh/IMG_20191115_060236_2.jpg,Oreochromis Mossambicus,Not Fresh,4,2,Oreochromis Mossambicus | Not Fresh
Oreochromis Mossambicus - Not Fresh/IMG_20191115_060240_1.jpg,Oreochromis Mossambicus,Not Fresh,4,2,Oreochromis Mossambicus | Not Fresh
Oreochromis Mossambicus - Not Fresh/IMG_20191115_060240_2.jpg,Oreochromis Mossambicus,Not Fresh,4,2,Oreochromis Mossambicus | Not Fresh
Oreochromis Mossambicus - Not Fresh/IMG_20191115_060244_1.jpg,Oreochromis Mossambicus,Not Fresh,4,2,Oreochromis Mossambicus | Not Fresh
Oreochromis Mossambicus - Not Fresh/IMG_20191115_060244_2.jpg,Oreochromis Mossambicus,Not Fresh,4,2,Oreochromis Mossambicus | Not Fresh
Oreochromis Mossambicus - Not Fresh/IMG_20191115_060244_3.jpg,Oreochromis Mossambicus,Not Fresh,4,2,Oreochromis Mossambicus | Not Fresh
Oreochromis Mossambicus - Not Fresh/IMG_20191115_060356_1.jpg,Oreochromis Mossambicus,Not Fresh,4,2,Oreochromis Mossambicus | Not Fresh
Oreochromis Mossambicus - Not Fresh/IMG_20191115_060356_2.jpg,Oreochromis Mossambicus,Not Fresh,4,2,Oreochromis Mossambicus | Not Fresh
Oreochromis Mossambicus - Not Fresh/IMG_20191115_060356_3.jpg,Oreochromis Mossambicus,Not Fresh,4,2,Oreochromis Mossambicus | Not Fresh
Oreochromis Mossambicus - Not Fresh/IMG_20191115_060356_4.jpg,Oreochromis Mossambicus,Not Fresh,4,2,Oreochromis Mossambicus | Not Fresh
Oreochromis Mossambicus - Not Fresh/IMG_20191115_060356_5.jpg,Oreochromis Mossambicus,Not Fresh,4,2,Oreochromis Mossambicus | Not Fresh
Oreochromis Mossambicus - Not Fresh/IMG_20191115_060356_6.jpg,Oreochromis Mossambicus,Not Fresh,4,2,Oreochromis Mossambicus | Not Fresh
Oreochromis Niloticus - Fresh/IMG_20191002_063821.jpg,Oreochromis Niloticus,Fresh,5,1,Oreochromis Niloticus | Fresh
Oreochromis Niloticus - Fresh/IMG_20191002_063835.jpg,Oreochromis Niloticus,Fresh,5,1,Oreochromis Niloticus | Fresh
Oreochromis Niloticus - Fresh/IMG_20191002_063853.jpg,Oreochromis Niloticus,Fresh,5,1,Oreochromis Niloticus | Fresh
Oreochromis Niloticus - Fresh/IMG_20191002_063910.jpg,Oreochromis Niloticus,Fresh,5,1,Oreochromis Niloticus | Fresh
Oreochromis Niloticus - Fresh/IMG_20191002_063927.jpg,Oreochromis Niloticus,Fresh,5,1,Oreochromis Niloticus | Fresh
Oreochromis Niloticus - Fresh/IMG_20191002_063939.jpg,Oreochromis Niloticus,Fresh,5,1,Oreochromis Niloticus | Fresh
Oreochromis Niloticus - Fresh/IMG_20191002_063956.jpg,Oreochromis Niloticus,Fresh,5,1,Oreochromis Niloticus | Fresh
Oreochromis Niloticus - Fresh/IMG_20191002_064007.jpg,Oreochromis Niloticus,Fresh,5,1,Oreochromis Niloticus | Fresh
Oreochromis Niloticus - Fresh/IMG_20191002_064053.jpg,Oreochromis Niloticus,Fresh,5,1,Oreochromis Niloticus | Fresh
Oreochromis Niloticus - Fresh/IMG_20191002_064110.jpg,Oreochromis Niloticus,Fresh,5,1,Oreochromis Niloticus | Fresh
Oreochromis Niloticus - Fresh/IMG_20191002_064122.jpg,Oreochromis Niloticus,Fresh,5,1,Oreochromis Niloticus | Fresh
Oreochromis Niloticus - Fresh/IMG_20191002_064132.jpg,Oreochromis Niloticus,Fresh,5,1,Oreochromis Niloticus | Fresh
Oreochromis Niloticus - Fresh/IMG_20191002_064155.jpg,Oreochromis Niloticus,Fresh,5,1,Oreochromis Niloticus | Fresh
Oreochromis Niloticus - Fresh/IMG_20191002_064202.jpg,Oreochromis Niloticus,Fresh,5,1,Oreochromis Niloticus | Fresh
Oreochromis Niloticus - Fresh/IMG_20191002_064219.jpg,Oreochromis Niloticus,Fresh,5,1,Oreochromis Niloticus | Fresh
Oreochromis Niloticus - Fresh/IMG_20191002_064233.jpg,Oreochromis Niloticus,Fresh,5,1,Oreochromis Niloticus | Fresh
Oreochromis Niloticus - Fresh/IMG_20191002_064328.jpg,Oreochromis Niloticus,Fresh,5,1,Oreochromis Niloticus | Fresh
Oreochromis Niloticus - Fresh/IMG_20191002_064343.jpg,Oreochromis Niloticus,Fresh,5,1,Oreochromis Niloticus | Fresh
Oreochromis Niloticus - Fresh/IMG_20191002_064354.jpg,Oreochromis Niloticus,Fresh,5,1,Oreochromis Niloticus | Fresh
Oreochromis Niloticus - Fresh/IMG_20191002_064405.jpg,Oreochromis Niloticus,Fresh,5,1,Oreochromis Niloticus | Fresh
Oreochromis Niloticus - Fresh/IMG_20191002_064421.jpg,Oreochromis Niloticus,Fresh,5,1,Oreochromis Niloticus | Fresh
Oreochromis Niloticus - Fresh/IMG_20191002_064430.jpg,Oreochromis Niloticus,Fresh,5,1,Oreochromis Niloticus | Fresh
Oreochromis Niloticus - Fresh/IMG_20191002_064445.jpg,Oreochromis Niloticus,Fresh,5,1,Oreochromis Niloticus | Fresh
Oreochromis Niloticus - Fresh/IMG_20191002_064454.jpg,Oreochromis Niloticus,Fresh,5,1,Oreochromis Niloticus | Fresh
Oreochromis Niloticus - Fresh/IMG_20191002_064548.jpg,Oreochromis Niloticus,Fresh,5,1,Oreochromis Niloticus | Fresh
Oreochromis Niloticus - Fresh/IMG_20191002_064558.jpg,Oreochromis Niloticus,Fresh,5,1,Oreochromis Niloticus | Fresh
Oreochromis Niloticus - Fresh/IMG_20191002_064606.jpg,Oreochromis Niloticus,Fresh,5,1,Oreochromis Niloticus | Fresh
Oreochromis Niloticus - Fresh/IMG_20191002_064612.jpg,Oreochromis Niloticus,Fresh,5,1,Oreochromis Niloticus | Fresh
Oreochromis Niloticus - Fresh/IMG_20191002_064624.jpg,Oreochromis Niloticus,Fresh,5,1,Oreochromis Niloticus | Fresh
Oreochromis Niloticus - Fresh/IMG_20191002_064630.jpg,Oreochromis Niloticus,Fresh,5,1,Oreochromis Niloticus | Fresh
Oreochromis Niloticus - Fresh/IMG_20191002_064643.jpg,Oreochromis Niloticus,Fresh,5,1,Oreochromis Niloticus | Fresh
Oreochromis Niloticus - Fresh/IMG_20191002_064652.jpg,Oreochromis Niloticus,Fresh,5,1,Oreochromis Niloticus | Fresh
Oreochromis Niloticus - Fresh/IMG_20191002_064722.jpg,Oreochromis Niloticus,Fresh,5,1,Oreochromis Niloticus | Fresh
Oreochromis Niloticus - Fresh/IMG_20191002_064731.jpg,Oreochromis Niloticus,Fresh,5,1,Oreochromis Niloticus | Fresh
Oreochromis Niloticus - Fresh/IMG_20191002_064743.jpg,Oreochromis Niloticus,Fresh,5,1,Oreochromis Niloticus | Fresh
Oreochromis Niloticus - Fresh/IMG_20191002_064751.jpg,Oreochromis Niloticus,Fresh,5,1,Oreochromis Niloticus | Fresh
Oreochromis Niloticus - Fresh/IMG_20191002_064804.jpg,Oreochromis Niloticus,Fresh,5,1,Oreochromis Niloticus | Fresh
Oreochromis Niloticus - Fresh/IMG_20191002_064813.jpg,Oreochromis Niloticus,Fresh,5,1,Oreochromis Niloticus | Fresh
Oreochromis Niloticus - Fresh/IMG_20191002_064825.jpg,Oreochromis Niloticus,Fresh,5,1,Oreochromis Niloticus | Fresh
Oreochromis Niloticus - Fresh/IMG_20191002_064833.jpg,Oreochromis Niloticus,Fresh,5,1,Oreochromis Niloticus | Fresh
Oreochromis Niloticus - Fresh/IMG_20191003_063130.jpg,Oreochromis Niloticus,Fresh,5,1,Oreochromis Niloticus | Fresh
Oreochromis Niloticus - Fresh/IMG_20191003_063142.jpg,Oreochromis Niloticus,Fresh,5,1,Oreochromis Niloticus | Fresh
Oreochromis Niloticus - Fresh/IMG_20191003_063204.jpg,Oreochromis Niloticus,Fresh,5,1,Oreochromis Niloticus | Fresh
Oreochromis Niloticus - Fresh/IMG_20191003_063213.jpg,Oreochromis Niloticus,Fresh,5,1,Oreochromis Niloticus | Fresh
Oreochromis Niloticus - Fresh/IMG_20191003_063225.jpg,Oreochromis Niloticus,Fresh,5,1,Oreochromis Niloticus | Fresh
Oreochromis Niloticus - Fresh/IMG_20191003_063232.jpg,Oreochromis Niloticus,Fresh,5,1,Oreochromis Niloticus | Fresh
Oreochromis Niloticus - Fresh/IMG_20191003_063243.jpg,Oreochromis Niloticus,Fresh,5,1,Oreochromis Niloticus | Fresh
Oreochromis Niloticus - Fresh/IMG_20191003_063255.jpg,Oreochromis Niloticus,Fresh,5,1,Oreochromis Niloticus | Fresh
Oreochromis Niloticus - Fresh/IMG_20191003_063345.jpg,Oreochromis Niloticus,Fresh,5,1,Oreochromis Niloticus | Fresh
Oreochromis Niloticus - Fresh/IMG_20191003_063353.jpg,Oreochromis Niloticus,Fresh,5,1,Oreochromis Niloticus | Fresh
Oreochromis Niloticus - Fresh/IMG_20191003_063405.jpg,Oreochromis Niloticus,Fresh,5,1,Oreochromis Niloticus | Fresh
Oreochromis Niloticus - Fresh/IMG_20191003_063413.jpg,Oreochromis Niloticus,Fresh,5,1,Oreochromis Niloticus | Fresh
Oreochromis Niloticus - Fresh/IMG_20191003_063425.jpg,Oreochromis Niloticus,Fresh,5,1,Oreochromis Niloticus | Fresh
Oreochromis Niloticus - Fresh/IMG_20191003_063433.jpg,Oreochromis Niloticus,Fresh,5,1,Oreochromis Niloticus | Fresh
Oreochromis Niloticus - Fresh/IMG_20191003_063448.jpg,Oreochromis Niloticus,Fresh,5,1,Oreochromis Niloticus | Fresh
Oreochromis Niloticus - Fresh/IMG_20191003_063457.jpg,Oreochromis Niloticus,Fresh,5,1,Oreochromis Niloticus | Fresh
Oreochromis Niloticus - Fresh/IMG_20191003_063559.jpg,Oreochromis Niloticus,Fresh,5,1,Oreochromis Niloticus | Fresh
Oreochromis Niloticus - Fresh/IMG_20191003_063612.jpg,Oreochromis Niloticus,Fresh,5,1,Oreochromis Niloticus | Fresh
Oreochromis Niloticus - Fresh/IMG_20191003_063623.jpg,Oreochromis Niloticus,Fresh,5,1,Oreochromis Niloticus | Fresh
Oreochromis Niloticus - Fresh/IMG_20191003_063631.jpg,Oreochromis Niloticus,Fresh,5,1,Oreochromis Niloticus | Fresh
Oreochromis Niloticus - Fresh/IMG_20191003_063641.jpg,Oreochromis Niloticus,Fresh,5,1,Oreochromis Niloticus | Fresh
Oreochromis Niloticus - Fresh/IMG_20191003_063650.jpg,Oreochromis Niloticus,Fresh,5,1,Oreochromis Niloticus | Fresh
Oreochromis Niloticus - Fresh/IMG_20191003_063702.jpg,Oreochromis Niloticus,Fresh,5,1,Oreochromis Niloticus | Fresh
Oreochromis Niloticus - Fresh/IMG_20191003_063710.jpg,Oreochromis Niloticus,Fresh,5,1,Oreochromis Niloticus | Fresh
Oreochromis Niloticus - Fresh/IMG_20191003_063741.jpg,Oreochromis Niloticus,Fresh,5,1,Oreochromis Niloticus | Fresh
Oreochromis Niloticus - Fresh/IMG_20191003_063754.jpg,Oreochromis Niloticus,Fresh,5,1,Oreochromis Niloticus | Fresh
Oreochromis Niloticus - Fresh/IMG_20191003_063806.jpg,Oreochromis Niloticus,Fresh,5,1,Oreochromis Niloticus | Fresh
Oreochromis Niloticus - Fresh/IMG_20191003_063819.jpg,Oreochromis Niloticus,Fresh,5,1,Oreochromis Niloticus | Fresh
Oreochromis Niloticus - Fresh/IMG_20191003_063831.jpg,Oreochromis Niloticus,Fresh,5,1,Oreochromis Niloticus | Fresh
Oreochromis Niloticus - Fresh/IMG_20191003_063839.jpg,Oreochromis Niloticus,Fresh,5,1,Oreochromis Niloticus | Fresh
Oreochromis Niloticus - Fresh/IMG_20191003_063851.jpg,Oreochromis Niloticus,Fresh,5,1,Oreochromis Niloticus | Fresh
Oreochromis Niloticus - Fresh/IMG_20191003_063858.jpg,Oreochromis Niloticus,Fresh,5,1,Oreochromis Niloticus | Fresh
Oreochromis Niloticus - Fresh/IMG_20191003_063938.jpg,Oreochromis Niloticus,Fresh,5,1,Oreochromis Niloticus | Fresh
Oreochromis Niloticus - Fresh/IMG_20191003_063943.jpg,Oreochromis Niloticus,Fresh,5,1,Oreochromis Niloticus | Fresh
Oreochromis Niloticus - Fresh/IMG_20191003_063953.jpg,Oreochromis Niloticus,Fresh,5,1,Oreochromis Niloticus | Fresh
Oreochromis Niloticus - Fresh/IMG_20191003_064003.jpg,Oreochromis Niloticus,Fresh,5,1,Oreochromis Niloticus | Fresh
Oreochromis Niloticus - Fresh/IMG_20191003_064015.jpg,Oreochromis Niloticus,Fresh,5,1,Oreochromis Niloticus | Fresh
Oreochromis Niloticus - Fresh/IMG_20191003_064025.jpg,Oreochromis Niloticus,Fresh,5,1,Oreochromis Niloticus | Fresh
Oreochromis Niloticus - Fresh/IMG_20191003_064040.jpg,Oreochromis Niloticus,Fresh,5,1,Oreochromis Niloticus | Fresh
Oreochromis Niloticus - Fresh/IMG_20191003_064047.jpg,Oreochromis Niloticus,Fresh,5,1,Oreochromis Niloticus | Fresh
Oreochromis Niloticus - Fresh/IMG_20191112_053110.jpg,Oreochromis Niloticus,Fresh,5,1,Oreochromis Niloticus | Fresh
Oreochromis Niloticus - Fresh/IMG_20191112_053125.jpg,Oreochromis Niloticus,Fresh,5,1,Oreochromis Niloticus | Fresh
Oreochromis Niloticus - Fresh/IMG_20191112_053136.jpg,Oreochromis Niloticus,Fresh,5,1,Oreochromis Niloticus | Fresh
Oreochromis Niloticus - Fresh/IMG_20191112_053144.jpg,Oreochromis Niloticus,Fresh,5,1,Oreochromis Niloticus | Fresh
Oreochromis Niloticus - Fresh/IMG_20191112_053153.jpg,Oreochromis Niloticus,Fresh,5,1,Oreochromis Niloticus | Fresh
Oreochromis Niloticus - Fresh/IMG_20191112_053201.jpg,Oreochromis Niloticus,Fresh,5,1,Oreochromis Niloticus | Fresh
Oreochromis Niloticus - Fresh/IMG_20191112_053219.jpg,Oreochromis Niloticus,Fresh,5,1,Oreochromis Niloticus | Fresh
Oreochromis Niloticus - Fresh/IMG_20191112_053225.jpg,Oreochromis Niloticus,Fresh,5,1,Oreochromis Niloticus | Fresh
Oreochromis Niloticus - Fresh/IMG_20191112_053238.jpg,Oreochromis Niloticus,Fresh,5,1,Oreochromis Niloticus | Fresh
Oreochromis Niloticus - Fresh/IMG_20191112_053244.jpg,Oreochromis Niloticus,Fresh,5,1,Oreochromis Niloticus | Fresh
Oreochromis Niloticus - Fresh/IMG_20191112_053256.jpg,Oreochromis Niloticus,Fresh,5,1,Oreochromis Niloticus | Fresh
Oreochromis Niloticus - Fresh/IMG_20191112_053304.jpg,Oreochromis Niloticus,Fresh,5,1,Oreochromis Niloticus | Fresh
Oreochromis Niloticus - Fresh/IMG_20191112_053317.jpg,Oreochromis Niloticus,Fresh,5,1,Oreochromis Niloticus | Fresh
Oreochromis Niloticus - Fresh/IMG_20191112_053328.jpg,Oreochromis Niloticus,Fresh,5,1,Oreochromis Niloticus | Fresh
Oreochromis Niloticus - Fresh/IMG_20191112_053344.jpg,Oreochromis Niloticus,Fresh,5,1,Oreochromis Niloticus | Fresh
Oreochromis Niloticus - Fresh/IMG_20191112_053344_1.jpg,Oreochromis Niloticus,Fresh,5,1,Oreochromis Niloticus | Fresh
Oreochromis Niloticus - Fresh/IMG_20191112_053357.jpg,Oreochromis Niloticus,Fresh,5,1,Oreochromis Niloticus | Fresh
Oreochromis Niloticus - Fresh/IMG_20191112_053357_1.jpg,Oreochromis Niloticus,Fresh,5,1,Oreochromis Niloticus | Fresh
Oreochromis Niloticus - Fresh/IMG_20191112_053357_2.jpg,Oreochromis Niloticus,Fresh,5,1,Oreochromis Niloticus | Fresh
Oreochromis Niloticus - Fresh/IMG_20191112_053414.jpg,Oreochromis Niloticus,Fresh,5,1,Oreochromis Niloticus | Fresh
Oreochromis Niloticus - Fresh/IMG_20191112_053414_1.jpg,Oreochromis Niloticus,Fresh,5,1,Oreochromis Niloticus | Fresh
Oreochromis Niloticus - Fresh/IMG_20191112_053414_2.jpg,Oreochromis Niloticus,Fresh,5,1,Oreochromis Niloticus | Fresh
Oreochromis Niloticus - Fresh/IMG_20191112_053431_1.jpg,Oreochromis Niloticus,Fresh,5,1,Oreochromis Niloticus | Fresh
Oreochromis Niloticus - Fresh/IMG_20191112_053431_2.jpg,Oreochromis Niloticus,Fresh,5,1,Oreochromis Niloticus | Fresh
Oreochromis Niloticus - Fresh/IMG_20191112_053431_3.jpg,Oreochromis Niloticus,Fresh,5,1,Oreochromis Niloticus | Fresh
Oreochromis Niloticus - Fresh/IMG_20191112_053448_1.jpg,Oreochromis Niloticus,Fresh,5,1,Oreochromis Niloticus | Fresh
Oreochromis Niloticus - Fresh/IMG_20191112_053448_2.jpg,Oreochromis Niloticus,Fresh,5,1,Oreochromis Niloticus | Fresh
Oreochromis Niloticus - Fresh/IMG_20191112_053448_3.jpg,Oreochromis Niloticus,Fresh,5,1,Oreochromis Niloticus | Fresh
Oreochromis Niloticus - Fresh/IMG_20191112_053448_4.jpg,Oreochromis Niloticus,Fresh,5,1,Oreochromis Niloticus | Fresh
Oreochromis Niloticus - Fresh/IMG_20191112_053448_5.jpg,Oreochromis Niloticus,Fresh,5,1,Oreochromis Niloticus | Fresh
Oreochromis Niloticus - Fresh/IMG_20191112_053645.jpg,Oreochromis Niloticus,Fresh,5,1,Oreochromis Niloticus | Fresh
Oreochromis Niloticus - Fresh/IMG_20191112_053648.jpg,Oreochromis Niloticus,Fresh,5,1,Oreochromis Niloticus | Fresh
Oreochromis Niloticus - Fresh/IMG_20191112_053653.jpg,Oreochromis Niloticus,Fresh,5,1,Oreochromis Niloticus | Fresh
Oreochromis Niloticus - Fresh/IMG_20191112_053655.jpg,Oreochromis Niloticus,Fresh,5,1,Oreochromis Niloticus | Fresh
Oreochromis Niloticus - Fresh/IMG_20191112_053659.jpg,Oreochromis Niloticus,Fresh,5,1,Oreochromis Niloticus | Fresh
Oreochromis Niloticus - Fresh/IMG_20191112_053701.jpg,Oreochromis Niloticus,Fresh,5,1,Oreochromis Niloticus | Fresh
Oreochromis Niloticus - Fresh/IMG_20191112_053704.jpg,Oreochromis Niloticus,Fresh,5,1,Oreochromis Niloticus | Fresh
Oreochromis Niloticus - Fresh/IMG_20191112_053730.jpg,Oreochromis Niloticus,Fresh,5,1,Oreochromis Niloticus | Fresh
Oreochromis Niloticus - Fresh/IMG_20191112_053735.jpg,Oreochromis Niloticus,Fresh,5,1,Oreochromis Niloticus | Fresh
Oreochromis Niloticus - Fresh/IMG_20191112_053738.jpg,Oreochromis Niloticus,Fresh,5,1,Oreochromis Niloticus | Fresh
Oreochromis Niloticus - Fresh/IMG_20191112_053742.jpg,Oreochromis Niloticus,Fresh,5,1,Oreochromis Niloticus | Fresh
Oreochromis Niloticus - Fresh/IMG_20191112_053745.jpg,Oreochromis Niloticus,Fresh,5,1,Oreochromis Niloticus | Fresh
Oreochromis Niloticus - Fresh/IMG_20191112_053749.jpg,Oreochromis Niloticus,Fresh,5,1,Oreochromis Niloticus | Fresh
Oreochromis Niloticus - Fresh/IMG_20191112_053751.jpg,Oreochromis Niloticus,Fresh,5,1,Oreochromis Niloticus | Fresh
Oreochromis Niloticus - Fresh/IMG_20191112_053819.jpg,Oreochromis Niloticus,Fresh,5,1,Oreochromis Niloticus | Fresh
Oreochromis Niloticus - Fresh/IMG_20191112_053819_1.jpg,Oreochromis Niloticus,Fresh,5,1,Oreochromis Niloticus | Fresh
Oreochromis Niloticus - Fresh/IMG_20191112_053826._1jpg.jpg,Oreochromis Niloticus,Fresh,5,1,Oreochromis Niloticus | Fresh
Oreochromis Niloticus - Fresh/IMG_20191112_053826.jpg,Oreochromis Niloticus,Fresh,5,1,Oreochromis Niloticus | Fresh
Oreochromis Niloticus - Fresh/IMG_20191112_053833_1.jpg,Oreochromis Niloticus,Fresh,5,1,Oreochromis Niloticus | Fresh
Oreochromis Niloticus - Fresh/IMG_20191112_053833_2.jpg,Oreochromis Niloticus,Fresh,5,1,Oreochromis Niloticus | Fresh
Oreochromis Niloticus - Fresh/IMG_20191112_053850_1.jpg,Oreochromis Niloticus,Fresh,5,1,Oreochromis Niloticus | Fresh
Oreochromis Niloticus - Fresh/IMG_20191112_053850_2.jpg,Oreochromis Niloticus,Fresh,5,1,Oreochromis Niloticus | Fresh
Oreochromis Niloticus - Fresh/IMG_20191112_053854_1.jpg,Oreochromis Niloticus,Fresh,5,1,Oreochromis Niloticus | Fresh
Oreochromis Niloticus - Fresh/IMG_20191112_053854_2.jpg,Oreochromis Niloticus,Fresh,5,1,Oreochromis Niloticus | Fresh
Oreochromis Niloticus - Fresh/IMG_20191112_053858_1.jpg,Oreochromis Niloticus,Fresh,5,1,Oreochromis Niloticus | Fresh
Oreochromis Niloticus - Fresh/IMG_20191112_053858_2.jpg,Oreochromis Niloticus,Fresh,5,1,Oreochromis Niloticus | Fresh
Oreochromis Niloticus - Fresh/IMG_20191112_053921_1.jpg,Oreochromis Niloticus,Fresh,5,1,Oreochromis Niloticus | Fresh
Oreochromis Niloticus - Fresh/IMG_20191112_053921_2.jpg,Oreochromis Niloticus,Fresh,5,1,Oreochromis Niloticus | Fresh
Oreochromis Niloticus - Fresh/IMG_20191112_053921_3.jpg,Oreochromis Niloticus,Fresh,5,1,Oreochromis Niloticus | Fresh
Oreochromis Niloticus - Fresh/IMG_20191112_053932_!.jpg,Oreochromis Niloticus,Fresh,5,1,Oreochromis Niloticus | Fresh
Oreochromis Niloticus - Fresh/IMG_20191112_053932_2.jpg,Oreochromis Niloticus,Fresh,5,1,Oreochromis Niloticus | Fresh
Oreochromis Niloticus - Fresh/IMG_20191112_053932_3.jpg,Oreochromis Niloticus,Fresh,5,1,Oreochromis Niloticus | Fresh
Oreochromis Niloticus - Fresh/IMG_20191112_053952_1.jpg,Oreochromis Niloticus,Fresh,5,1,Oreochromis Niloticus | Fresh
Oreochromis Niloticus - Fresh/IMG_20191112_053952_2.jpg,Oreochromis Niloticus,Fresh,5,1,Oreochromis Niloticus | Fresh
Oreochromis Niloticus - Fresh/IMG_20191112_053952_3.jpg,Oreochromis Niloticus,Fresh,5,1,Oreochromis Niloticus | Fresh
Oreochromis Niloticus - Fresh/IMG_20191112_053952_4.jpg,Oreochromis Niloticus,Fresh,5,1,Oreochromis Niloticus | Fresh
Oreochromis Niloticus - Fresh/IMG_20191112_053952_5.jpg,Oreochromis Niloticus,Fresh,5,1,Oreochromis Niloticus | Fresh
Oreochromis Niloticus - Fresh/IMG_20191112_053959_1.jpg,Oreochromis Niloticus,Fresh,5,1,Oreochromis Niloticus | Fresh
Oreochromis Niloticus - Fresh/IMG_20191112_053959_2.jpg,Oreochromis Niloticus,Fresh,5,1,Oreochromis Niloticus | Fresh
Oreochromis Niloticus - Fresh/IMG_20191112_054101_1.jpg,Oreochromis Niloticus,Fresh,5,1,Oreochromis Niloticus | Fresh
Oreochromis Niloticus - Fresh/IMG_20191112_054101_2.jpg,Oreochromis Niloticus,Fresh,5,1,Oreochromis Niloticus | Fresh
Oreochromis Niloticus - Fresh/IMG_20191112_054101_3.jpg,Oreochromis Niloticus,Fresh,5,1,Oreochromis Niloticus | Fresh
Oreochromis Niloticus - Fresh/IMG_20191112_054101_4.jpg,Oreochromis Niloticus,Fresh,5,1,Oreochromis Niloticus | Fresh
Oreochromis Niloticus - Fresh/IMG_20191112_054101_5.jpg,Oreochromis Niloticus,Fresh,5,1,Oreochromis Niloticus | Fresh
Oreochromis Niloticus - Fresh/IMG_20191112_054101_6.jpg,Oreochromis Niloticus,Fresh,5,1,Oreochromis Niloticus | Fresh
Oreochromis Niloticus - Fresh/IMG_20191112_054101_7.jpg,Oreochromis Niloticus,Fresh,5,1,Oreochromis Niloticus | Fresh
Oreochromis Niloticus - Fresh/IMG_20191112_05410_41.jpg,Oreochromis Niloticus,Fresh,5,1,Oreochromis Niloticus | Fresh
Oreochromis Niloticus - Fresh/IMG_20191112_064253_1.jpg,Oreochromis Niloticus,Fresh,5,1,Oreochromis Niloticus | Fresh
Oreochromis Niloticus - Fresh/IMG_20191112_064253_2.jpg,Oreochromis Niloticus,Fresh,5,1,Oreochromis Niloticus | Fresh
Oreochromis Niloticus - Fresh/IMG_20191112_064302_1.jpg,Oreochromis Niloticus,Fresh,5,1,Oreochromis Niloticus | Fresh
Oreochromis Niloticus - Fresh/IMG_20191112_064302_2.jpg,Oreochromis Niloticus,Fresh,5,1,Oreochromis Niloticus | Fresh
Oreochromis Niloticus - Fresh/IMG_20191112_064310.jpg,Oreochromis Niloticus,Fresh,5,1,Oreochromis Niloticus | Fresh
Oreochromis Niloticus - Fresh/IMG_20191113_053041.jpg,Oreochromis Niloticus,Fresh,5,1,Oreochromis Niloticus | Fresh
Oreochromis Niloticus - Fresh/IMG_20191113_053055.jpg,Oreochromis Niloticus,Fresh,5,1,Oreochromis Niloticus | Fresh
Oreochromis Niloticus - Fresh/IMG_20191113_053112.jpg,Oreochromis Niloticus,Fresh,5,1,Oreochromis Niloticus | Fresh
Oreochromis Niloticus - Fresh/IMG_20191113_053131.jpg,Oreochromis Niloticus,Fresh,5,1,Oreochromis Niloticus | Fresh
Oreochromis Niloticus - Fresh/IMG_20191113_053146.jpg,Oreochromis Niloticus,Fresh,5,1,Oreochromis Niloticus | Fresh
Oreochromis Niloticus - Fresh/IMG_20191113_053201.jpg,Oreochromis Niloticus,Fresh,5,1,Oreochromis Niloticus | Fresh
Oreochromis Niloticus - Fresh/IMG_20191113_053223.jpg,Oreochromis Niloticus,Fresh,5,1,Oreochromis Niloticus | Fresh
Oreochromis Niloticus - Fresh/IMG_20191113_053237.jpg,Oreochromis Niloticus,Fresh,5,1,Oreochromis Niloticus | Fresh
Oreochromis Niloticus - Fresh/IMG_20191113_053304.jpg,Oreochromis Niloticus,Fresh,5,1,Oreochromis Niloticus | Fresh
Oreochromis Niloticus - Fresh/IMG_20191113_053315.jpg,Oreochromis Niloticus,Fresh,5,1,Oreochromis Niloticus | Fresh
Oreochromis Niloticus - Fresh/IMG_20191113_053334.jpg,Oreochromis Niloticus,Fresh,5,1,Oreochromis Niloticus | Fresh
Oreochromis Niloticus - Fresh/IMG_20191113_053348.jpg,Oreochromis Niloticus,Fresh,5,1,Oreochromis Niloticus | Fresh
Oreochromis Niloticus - Fresh/IMG_20191113_053411.jpg,Oreochromis Niloticus,Fresh,5,1,Oreochromis Niloticus | Fresh
Oreochromis Niloticus - Fresh/IMG_20191113_053411_1.jpg,Oreochromis Niloticus,Fresh,5,1,Oreochromis Niloticus | Fresh
Oreochromis Niloticus - Fresh/IMG_20191113_053427_1.jpg,Oreochromis Niloticus,Fresh,5,1,Oreochromis Niloticus | Fresh
Oreochromis Niloticus - Fresh/IMG_20191113_053427_2.jpg,Oreochromis Niloticus,Fresh,5,1,Oreochromis Niloticus | Fresh
Oreochromis Niloticus - Fresh/IMG_20191113_053445_1.jpg,Oreochromis Niloticus,Fresh,5,1,Oreochromis Niloticus | Fresh
Oreochromis Niloticus - Fresh/IMG_20191113_053445_2.jpg,Oreochromis Niloticus,Fresh,5,1,Oreochromis Niloticus | Fresh
Oreochromis Niloticus - Fresh/IMG_20191113_053445_3.jpg,Oreochromis Niloticus,Fresh,5,1,Oreochromis Niloticus | Fresh
Oreochromis Niloticus - Fresh/IMG_20191113_053506_1.jpg,Oreochromis Niloticus,Fresh,5,1,Oreochromis Niloticus | Fresh
Oreochromis Niloticus - Fresh/IMG_20191113_053506_2.jpg,Oreochromis Niloticus,Fresh,5,1,Oreochromis Niloticus | Fresh
Oreochromis Niloticus - Fresh/IMG_20191113_053600.jpg,Oreochromis Niloticus,Fresh,5,1,Oreochromis Niloticus | Fresh
Oreochromis Niloticus - Fresh/IMG_20191113_053600_1.jpg,Oreochromis Niloticus,Fresh,5,1,Oreochromis Niloticus | Fresh
Oreochromis Niloticus - Fresh/IMG_20191113_053600_2.jpg,Oreochromis Niloticus,Fresh,5,1,Oreochromis Niloticus | Fresh
Oreochromis Niloticus - Fresh/IMG_20191113_053657.jpg,Oreochromis Niloticus,Fresh,5,1,Oreochromis Niloticus | Fresh
Oreochromis Niloticus - Fresh/IMG_20191113_053701.jpg,Oreochromis Niloticus,Fresh,5,1,Oreochromis Niloticus | Fresh
Oreochromis Niloticus - Fresh/IMG_20191113_053706.jpg,Oreochromis Niloticus,Fresh,5,1,Oreochromis Niloticus | Fresh
Oreochromis Niloticus - Fresh/IMG_20191113_053709.jpg,Oreochromis Niloticus,Fresh,5,1,Oreochromis Niloticus | Fresh
Oreochromis Niloticus - Fresh/IMG_20191113_053738.jpg,Oreochromis Niloticus,Fresh,5,1,Oreochromis Niloticus | Fresh
Oreochromis Niloticus - Fresh/IMG_20191113_053800.jpg,Oreochromis Niloticus,Fresh,5,1,Oreochromis Niloticus | Fresh
Oreochromis Niloticus - Fresh/IMG_20191113_053810.jpg,Oreochromis Niloticus,Fresh,5,1,Oreochromis Niloticus | Fresh
Oreochromis Niloticus - Fresh/IMG_20191113_053813.jpg,Oreochromis Niloticus,Fresh,5,1,Oreochromis Niloticus | Fresh
Oreochromis Niloticus - Fresh/IMG_20191113_053820.jpg,Oreochromis Niloticus,Fresh,5,1,Oreochromis Niloticus | Fresh
Oreochromis Niloticus - Fresh/IMG_20191113_053829.jpg,Oreochromis Niloticus,Fresh,5,1,Oreochromis Niloticus | Fresh
Oreochromis Niloticus - Fresh/IMG_20191113_053834.jpg,Oreochromis Niloticus,Fresh,5,1,Oreochromis Niloticus | Fresh
Oreochromis Niloticus - Fresh/IMG_20191113_053858.jpg,Oreochromis Niloticus,Fresh,5,1,Oreochromis Niloticus | Fresh
Oreochromis Niloticus - Fresh/IMG_20191113_053907.jpg,Oreochromis Niloticus,Fresh,5,1,Oreochromis Niloticus | Fresh
Oreochromis Niloticus - Fresh/IMG_20191113_053941.jpg,Oreochromis Niloticus,Fresh,5,1,Oreochromis Niloticus | Fresh
Oreochromis Niloticus - Fresh/IMG_20191113_053947.jpg,Oreochromis Niloticus,Fresh,5,1,Oreochromis Niloticus | Fresh
Oreochromis Niloticus - Fresh/IMG_20191113_054020.jpg,Oreochromis Niloticus,Fresh,5,1,Oreochromis Niloticus | Fresh
Oreochromis Niloticus - Fresh/IMG_20191113_054020_1.jpg,Oreochromis Niloticus,Fresh,5,1,Oreochromis Niloticus | Fresh
Oreochromis Niloticus - Fresh/IMG_20191113_054024.jpg,Oreochromis Niloticus,Fresh,5,1,Oreochromis Niloticus | Fresh
Oreochromis Niloticus - Fresh/IMG_20191113_054024_1.jpg,Oreochromis Niloticus,Fresh,5,1,Oreochromis Niloticus | Fresh
Oreochromis Niloticus - Fresh/IMG_20191113_054029.jpg,Oreochromis Niloticus,Fresh,5,1,Oreochromis Niloticus | Fresh
Oreochromis Niloticus - Fresh/IMG_20191113_054029_1.jpg,Oreochromis Niloticus,Fresh,5,1,Oreochromis Niloticus | Fresh
Oreochromis Niloticus - Fresh/IMG_20191113_054048.jpg,Oreochromis Niloticus,Fresh,5,1,Oreochromis Niloticus | Fresh
Oreochromis Niloticus - Fresh/IMG_20191113_054048_1.jpg,Oreochromis Niloticus,Fresh,5,1,Oreochromis Niloticus | Fresh
Oreochromis Niloticus - Fresh/IMG_20191113_054053.jpg,Oreochromis Niloticus,Fresh,5,1,Oreochromis Niloticus | Fresh
Oreochromis Niloticus - Fresh/IMG_20191113_054053_1.jpg,Oreochromis Niloticus,Fresh,5,1,Oreochromis Niloticus | Fresh
Oreochromis Niloticus - Fresh/IMG_20191113_054058.jpg,Oreochromis Niloticus,Fresh,5,1,Oreochromis Niloticus | Fresh
Oreochromis Niloticus - Fresh/IMG_20191113_054058_2.jpg,Oreochromis Niloticus,Fresh,5,1,Oreochromis Niloticus | Fresh
Oreochromis Niloticus - Fresh/IMG_20191113_054116.jpg,Oreochromis Niloticus,Fresh,5,1,Oreochromis Niloticus | Fresh
Oreochromis Niloticus - Fresh/IMG_20191113_054116_1jpg.jpg,Oreochromis Niloticus,Fresh,5,1,Oreochromis Niloticus | Fresh
Oreochromis Niloticus - Fresh/IMG_20191113_054116_2.jpg,Oreochromis Niloticus,Fresh,5,1,Oreochromis Niloticus | Fresh
Oreochromis Niloticus - Fresh/IMG_20191113_054116_3.jpg,Oreochromis Niloticus,Fresh,5,1,Oreochromis Niloticus | Fresh
Oreochromis Niloticus - Fresh/IMG_20191113_054144.jpg,Oreochromis Niloticus,Fresh,5,1,Oreochromis Niloticus | Fresh
Oreochromis Niloticus - Fresh/IMG_20191113_054144_1.jpg,Oreochromis Niloticus,Fresh,5,1,Oreochromis Niloticus | Fresh
Oreochromis Niloticus - Fresh/IMG_20191113_054144_3.jpg,Oreochromis Niloticus,Fresh,5,1,Oreochromis Niloticus | Fresh
Oreochromis Niloticus - Fresh/IMG_20191113_054226.jpg,Oreochromis Niloticus,Fresh,5,1,Oreochromis Niloticus | Fresh
Oreochromis Niloticus - Fresh/IMG_20191113_054226_1.jpg,Oreochromis Niloticus,Fresh,5,1,Oreochromis Niloticus | Fresh
Oreochromis Niloticus - Fresh/IMG_20191113_054226_2.jpg,Oreochromis Niloticus,Fresh,5,1,Oreochromis Niloticus | Fresh
Oreochromis Niloticus - Fresh/IMG_20191113_054226_3.jpg,Oreochromis Niloticus,Fresh,5,1,Oreochromis Niloticus | Fresh
Oreochromis Niloticus - Fresh/IMG_20191113_054226_4.jpg,Oreochromis Niloticus,Fresh,5,1,Oreochromis Niloticus | Fresh
Oreochromis Niloticus - Fresh/IMG_20191113_054226_5.jpg,Oreochromis Niloticus,Fresh,5,1,Oreochromis Niloticus | Fresh
Oreochromis Niloticus - Fresh/IMG_20191113_054226_6.jpg,Oreochromis Niloticus,Fresh,5,1,Oreochromis Niloticus | Fresh
Oreochromis Niloticus - Fresh/IMG_20191113_054245.jpg,Oreochromis Niloticus,Fresh,5,1,Oreochromis Niloticus | Fresh
Oreochromis Niloticus - Fresh/IMG_20191113_054304_1.jpg,Oreochromis Niloticus,Fresh,5,1,Oreochromis Niloticus | Fresh
Oreochromis Niloticus - Fresh/IMG_20191113_054304_2.jpg,Oreochromis Niloticus,Fresh,5,1,Oreochromis Niloticus | Fresh
Oreochromis Niloticus - Fresh/IMG_20191113_054331.jpg,Oreochromis Niloticus,Fresh,5,1,Oreochromis Niloticus | Fresh
Oreochromis Niloticus - Highly Fresh/IMG_20190930_071548.jpg,Oreochromis Niloticus,Highly Fresh,5,0,Oreochromis Niloticus | Highly Fresh
Oreochromis Niloticus - Highly Fresh/IMG_20190930_071600.jpg,Oreochromis Niloticus,Highly Fresh,5,0,Oreochromis Niloticus | Highly Fresh
Oreochromis Niloticus - Highly Fresh/IMG_20190930_071610.jpg,Oreochromis Niloticus,Highly Fresh,5,0,Oreochromis Niloticus | Highly Fresh
Oreochromis Niloticus - Highly Fresh/IMG_20190930_071624.jpg,Oreochromis Niloticus,Highly Fresh,5,0,Oreochromis Niloticus | Highly Fresh
Oreochromis Niloticus - Highly Fresh/IMG_20190930_071640.jpg,Oreochromis Niloticus,Highly Fresh,5,0,Oreochromis Niloticus | Highly Fresh
Oreochromis Niloticus - Highly Fresh/IMG_20190930_071649.jpg,Oreochromis Niloticus,Highly Fresh,5,0,Oreochromis Niloticus | Highly Fresh
Oreochromis Niloticus - Highly Fresh/IMG_20190930_071710.jpg,Oreochromis Niloticus,Highly Fresh,5,0,Oreochromis Niloticus | Highly Fresh
Oreochromis Niloticus - Highly Fresh/IMG_20190930_071719.jpg,Oreochromis Niloticus,Highly Fresh,5,0,Oreochromis Niloticus | Highly Fresh
Oreochromis Niloticus - Highly Fresh/IMG_20190930_071747.jpg,Oreochromis Niloticus,Highly Fresh,5,0,Oreochromis Niloticus | Highly Fresh
Oreochromis Niloticus - Highly Fresh/IMG_20190930_071759.jpg,Oreochromis Niloticus,Highly Fresh,5,0,Oreochromis Niloticus | Highly Fresh
Oreochromis Niloticus - Highly Fresh/IMG_20190930_071814.jpg,Oreochromis Niloticus,Highly Fresh,5,0,Oreochromis Niloticus | Highly Fresh
Oreochromis Niloticus - Highly Fresh/IMG_20190930_071829.jpg,Oreochromis Niloticus,Highly Fresh,5,0,Oreochromis Niloticus | Highly Fresh
Oreochromis Niloticus - Highly Fresh/IMG_20190930_071842.jpg,Oreochromis Niloticus,Highly Fresh,5,0,Oreochromis Niloticus | Highly Fresh
Oreochromis Niloticus - Highly Fresh/IMG_20190930_071848.jpg,Oreochromis Niloticus,Highly Fresh,5,0,Oreochromis Niloticus | Highly Fresh
Oreochromis Niloticus - Highly Fresh/IMG_20190930_071902.jpg,Oreochromis Niloticus,Highly Fresh,5,0,Oreochromis Niloticus | Highly Fresh
Oreochromis Niloticus - Highly Fresh/IMG_20190930_071912.jpg,Oreochromis Niloticus,Highly Fresh,5,0,Oreochromis Niloticus | Highly Fresh
Oreochromis Niloticus - Highly Fresh/IMG_20190930_071945.jpg,Oreochromis Niloticus,Highly Fresh,5,0,Oreochromis Niloticus | Highly Fresh
Oreochromis Niloticus - Highly Fresh/IMG_20190930_072000.jpg,Oreochromis Niloticus,Highly Fresh,5,0,Oreochromis Niloticus | Highly Fresh
Oreochromis Niloticus - Highly Fresh/IMG_20190930_072013.jpg,Oreochromis Niloticus,Highly Fresh,5,0,Oreochromis Niloticus | Highly Fresh
Oreochromis Niloticus - Highly Fresh/IMG_20190930_072024.jpg,Oreochromis Niloticus,Highly Fresh,5,0,Oreochromis Niloticus | Highly Fresh
Oreochromis Niloticus - Highly Fresh/IMG_20190930_072104.jpg,Oreochromis Niloticus,Highly Fresh,5,0,Oreochromis Niloticus | Highly Fresh
Oreochromis Niloticus - Highly Fresh/IMG_20190930_072114.jpg,Oreochromis Niloticus,Highly Fresh,5,0,Oreochromis Niloticus | Highly Fresh
Oreochromis Niloticus - Highly Fresh/IMG_20190930_072128.jpg,Oreochromis Niloticus,Highly Fresh,5,0,Oreochromis Niloticus | Highly Fresh
Oreochromis Niloticus - Highly Fresh/IMG_20190930_072140.jpg,Oreochromis Niloticus,Highly Fresh,5,0,Oreochromis Niloticus | Highly Fresh
Oreochromis Niloticus - Highly Fresh/IMG_20190930_072159.jpg,Oreochromis Niloticus,Highly Fresh,5,0,Oreochromis Niloticus | Highly Fresh
Oreochromis Niloticus - Highly Fresh/IMG_20190930_072214.jpg,Oreochromis Niloticus,Highly Fresh,5,0,Oreochromis Niloticus | Highly Fresh
Oreochromis Niloticus - Highly Fresh/IMG_20190930_072229.jpg,Oreochromis Niloticus,Highly Fresh,5,0,Oreochromis Niloticus | Highly Fresh
Oreochromis Niloticus - Highly Fresh/IMG_20190930_072236.jpg,Oreochromis Niloticus,Highly Fresh,5,0,Oreochromis Niloticus | Highly Fresh
Oreochromis Niloticus - Highly Fresh/IMG_20190930_072249.jpg,Oreochromis Niloticus,Highly Fresh,5,0,Oreochromis Niloticus | Highly Fresh
Oreochromis Niloticus - Highly Fresh/IMG_20190930_072257.jpg,Oreochromis Niloticus,Highly Fresh,5,0,Oreochromis Niloticus | Highly Fresh
Oreochromis Niloticus - Highly Fresh/IMG_20190930_072311.jpg,Oreochromis Niloticus,Highly Fresh,5,0,Oreochromis Niloticus | Highly Fresh
Oreochromis Niloticus - Highly Fresh/IMG_20190930_072320.jpg,Oreochromis Niloticus,Highly Fresh,5,0,Oreochromis Niloticus | Highly Fresh
Oreochromis Niloticus - Highly Fresh/IMG_20190930_072348.jpg,Oreochromis Niloticus,Highly Fresh,5,0,Oreochromis Niloticus | Highly Fresh
Oreochromis Niloticus - Highly Fresh/IMG_20190930_072358.jpg,Oreochromis Niloticus,Highly Fresh,5,0,Oreochromis Niloticus | Highly Fresh
Oreochromis Niloticus - Highly Fresh/IMG_20190930_072410.jpg,Oreochromis Niloticus,Highly Fresh,5,0,Oreochromis Niloticus | Highly Fresh
Oreochromis Niloticus - Highly Fresh/IMG_20190930_072420.jpg,Oreochromis Niloticus,Highly Fresh,5,0,Oreochromis Niloticus | Highly Fresh
Oreochromis Niloticus - Highly Fresh/IMG_20190930_072429.jpg,Oreochromis Niloticus,Highly Fresh,5,0,Oreochromis Niloticus | Highly Fresh
Oreochromis Niloticus - Highly Fresh/IMG_20190930_072437.jpg,Oreochromis Niloticus,Highly Fresh,5,0,Oreochromis Niloticus | Highly Fresh
Oreochromis Niloticus - Highly Fresh/IMG_20190930_072451.jpg,Oreochromis Niloticus,Highly Fresh,5,0,Oreochromis Niloticus | Highly Fresh
Oreochromis Niloticus - Highly Fresh/IMG_20190930_072459.jpg,Oreochromis Niloticus,Highly Fresh,5,0,Oreochromis Niloticus | Highly Fresh
Oreochromis Niloticus - Highly Fresh/IMG_20191001_063753.jpg,Oreochromis Niloticus,Highly Fresh,5,0,Oreochromis Niloticus | Highly Fresh
Oreochromis Niloticus - Highly Fresh/IMG_20191001_063805.jpg,Oreochromis Niloticus,Highly Fresh,5,0,Oreochromis Niloticus | Highly Fresh
Oreochromis Niloticus - Highly Fresh/IMG_20191001_063821.jpg,Oreochromis Niloticus,Highly Fresh,5,0,Oreochromis Niloticus | Highly Fresh
Oreochromis Niloticus - Highly Fresh/IMG_20191001_063832.jpg,Oreochromis Niloticus,Highly Fresh,5,0,Oreochromis Niloticus | Highly Fresh
Oreochromis Niloticus - Highly Fresh/IMG_20191001_063852.jpg,Oreochromis Niloticus,Highly Fresh,5,0,Oreochromis Niloticus | Highly Fresh
Oreochromis Niloticus - Highly Fresh/IMG_20191001_063901.jpg,Oreochromis Niloticus,Highly Fresh,5,0,Oreochromis Niloticus | Highly Fresh
Oreochromis Niloticus - Highly Fresh/IMG_20191001_063912.jpg,Oreochromis Niloticus,Highly Fresh,5,0,Oreochromis Niloticus | Highly Fresh
Oreochromis Niloticus - Highly Fresh/IMG_20191001_063920.jpg,Oreochromis Niloticus,Highly Fresh,5,0,Oreochromis Niloticus | Highly Fresh
Oreochromis Niloticus - Highly Fresh/IMG_20191001_064102.jpg,Oreochromis Niloticus,Highly Fresh,5,0,Oreochromis Niloticus | Highly Fresh
Oreochromis Niloticus - Highly Fresh/IMG_20191001_064450.jpg,Oreochromis Niloticus,Highly Fresh,5,0,Oreochromis Niloticus | Highly Fresh
Oreochromis Niloticus - Highly Fresh/IMG_20191001_064458.jpg,Oreochromis Niloticus,Highly Fresh,5,0,Oreochromis Niloticus | Highly Fresh
Oreochromis Niloticus - Highly Fresh/IMG_20191001_064507.jpg,Oreochromis Niloticus,Highly Fresh,5,0,Oreochromis Niloticus | Highly Fresh
Oreochromis Niloticus - Highly Fresh/IMG_20191001_064513.jpg,Oreochromis Niloticus,Highly Fresh,5,0,Oreochromis Niloticus | Highly Fresh
Oreochromis Niloticus - Highly Fresh/IMG_20191001_064527.jpg,Oreochromis Niloticus,Highly Fresh,5,0,Oreochromis Niloticus | Highly Fresh
Oreochromis Niloticus - Highly Fresh/IMG_20191001_064534.jpg,Oreochromis Niloticus,Highly Fresh,5,0,Oreochromis Niloticus | Highly Fresh
Oreochromis Niloticus - Highly Fresh/IMG_20191001_064546.jpg,Oreochromis Niloticus,Highly Fresh,5,0,Oreochromis Niloticus | Highly Fresh
Oreochromis Niloticus - Highly Fresh/IMG_20191001_064553.jpg,Oreochromis Niloticus,Highly Fresh,5,0,Oreochromis Niloticus | Highly Fresh
Oreochromis Niloticus - Highly Fresh/IMG_20191001_064624.jpg,Oreochromis Niloticus,Highly Fresh,5,0,Oreochromis Niloticus | Highly Fresh
Oreochromis Niloticus - Highly Fresh/IMG_20191001_064632.jpg,Oreochromis Niloticus,Highly Fresh,5,0,Oreochromis Niloticus | Highly Fresh
Oreochromis Niloticus - Highly Fresh/IMG_20191001_064643.jpg,Oreochromis Niloticus,Highly Fresh,5,0,Oreochromis Niloticus | Highly Fresh
Oreochromis Niloticus - Highly Fresh/IMG_20191001_064648.jpg,Oreochromis Niloticus,Highly Fresh,5,0,Oreochromis Niloticus | Highly Fresh
Oreochromis Niloticus - Highly Fresh/IMG_20191001_064657.jpg,Oreochromis Niloticus,Highly Fresh,5,0,Oreochromis Niloticus | Highly Fresh
Oreochromis Niloticus - Highly Fresh/IMG_20191001_064704.jpg,Oreochromis Niloticus,Highly Fresh,5,0,Oreochromis Niloticus | Highly Fresh
Oreochromis Niloticus - Highly Fresh/IMG_20191001_064716.jpg,Oreochromis Niloticus,Highly Fresh,5,0,Oreochromis Niloticus | Highly Fresh
Oreochromis Niloticus - Highly Fresh/IMG_20191001_064725.jpg,Oreochromis Niloticus,Highly Fresh,5,0,Oreochromis Niloticus | Highly Fresh
Oreochromis Niloticus - Highly Fresh/IMG_20191001_064757.jpg,Oreochromis Niloticus,Highly Fresh,5,0,Oreochromis Niloticus | Highly Fresh
Oreochromis Niloticus - Highly Fresh/IMG_20191001_064808.jpg,Oreochromis Niloticus,Highly Fresh,5,0,Oreochromis Niloticus | Highly Fresh
Oreochromis Niloticus - Highly Fresh/IMG_20191001_064820.jpg,Oreochromis Niloticus,Highly Fresh,5,0,Oreochromis Niloticus | Highly Fresh
Oreochromis Niloticus - Highly Fresh/IMG_20191001_064827.jpg,Oreochromis Niloticus,Highly Fresh,5,0,Oreochromis Niloticus | Highly Fresh
Oreochromis Niloticus - Highly Fresh/IMG_20191001_064838.jpg,Oreochromis Niloticus,Highly Fresh,5,0,Oreochromis Niloticus | Highly Fresh
Oreochromis Niloticus - Highly Fresh/IMG_20191001_064844.jpg,Oreochromis Niloticus,Highly Fresh,5,0,Oreochromis Niloticus | Highly Fresh
Oreochromis Niloticus - Highly Fresh/IMG_20191001_064904.jpg,Oreochromis Niloticus,Highly Fresh,5,0,Oreochromis Niloticus | Highly Fresh
Oreochromis Niloticus - Highly Fresh/IMG_20191001_064911.jpg,Oreochromis Niloticus,Highly Fresh,5,0,Oreochromis Niloticus | Highly Fresh
Oreochromis Niloticus - Highly Fresh/IMG_20191001_064931.jpg,Oreochromis Niloticus,Highly Fresh,5,0,Oreochromis Niloticus | Highly Fresh
Oreochromis Niloticus - Highly Fresh/IMG_20191001_064939.jpg,Oreochromis Niloticus,Highly Fresh,5,0,Oreochromis Niloticus | Highly Fresh
Oreochromis Niloticus - Highly Fresh/IMG_20191001_064952.jpg,Oreochromis Niloticus,Highly Fresh,5,0,Oreochromis Niloticus | Highly Fresh
Oreochromis Niloticus - Highly Fresh/IMG_20191001_064957.jpg,Oreochromis Niloticus,Highly Fresh,5,0,Oreochromis Niloticus | Highly Fresh
Oreochromis Niloticus - Highly Fresh/IMG_20191001_065010.jpg,Oreochromis Niloticus,Highly Fresh,5,0,Oreochromis Niloticus | Highly Fresh
Oreochromis Niloticus - Highly Fresh/IMG_20191001_065016.jpg,Oreochromis Niloticus,Highly Fresh,5,0,Oreochromis Niloticus | Highly Fresh
Oreochromis Niloticus - Highly Fresh/IMG_20191001_065041.jpg,Oreochromis Niloticus,Highly Fresh,5,0,Oreochromis Niloticus | Highly Fresh
Oreochromis Niloticus - Highly Fresh/IMG_20191001_065048.jpg,Oreochromis Niloticus,Highly Fresh,5,0,Oreochromis Niloticus | Highly Fresh
Oreochromis Niloticus - Highly Fresh/IMG_20191110_061959.jpg,Oreochromis Niloticus,Highly Fresh,5,0,Oreochromis Niloticus | Highly Fresh
Oreochromis Niloticus - Highly Fresh/IMG_20191110_061959_1.jpg,Oreochromis Niloticus,Highly Fresh,5,0,Oreochromis Niloticus | Highly Fresh
Oreochromis Niloticus - Highly Fresh/IMG_20191110_061959_3.jpg,Oreochromis Niloticus,Highly Fresh,5,0,Oreochromis Niloticus | Highly Fresh
Oreochromis Niloticus - Highly Fresh/IMG_20191110_061959_4.jpg,Oreochromis Niloticus,Highly Fresh,5,0,Oreochromis Niloticus | Highly Fresh
Oreochromis Niloticus - Highly Fresh/IMG_20191110_061959_5.jpg,Oreochromis Niloticus,Highly Fresh,5,0,Oreochromis Niloticus | Highly Fresh
Oreochromis Niloticus - Highly Fresh/IMG_20191110_062015_1.jpg,Oreochromis Niloticus,Highly Fresh,5,0,Oreochromis Niloticus | Highly Fresh
Oreochromis Niloticus - Highly Fresh/IMG_20191110_062015_2.jpg,Oreochromis Niloticus,Highly Fresh,5,0,Oreochromis Niloticus | Highly Fresh
Oreochromis Niloticus - Highly Fresh/IMG_20191110_062015_3.jpg,Oreochromis Niloticus,Highly Fresh,5,0,Oreochromis Niloticus | Highly Fresh
Oreochromis Niloticus - Highly Fresh/IMG_20191110_062015_4.jpg,Oreochromis Niloticus,Highly Fresh,5,0,Oreochromis Niloticus | Highly Fresh
Oreochromis Niloticus - Highly Fresh/IMG_20191110_062015_5.jpg,Oreochromis Niloticus,Highly Fresh,5,0,Oreochromis Niloticus | Highly Fresh
Oreochromis Niloticus - Highly Fresh/IMG_20191110_062015_6.jpg,Oreochromis Niloticus,Highly Fresh,5,0,Oreochromis Niloticus | Highly Fresh
Oreochromis Niloticus - Highly Fresh/IMG_20191110_062015_7.jpg,Oreochromis Niloticus,Highly Fresh,5,0,Oreochromis Niloticus | Highly Fresh
Oreochromis Niloticus - Highly Fresh/IMG_20191110_062021_1.jpg,Oreochromis Niloticus,Highly Fresh,5,0,Oreochromis Niloticus | Highly Fresh
Oreochromis Niloticus - Highly Fresh/IMG_20191110_062021_2.jpg,Oreochromis Niloticus,Highly Fresh,5,0,Oreochromis Niloticus | Highly Fresh
Oreochromis Niloticus - Highly Fresh/IMG_20191110_062021_3.jpg,Oreochromis Niloticus,Highly Fresh,5,0,Oreochromis Niloticus | Highly Fresh
Oreochromis Niloticus - Highly Fresh/IMG_20191110_062021_4.jpg,Oreochromis Niloticus,Highly Fresh,5,0,Oreochromis Niloticus | Highly Fresh
Oreochromis Niloticus - Highly Fresh/IMG_20191110_062047_1.jpg,Oreochromis Niloticus,Highly Fresh,5,0,Oreochromis Niloticus | Highly Fresh
Oreochromis Niloticus - Highly Fresh/IMG_20191110_062047_3.jpg,Oreochromis Niloticus,Highly Fresh,5,0,Oreochromis Niloticus | Highly Fresh
Oreochromis Niloticus - Highly Fresh/IMG_20191110_062047_4.jpg,Oreochromis Niloticus,Highly Fresh,5,0,Oreochromis Niloticus | Highly Fresh
Oreochromis Niloticus - Highly Fresh/IMG_20191110_062058_1.jpg,Oreochromis Niloticus,Highly Fresh,5,0,Oreochromis Niloticus | Highly Fresh
Oreochromis Niloticus - Highly Fresh/IMG_20191110_062058_2.jpg,Oreochromis Niloticus,Highly Fresh,5,0,Oreochromis Niloticus | Highly Fresh
Oreochromis Niloticus - Highly Fresh/IMG_20191110_062058_3.jpg,Oreochromis Niloticus,Highly Fresh,5,0,Oreochromis Niloticus | Highly Fresh
Oreochromis Niloticus - Highly Fresh/IMG_20191110_062116_1.jpg,Oreochromis Niloticus,Highly Fresh,5,0,Oreochromis Niloticus | Highly Fresh
Oreochromis Niloticus - Highly Fresh/IMG_20191110_062116_2.jpg,Oreochromis Niloticus,Highly Fresh,5,0,Oreochromis Niloticus | Highly Fresh
Oreochromis Niloticus - Highly Fresh/IMG_20191110_062116_3.jpg,Oreochromis Niloticus,Highly Fresh,5,0,Oreochromis Niloticus | Highly Fresh
Oreochromis Niloticus - Highly Fresh/IMG_20191110_062116_4.jpg,Oreochromis Niloticus,Highly Fresh,5,0,Oreochromis Niloticus | Highly Fresh
Oreochromis Niloticus - Highly Fresh/IMG_20191110_062116_5.jpg,Oreochromis Niloticus,Highly Fresh,5,0,Oreochromis Niloticus | Highly Fresh
Oreochromis Niloticus - Highly Fresh/IMG_20191110_062116_6.jpg,Oreochromis Niloticus,Highly Fresh,5,0,Oreochromis Niloticus | Highly Fresh
Oreochromis Niloticus - Highly Fresh/IMG_20191110_062116_7.jpg,Oreochromis Niloticus,Highly Fresh,5,0,Oreochromis Niloticus | Highly Fresh
Oreochromis Niloticus - Highly Fresh/IMG_20191110_062116_8.jpg,Oreochromis Niloticus,Highly Fresh,5,0,Oreochromis Niloticus | Highly Fresh
Oreochromis Niloticus - Highly Fresh/IMG_20191110_062116_9.jpg,Oreochromis Niloticus,Highly Fresh,5,0,Oreochromis Niloticus | Highly Fresh
Oreochromis Niloticus - Highly Fresh/IMG_20191110_062133_1.jpg,Oreochromis Niloticus,Highly Fresh,5,0,Oreochromis Niloticus | Highly Fresh
Oreochromis Niloticus - Highly Fresh/IMG_20191110_062133_2.jpg,Oreochromis Niloticus,Highly Fresh,5,0,Oreochromis Niloticus | Highly Fresh
Oreochromis Niloticus - Highly Fresh/IMG_20191110_062133_3.jpg,Oreochromis Niloticus,Highly Fresh,5,0,Oreochromis Niloticus | Highly Fresh
Oreochromis Niloticus - Highly Fresh/IMG_20191110_062133_4.jpg,Oreochromis Niloticus,Highly Fresh,5,0,Oreochromis Niloticus | Highly Fresh
Oreochromis Niloticus - Highly Fresh/IMG_20191110_062133_5.jpg,Oreochromis Niloticus,Highly Fresh,5,0,Oreochromis Niloticus | Highly Fresh
Oreochromis Niloticus - Highly Fresh/IMG_20191110_062133_6.jpg,Oreochromis Niloticus,Highly Fresh,5,0,Oreochromis Niloticus | Highly Fresh
Oreochromis Niloticus - Highly Fresh/IMG_20191110_062139_$.jpg,Oreochromis Niloticus,Highly Fresh,5,0,Oreochromis Niloticus | Highly Fresh
Oreochromis Niloticus - Highly Fresh/IMG_20191110_062139_1.jpg,Oreochromis Niloticus,Highly Fresh,5,0,Oreochromis Niloticus | Highly Fresh
Oreochromis Niloticus - Highly Fresh/IMG_20191110_062139_2.jpg,Oreochromis Niloticus,Highly Fresh,5,0,Oreochromis Niloticus | Highly Fresh
Oreochromis Niloticus - Highly Fresh/IMG_20191110_062139_3.jpg,Oreochromis Niloticus,Highly Fresh,5,0,Oreochromis Niloticus | Highly Fresh
Oreochromis Niloticus - Highly Fresh/IMG_20191110_062139_4.jpg,Oreochromis Niloticus,Highly Fresh,5,0,Oreochromis Niloticus | Highly Fresh
Oreochromis Niloticus - Highly Fresh/IMG_20191110_071237.jpg,Oreochromis Niloticus,Highly Fresh,5,0,Oreochromis Niloticus | Highly Fresh
Oreochromis Niloticus - Highly Fresh/IMG_20191110_071320.jpg,Oreochromis Niloticus,Highly Fresh,5,0,Oreochromis Niloticus | Highly Fresh
Oreochromis Niloticus - Highly Fresh/IMG_20191110_071334.jpg,Oreochromis Niloticus,Highly Fresh,5,0,Oreochromis Niloticus | Highly Fresh
Oreochromis Niloticus - Highly Fresh/IMG_20191110_071342.jpg,Oreochromis Niloticus,Highly Fresh,5,0,Oreochromis Niloticus | Highly Fresh
Oreochromis Niloticus - Highly Fresh/IMG_20191110_071401.jpg,Oreochromis Niloticus,Highly Fresh,5,0,Oreochromis Niloticus | Highly Fresh
Oreochromis Niloticus - Highly Fresh/IMG_20191110_071409.jpg,Oreochromis Niloticus,Highly Fresh,5,0,Oreochromis Niloticus | Highly Fresh
Oreochromis Niloticus - Highly Fresh/IMG_20191110_071428.jpg,Oreochromis Niloticus,Highly Fresh,5,0,Oreochromis Niloticus | Highly Fresh
Oreochromis Niloticus - Highly Fresh/IMG_20191110_071441.jpg,Oreochromis Niloticus,Highly Fresh,5,0,Oreochromis Niloticus | Highly Fresh
Oreochromis Niloticus - Highly Fresh/IMG_20191110_071504.jpg,Oreochromis Niloticus,Highly Fresh,5,0,Oreochromis Niloticus | Highly Fresh
Oreochromis Niloticus - Highly Fresh/IMG_20191110_071514.jpg,Oreochromis Niloticus,Highly Fresh,5,0,Oreochromis Niloticus | Highly Fresh
Oreochromis Niloticus - Highly Fresh/IMG_20191110_071542.jpg,Oreochromis Niloticus,Highly Fresh,5,0,Oreochromis Niloticus | Highly Fresh
Oreochromis Niloticus - Highly Fresh/IMG_20191110_071601.jpg,Oreochromis Niloticus,Highly Fresh,5,0,Oreochromis Niloticus | Highly Fresh
Oreochromis Niloticus - Highly Fresh/IMG_20191110_072121.jpg,Oreochromis Niloticus,Highly Fresh,5,0,Oreochromis Niloticus | Highly Fresh
Oreochromis Niloticus - Highly Fresh/IMG_20191110_072139.jpg,Oreochromis Niloticus,Highly Fresh,5,0,Oreochromis Niloticus | Highly Fresh
Oreochromis Niloticus - Highly Fresh/IMG_20191110_072210.jpg,Oreochromis Niloticus,Highly Fresh,5,0,Oreochromis Niloticus | Highly Fresh
Oreochromis Niloticus - Highly Fresh/IMG_20191110_072210_2.jpg,Oreochromis Niloticus,Highly Fresh,5,0,Oreochromis Niloticus | Highly Fresh
Oreochromis Niloticus - Highly Fresh/IMG_20191110_072210_3.jpg,Oreochromis Niloticus,Highly Fresh,5,0,Oreochromis Niloticus | Highly Fresh
Oreochromis Niloticus - Highly Fresh/IMG_20191110_072227_3.jpg,Oreochromis Niloticus,Highly Fresh,5,0,Oreochromis Niloticus | Highly Fresh
Oreochromis Niloticus - Highly Fresh/IMG_20191110_072227_4.jpg,Oreochromis Niloticus,Highly Fresh,5,0,Oreochromis Niloticus | Highly Fresh
Oreochromis Niloticus - Highly Fresh/IMG_20191110_072355_1.jpg,Oreochromis Niloticus,Highly Fresh,5,0,Oreochromis Niloticus | Highly Fresh
Oreochromis Niloticus - Highly Fresh/IMG_20191110_072355_2.jpg,Oreochromis Niloticus,Highly Fresh,5,0,Oreochromis Niloticus | Highly Fresh
Oreochromis Niloticus - Highly Fresh/IMG_20191110_072355_3.jpg,Oreochromis Niloticus,Highly Fresh,5,0,Oreochromis Niloticus | Highly Fresh
Oreochromis Niloticus - Highly Fresh/IMG_20191110_072355_4.jpg,Oreochromis Niloticus,Highly Fresh,5,0,Oreochromis Niloticus | Highly Fresh
Oreochromis Niloticus - Highly Fresh/IMG_20191110_072355_5.jpg,Oreochromis Niloticus,Highly Fresh,5,0,Oreochromis Niloticus | Highly Fresh
Oreochromis Niloticus - Highly Fresh/IMG_20191110_072417_1.jpg,Oreochromis Niloticus,Highly Fresh,5,0,Oreochromis Niloticus | Highly Fresh
Oreochromis Niloticus - Highly Fresh/IMG_20191110_072417_2.jpg,Oreochromis Niloticus,Highly Fresh,5,0,Oreochromis Niloticus | Highly Fresh
Oreochromis Niloticus - Highly Fresh/IMG_20191110_072417_3.jpg,Oreochromis Niloticus,Highly Fresh,5,0,Oreochromis Niloticus | Highly Fresh
Oreochromis Niloticus - Highly Fresh/IMG_20191110_072417_4.jpg,Oreochromis Niloticus,Highly Fresh,5,0,Oreochromis Niloticus | Highly Fresh
Oreochromis Niloticus - Highly Fresh/IMG_20191110_072417_5.jpg,Oreochromis Niloticus,Highly Fresh,5,0,Oreochromis Niloticus | Highly Fresh
Oreochromis Niloticus - Highly Fresh/IMG_20191110_072518.jpg,Oreochromis Niloticus,Highly Fresh,5,0,Oreochromis Niloticus | Highly Fresh
Oreochromis Niloticus - Highly Fresh/IMG_20191110_072522.jpg,Oreochromis Niloticus,Highly Fresh,5,0,Oreochromis Niloticus | Highly Fresh
Oreochromis Niloticus - Highly Fresh/IMG_20191110_072528.jpg,Oreochromis Niloticus,Highly Fresh,5,0,Oreochromis Niloticus | Highly Fresh
Oreochromis Niloticus - Highly Fresh/IMG_20191110_072531.jpg,Oreochromis Niloticus,Highly Fresh,5,0,Oreochromis Niloticus | Highly Fresh
Oreochromis Niloticus - Highly Fresh/IMG_20191110_072542.jpg,Oreochromis Niloticus,Highly Fresh,5,0,Oreochromis Niloticus | Highly Fresh
Oreochromis Niloticus - Highly Fresh/IMG_20191110_072546.jpg,Oreochromis Niloticus,Highly Fresh,5,0,Oreochromis Niloticus | Highly Fresh
Oreochromis Niloticus - Highly Fresh/IMG_20191110_072549.jpg,Oreochromis Niloticus,Highly Fresh,5,0,Oreochromis Niloticus | Highly Fresh
Oreochromis Niloticus - Highly Fresh/IMG_20191110_072552.jpg,Oreochromis Niloticus,Highly Fresh,5,0,Oreochromis Niloticus | Highly Fresh
Oreochromis Niloticus - Highly Fresh/IMG_20191110_072616.jpg,Oreochromis Niloticus,Highly Fresh,5,0,Oreochromis Niloticus | Highly Fresh
Oreochromis Niloticus - Highly Fresh/IMG_20191110_072620.jpg,Oreochromis Niloticus,Highly Fresh,5,0,Oreochromis Niloticus | Highly Fresh
Oreochromis Niloticus - Highly Fresh/IMG_20191110_072623.jpg,Oreochromis Niloticus,Highly Fresh,5,0,Oreochromis Niloticus | Highly Fresh
Oreochromis Niloticus - Highly Fresh/IMG_20191110_072633.jpg,Oreochromis Niloticus,Highly Fresh,5,0,Oreochromis Niloticus | Highly Fresh
Oreochromis Niloticus - Highly Fresh/IMG_20191110_072636.jpg,Oreochromis Niloticus,Highly Fresh,5,0,Oreochromis Niloticus | Highly Fresh
Oreochromis Niloticus - Highly Fresh/IMG_20191110_072642.jpg,Oreochromis Niloticus,Highly Fresh,5,0,Oreochromis Niloticus | Highly Fresh
Oreochromis Niloticus - Highly Fresh/IMG_20191110_072703.jpg,Oreochromis Niloticus,Highly Fresh,5,0,Oreochromis Niloticus | Highly Fresh
Oreochromis Niloticus - Highly Fresh/IMG_20191110_072703_1.jpg,Oreochromis Niloticus,Highly Fresh,5,0,Oreochromis Niloticus | Highly Fresh
Oreochromis Niloticus - Highly Fresh/IMG_20191110_072703_2.jpg,Oreochromis Niloticus,Highly Fresh,5,0,Oreochromis Niloticus | Highly Fresh
Oreochromis Niloticus - Highly Fresh/IMG_20191110_072711_1.jpg,Oreochromis Niloticus,Highly Fresh,5,0,Oreochromis Niloticus | Highly Fresh
Oreochromis Niloticus - Highly Fresh/IMG_20191110_072711_2.jpg,Oreochromis Niloticus,Highly Fresh,5,0,Oreochromis Niloticus | Highly Fresh
Oreochromis Niloticus - Highly Fresh/IMG_20191110_072711_3.jpg,Oreochromis Niloticus,Highly Fresh,5,0,Oreochromis Niloticus | Highly Fresh
Oreochromis Niloticus - Highly Fresh/IMG_20191110_072711_4.jpg,Oreochromis Niloticus,Highly Fresh,5,0,Oreochromis Niloticus | Highly Fresh
Oreochromis Niloticus - Highly Fresh/IMG_20191110_072725_!.jpg,Oreochromis Niloticus,Highly Fresh,5,0,Oreochromis Niloticus | Highly Fresh
Oreochromis Niloticus - Highly Fresh/IMG_20191110_072725_2.jpg,Oreochromis Niloticus,Highly Fresh,5,0,Oreochromis Niloticus | Highly Fresh
Oreochromis Niloticus - Highly Fresh/IMG_20191110_072725_3.jpg,Oreochromis Niloticus,Highly Fresh,5,0,Oreochromis Niloticus | Highly Fresh
Oreochromis Niloticus - Highly Fresh/IMG_20191110_072725_4.jpg,Oreochromis Niloticus,Highly Fresh,5,0,Oreochromis Niloticus | Highly Fresh
Oreochromis Niloticus - Highly Fresh/IMG_20191110_072725_5.jpg,Oreochromis Niloticus,Highly Fresh,5,0,Oreochromis Niloticus | Highly Fresh
Oreochromis Niloticus - Highly Fresh/IMG_20191110_072725_6.jpg,Oreochromis Niloticus,Highly Fresh,5,0,Oreochromis Niloticus | Highly Fresh
Oreochromis Niloticus - Highly Fresh/IMG_20191110_072725_7.jpg,Oreochromis Niloticus,Highly Fresh,5,0,Oreochromis Niloticus | Highly Fresh
Oreochromis Niloticus - Highly Fresh/IMG_20191110_072736_1.jpg,Oreochromis Niloticus,Highly Fresh,5,0,Oreochromis Niloticus | Highly Fresh
Oreochromis Niloticus - Highly Fresh/IMG_20191110_072736_2.jpg,Oreochromis Niloticus,Highly Fresh,5,0,Oreochromis Niloticus | Highly Fresh
Oreochromis Niloticus - Highly Fresh/IMG_20191110_072736_3.jpg,Oreochromis Niloticus,Highly Fresh,5,0,Oreochromis Niloticus | Highly Fresh
Oreochromis Niloticus - Highly Fresh/IMG_20191110_072736_4.jpg,Oreochromis Niloticus,Highly Fresh,5,0,Oreochromis Niloticus | Highly Fresh
Oreochromis Niloticus - Highly Fresh/IMG_20191110_072736_5.jpg,Oreochromis Niloticus,Highly Fresh,5,0,Oreochromis Niloticus | Highly Fresh
Oreochromis Niloticus - Highly Fresh/IMG_20191110_072736_6.jpg,Oreochromis Niloticus,Highly Fresh,5,0,Oreochromis Niloticus | Highly Fresh
Oreochromis Niloticus - Highly Fresh/IMG_20191110_072801_1.jpg,Oreochromis Niloticus,Highly Fresh,5,0,Oreochromis Niloticus | Highly Fresh
Oreochromis Niloticus - Highly Fresh/IMG_20191110_072801_2.jpg,Oreochromis Niloticus,Highly Fresh,5,0,Oreochromis Niloticus | Highly Fresh
Oreochromis Niloticus - Highly Fresh/IMG_20191110_072801_3.jpg,Oreochromis Niloticus,Highly Fresh,5,0,Oreochromis Niloticus | Highly Fresh
Oreochromis Niloticus - Highly Fresh/IMG_20191110_072801_4.jpg,Oreochromis Niloticus,Highly Fresh,5,0,Oreochromis Niloticus | Highly Fresh
Oreochromis Niloticus - Highly Fresh/IMG_20191110_072937_1.jpg,Oreochromis Niloticus,Highly Fresh,5,0,Oreochromis Niloticus | Highly Fresh
Oreochromis Niloticus - Highly Fresh/IMG_20191110_072941_1.jpg,Oreochromis Niloticus,Highly Fresh,5,0,Oreochromis Niloticus | Highly Fresh
Oreochromis Niloticus - Highly Fresh/IMG_20191110_072950.jpg,Oreochromis Niloticus,Highly Fresh,5,0,Oreochromis Niloticus | Highly Fresh
Oreochromis Niloticus - Highly Fresh/IMG_20191110_072955.jpg,Oreochromis Niloticus,Highly Fresh,5,0,Oreochromis Niloticus | Highly Fresh
Oreochromis Niloticus - Highly Fresh/IMG_20191110_072959.jpg,Oreochromis Niloticus,Highly Fresh,5,0,Oreochromis Niloticus | Highly Fresh
Oreochromis Niloticus - Highly Fresh/IMG_20191110_073015.jpg,Oreochromis Niloticus,Highly Fresh,5,0,Oreochromis Niloticus | Highly Fresh
Oreochromis Niloticus - Highly Fresh/IMG_20191110_073023.jpg,Oreochromis Niloticus,Highly Fresh,5,0,Oreochromis Niloticus | Highly Fresh
Oreochromis Niloticus - Highly Fresh/IMG_20191110_073027.jpg,Oreochromis Niloticus,Highly Fresh,5,0,Oreochromis Niloticus | Highly Fresh
Oreochromis Niloticus - Highly Fresh/IMG_20191110_073030.jpg,Oreochromis Niloticus,Highly Fresh,5,0,Oreochromis Niloticus | Highly Fresh
Oreochromis Niloticus - Highly Fresh/IMG_20191110_073032.jpg,Oreochromis Niloticus,Highly Fresh,5,0,Oreochromis Niloticus | Highly Fresh
Oreochromis Niloticus - Highly Fresh/IMG_20191110_073048.jpg,Oreochromis Niloticus,Highly Fresh,5,0,Oreochromis Niloticus | Highly Fresh
Oreochromis Niloticus - Highly Fresh/IMG_20191110_073051.jpg,Oreochromis Niloticus,Highly Fresh,5,0,Oreochromis Niloticus | Highly Fresh
Oreochromis Niloticus - Highly Fresh/IMG_20191110_073101.jpg,Oreochromis Niloticus,Highly Fresh,5,0,Oreochromis Niloticus | Highly Fresh
Oreochromis Niloticus - Highly Fresh/IMG_20191110_073105.jpg,Oreochromis Niloticus,Highly Fresh,5,0,Oreochromis Niloticus | Highly Fresh
Oreochromis Niloticus - Highly Fresh/IMG_20191110_073116_1.jpg,Oreochromis Niloticus,Highly Fresh,5,0,Oreochromis Niloticus | Highly Fresh
Oreochromis Niloticus - Highly Fresh/IMG_20191110_073116_2.jpg,Oreochromis Niloticus,Highly Fresh,5,0,Oreochromis Niloticus | Highly Fresh
Oreochromis Niloticus - Highly Fresh/IMG_20191110_073116_3.jpg,Oreochromis Niloticus,Highly Fresh,5,0,Oreochromis Niloticus | Highly Fresh
Oreochromis Niloticus - Highly Fresh/IMG_20191110_073116_4.jpg,Oreochromis Niloticus,Highly Fresh,5,0,Oreochromis Niloticus | Highly Fresh
Oreochromis Niloticus - Highly Fresh/IMG_20191110_073121_#.jpg,Oreochromis Niloticus,Highly Fresh,5,0,Oreochromis Niloticus | Highly Fresh
Oreochromis Niloticus - Highly Fresh/IMG_20191110_073121_1.jpg,Oreochromis Niloticus,Highly Fresh,5,0,Oreochromis Niloticus | Highly Fresh
Oreochromis Niloticus - Highly Fresh/IMG_20191110_073121_2.jpg,Oreochromis Niloticus,Highly Fresh,5,0,Oreochromis Niloticus | Highly Fresh
Oreochromis Niloticus - Highly Fresh/IMG_20191110_073128_1.jpg,Oreochromis Niloticus,Highly Fresh,5,0,Oreochromis Niloticus | Highly Fresh
Oreochromis Niloticus - Highly Fresh/IMG_20191110_073128_2.jpg,Oreochromis Niloticus,Highly Fresh,5,0,Oreochromis Niloticus | Highly Fresh
Oreochromis Niloticus - Highly Fresh/IMG_20191110_073128_3.jpg,Oreochromis Niloticus,Highly Fresh,5,0,Oreochromis Niloticus | Highly Fresh
Oreochromis Niloticus - Highly Fresh/IMG_20191110_073128_4.jpg,Oreochromis Niloticus,Highly Fresh,5,0,Oreochromis Niloticus | Highly Fresh
Oreochromis Niloticus - Highly Fresh/IMG_20191110_073128_5.jpg,Oreochromis Niloticus,Highly Fresh,5,0,Oreochromis Niloticus | Highly Fresh
Oreochromis Niloticus - Highly Fresh/IMG_20191110_073144_1.jpg,Oreochromis Niloticus,Highly Fresh,5,0,Oreochromis Niloticus | Highly Fresh
Oreochromis Niloticus - Highly Fresh/IMG_20191110_073144_2.jpg,Oreochromis Niloticus,Highly Fresh,5,0,Oreochromis Niloticus | Highly Fresh
Oreochromis Niloticus - Highly Fresh/IMG_20191110_073144_3.jpg,Oreochromis Niloticus,Highly Fresh,5,0,Oreochromis Niloticus | Highly Fresh
Oreochromis Niloticus - Highly Fresh/IMG_20191110_073144_4.jpg,Oreochromis Niloticus,Highly Fresh,5,0,Oreochromis Niloticus | Highly Fresh
Oreochromis Niloticus - Highly Fresh/IMG_20191110_073144_5.jpg,Oreochromis Niloticus,Highly Fresh,5,0,Oreochromis Niloticus | Highly Fresh
Oreochromis Niloticus - Highly Fresh/IMG_20191110_073144_6.jpg,Oreochromis Niloticus,Highly Fresh,5,0,Oreochromis Niloticus | Highly Fresh
Oreochromis Niloticus - Highly Fresh/IMG_20191111_053343.jpg,Oreochromis Niloticus,Highly Fresh,5,0,Oreochromis Niloticus | Highly Fresh
Oreochromis Niloticus - Highly Fresh/IMG_20191111_053352.jpg,Oreochromis Niloticus,Highly Fresh,5,0,Oreochromis Niloticus | Highly Fresh
Oreochromis Niloticus - Highly Fresh/IMG_20191111_053405.jpg,Oreochromis Niloticus,Highly Fresh,5,0,Oreochromis Niloticus | Highly Fresh
Oreochromis Niloticus - Highly Fresh/IMG_20191111_053413.jpg,Oreochromis Niloticus,Highly Fresh,5,0,Oreochromis Niloticus | Highly Fresh
Oreochromis Niloticus - Highly Fresh/IMG_20191111_053426.jpg,Oreochromis Niloticus,Highly Fresh,5,0,Oreochromis Niloticus | Highly Fresh
Oreochromis Niloticus - Highly Fresh/IMG_20191111_053438.jpg,Oreochromis Niloticus,Highly Fresh,5,0,Oreochromis Niloticus | Highly Fresh
Oreochromis Niloticus - Highly Fresh/IMG_20191111_053452.jpg,Oreochromis Niloticus,Highly Fresh,5,0,Oreochromis Niloticus | Highly Fresh
Oreochromis Niloticus - Highly Fresh/IMG_20191111_053500.jpg,Oreochromis Niloticus,Highly Fresh,5,0,Oreochromis Niloticus | Highly Fresh
Oreochromis Niloticus - Highly Fresh/IMG_20191111_053510.jpg,Oreochromis Niloticus,Highly Fresh,5,0,Oreochromis Niloticus | Highly Fresh
Oreochromis Niloticus - Highly Fresh/IMG_20191111_053518.jpg,Oreochromis Niloticus,Highly Fresh,5,0,Oreochromis Niloticus | Highly Fresh
Oreochromis Niloticus - Highly Fresh/IMG_20191111_053537.jpg,Oreochromis Niloticus,Highly Fresh,5,0,Oreochromis Niloticus | Highly Fresh
Oreochromis Niloticus - Highly Fresh/IMG_20191111_053546.jpg,Oreochromis Niloticus,Highly Fresh,5,0,Oreochromis Niloticus | Highly Fresh
Oreochromis Niloticus - Highly Fresh/IMG_20191111_053609.jpg,Oreochromis Niloticus,Highly Fresh,5,0,Oreochromis Niloticus | Highly Fresh
Oreochromis Niloticus - Highly Fresh/IMG_20191111_053621.jpg,Oreochromis Niloticus,Highly Fresh,5,0,Oreochromis Niloticus | Highly Fresh
Oreochromis Niloticus - Highly Fresh/IMG_20191111_053709.jpg,Oreochromis Niloticus,Highly Fresh,5,0,Oreochromis Niloticus | Highly Fresh
Oreochromis Niloticus - Highly Fresh/IMG_20191111_053720.jpg,Oreochromis Niloticus,Highly Fresh,5,0,Oreochromis Niloticus | Highly Fresh
Oreochromis Niloticus - Highly Fresh/IMG_20191111_053725.jpg,Oreochromis Niloticus,Highly Fresh,5,0,Oreochromis Niloticus | Highly Fresh
Oreochromis Niloticus - Highly Fresh/IMG_20191111_053735.jpg,Oreochromis Niloticus,Highly Fresh,5,0,Oreochromis Niloticus | Highly Fresh
Oreochromis Niloticus - Highly Fresh/IMG_20191111_053740.jpg,Oreochromis Niloticus,Highly Fresh,5,0,Oreochromis Niloticus | Highly Fresh
Oreochromis Niloticus - Highly Fresh/IMG_20191111_053745.jpg,Oreochromis Niloticus,Highly Fresh,5,0,Oreochromis Niloticus | Highly Fresh
Oreochromis Niloticus - Highly Fresh/IMG_20191111_053751.jpg,Oreochromis Niloticus,Highly Fresh,5,0,Oreochromis Niloticus | Highly Fresh
Oreochromis Niloticus - Highly Fresh/IMG_20191111_053834.jpg,Oreochromis Niloticus,Highly Fresh,5,0,Oreochromis Niloticus | Highly Fresh
Oreochromis Niloticus - Highly Fresh/IMG_20191111_053838.jpg,Oreochromis Niloticus,Highly Fresh,5,0,Oreochromis Niloticus | Highly Fresh
Oreochromis Niloticus - Highly Fresh/IMG_20191111_053841.jpg,Oreochromis Niloticus,Highly Fresh,5,0,Oreochromis Niloticus | Highly Fresh
Oreochromis Niloticus - Highly Fresh/IMG_20191111_053844.jpg,Oreochromis Niloticus,Highly Fresh,5,0,Oreochromis Niloticus | Highly Fresh
Oreochromis Niloticus - Highly Fresh/IMG_20191111_053849.jpg,Oreochromis Niloticus,Highly Fresh,5,0,Oreochromis Niloticus | Highly Fresh
Oreochromis Niloticus - Highly Fresh/IMG_20191111_053852.jpg,Oreochromis Niloticus,Highly Fresh,5,0,Oreochromis Niloticus | Highly Fresh
Oreochromis Niloticus - Highly Fresh/IMG_20191111_053856.jpg,Oreochromis Niloticus,Highly Fresh,5,0,Oreochromis Niloticus | Highly Fresh
Oreochromis Niloticus - Highly Fresh/IMG_20191111_053915.jpg,Oreochromis Niloticus,Highly Fresh,5,0,Oreochromis Niloticus | Highly Fresh
Oreochromis Niloticus - Highly Fresh/IMG_20191111_053915_1.jpg,Oreochromis Niloticus,Highly Fresh,5,0,Oreochromis Niloticus | Highly Fresh
Oreochromis Niloticus - Highly Fresh/IMG_20191111_053915_2.jpg,Oreochromis Niloticus,Highly Fresh,5,0,Oreochromis Niloticus | Highly Fresh
Oreochromis Niloticus - Highly Fresh/IMG_20191111_053926.jpg,Oreochromis Niloticus,Highly Fresh,5,0,Oreochromis Niloticus | Highly Fresh
Oreochromis Niloticus - Highly Fresh/IMG_20191111_053926_1.jpg,Oreochromis Niloticus,Highly Fresh,5,0,Oreochromis Niloticus | Highly Fresh
Oreochromis Niloticus - Highly Fresh/IMG_20191111_053951.jpg,Oreochromis Niloticus,Highly Fresh,5,0,Oreochromis Niloticus | Highly Fresh
Oreochromis Niloticus - Highly Fresh/IMG_20191111_053951_.jpg,Oreochromis Niloticus,Highly Fresh,5,0,Oreochromis Niloticus | Highly Fresh
Oreochromis Niloticus - Highly Fresh/IMG_20191111_053951_2.jpg,Oreochromis Niloticus,Highly Fresh,5,0,Oreochromis Niloticus | Highly Fresh
Oreochromis Niloticus - Highly Fresh/IMG_20191111_053951_3.jpg,Oreochromis Niloticus,Highly Fresh,5,0,Oreochromis Niloticus | Highly Fresh
Oreochromis Niloticus - Highly Fresh/IMG_20191111_053951_4.jpg,Oreochromis Niloticus,Highly Fresh,5,0,Oreochromis Niloticus | Highly Fresh
Oreochromis Niloticus - Highly Fresh/IMG_20191111_053951_5.jpg,Oreochromis Niloticus,Highly Fresh,5,0,Oreochromis Niloticus | Highly Fresh
Oreochromis Niloticus - Highly Fresh/IMG_20191111_054019.jpg,Oreochromis Niloticus,Highly Fresh,5,0,Oreochromis Niloticus | Highly Fresh
Oreochromis Niloticus - Highly Fresh/IMG_20191111_054019_1.jpg,Oreochromis Niloticus,Highly Fresh,5,0,Oreochromis Niloticus | Highly Fresh
Oreochromis Niloticus - Highly Fresh/IMG_20191111_054019_3.jpg,Oreochromis Niloticus,Highly Fresh,5,0,Oreochromis Niloticus | Highly Fresh
Oreochromis Niloticus - Highly Fresh/IMG_20191111_054019_4.jpg,Oreochromis Niloticus,Highly Fresh,5,0,Oreochromis Niloticus | Highly Fresh
Oreochromis Niloticus - Highly Fresh/IMG_20191111_054019_5.jpg,Oreochromis Niloticus,Highly Fresh,5,0,Oreochromis Niloticus | Highly Fresh
Oreochromis Niloticus - Highly Fresh/IMG_20191111_054019_6.jpg,Oreochromis Niloticus,Highly Fresh,5,0,Oreochromis Niloticus | Highly Fresh
Oreochromis Niloticus - Highly Fresh/IMG_20191111_054037_1.jpg,Oreochromis Niloticus,Highly Fresh,5,0,Oreochromis Niloticus | Highly Fresh
Oreochromis Niloticus - Highly Fresh/IMG_20191111_054037_2.jpg,Oreochromis Niloticus,Highly Fresh,5,0,Oreochromis Niloticus | Highly Fresh
Oreochromis Niloticus - Highly Fresh/IMG_20191111_054037_3.jpg,Oreochromis Niloticus,Highly Fresh,5,0,Oreochromis Niloticus | Highly Fresh
Oreochromis Niloticus - Highly Fresh/IMG_20191111_054037_4.jpg,Oreochromis Niloticus,Highly Fresh,5,0,Oreochromis Niloticus | Highly Fresh
Oreochromis Niloticus - Highly Fresh/IMG_20191111_054037_5.jpg,Oreochromis Niloticus,Highly Fresh,5,0,Oreochromis Niloticus | Highly Fresh
Oreochromis Niloticus - Highly Fresh/IMG_20191111_054037_6.jpg,Oreochromis Niloticus,Highly Fresh,5,0,Oreochromis Niloticus | Highly Fresh
Oreochromis Niloticus - Highly Fresh/IMG_20191111_054037_7.jpg,Oreochromis Niloticus,Highly Fresh,5,0,Oreochromis Niloticus | Highly Fresh
Oreochromis Niloticus - Highly Fresh/IMG_20191111_054109_1.jpg,Oreochromis Niloticus,Highly Fresh,5,0,Oreochromis Niloticus | Highly Fresh
Oreochromis Niloticus - Highly Fresh/IMG_20191111_054109_2.jpg,Oreochromis Niloticus,Highly Fresh,5,0,Oreochromis Niloticus | Highly Fresh
Oreochromis Niloticus - Highly Fresh/IMG_20191111_054109_3.jpg,Oreochromis Niloticus,Highly Fresh,5,0,Oreochromis Niloticus | Highly Fresh
Oreochromis Niloticus - Highly Fresh/IMG_20191111_054156_1.jpg,Oreochromis Niloticus,Highly Fresh,5,0,Oreochromis Niloticus | Highly Fresh
Oreochromis Niloticus - Highly Fresh/IMG_20191111_054156_2.jpg,Oreochromis Niloticus,Highly Fresh,5,0,Oreochromis Niloticus | Highly Fresh
Oreochromis Niloticus - Highly Fresh/IMG_20191111_054156_3.jpg,Oreochromis Niloticus,Highly Fresh,5,0,Oreochromis Niloticus | Highly Fresh
Oreochromis Niloticus - Highly Fresh/IMG_20191111_054156_4.jpg,Oreochromis Niloticus,Highly Fresh,5,0,Oreochromis Niloticus | Highly Fresh
Oreochromis Niloticus - Highly Fresh/IMG_20191111_054156_5.jpg,Oreochromis Niloticus,Highly Fresh,5,0,Oreochromis Niloticus | Highly Fresh
Oreochromis Niloticus - Highly Fresh/IMG_20191111_054156_6.jpg,Oreochromis Niloticus,Highly Fresh,5,0,Oreochromis Niloticus | Highly Fresh
Oreochromis Niloticus - Highly Fresh/IMG_20191111_054156_7.jpg,Oreochromis Niloticus,Highly Fresh,5,0,Oreochromis Niloticus | Highly Fresh
Oreochromis Niloticus - Highly Fresh/IMG_20191111_054215_!.jpg,Oreochromis Niloticus,Highly Fresh,5,0,Oreochromis Niloticus | Highly Fresh
Oreochromis Niloticus - Highly Fresh/IMG_20191111_054215_2.jpg,Oreochromis Niloticus,Highly Fresh,5,0,Oreochromis Niloticus | Highly Fresh
Oreochromis Niloticus - Highly Fresh/IMG_20191111_054215_3.jpg,Oreochromis Niloticus,Highly Fresh,5,0,Oreochromis Niloticus | Highly Fresh
Oreochromis Niloticus - Highly Fresh/IMG_20191111_054215_4.jpg,Oreochromis Niloticus,Highly Fresh,5,0,Oreochromis Niloticus | Highly Fresh
Oreochromis Niloticus - Highly Fresh/IMG_20191111_054215_5.jpg,Oreochromis Niloticus,Highly Fresh,5,0,Oreochromis Niloticus | Highly Fresh
Oreochromis Niloticus - Highly Fresh/IMG_20191111_054215_6.jpg,Oreochromis Niloticus,Highly Fresh,5,0,Oreochromis Niloticus | Highly Fresh
Oreochromis Niloticus - Highly Fresh/IMG_20191111_054215_7.jpg,Oreochromis Niloticus,Highly Fresh,5,0,Oreochromis Niloticus | Highly Fresh
Oreochromis Niloticus - Highly Fresh/IMG_20191111_054239.jpg,Oreochromis Niloticus,Highly Fresh,5,0,Oreochromis Niloticus | Highly Fresh
Oreochromis Niloticus - Highly Fresh/IMG_20191111_054245.jpg,Oreochromis Niloticus,Highly Fresh,5,0,Oreochromis Niloticus | Highly Fresh
Oreochromis Niloticus - Highly Fresh/IMG_20191111_054252.jpg,Oreochromis Niloticus,Highly Fresh,5,0,Oreochromis Niloticus | Highly Fresh
Oreochromis Niloticus - Highly Fresh/IMG_20191111_054316_!.jpg,Oreochromis Niloticus,Highly Fresh,5,0,Oreochromis Niloticus | Highly Fresh
Oreochromis Niloticus - Highly Fresh/IMG_20191111_054316_2.jpg,Oreochromis Niloticus,Highly Fresh,5,0,Oreochromis Niloticus | Highly Fresh
Oreochromis Niloticus - Highly Fresh/IMG_20191111_054316_3.jpg,Oreochromis Niloticus,Highly Fresh,5,0,Oreochromis Niloticus | Highly Fresh
Oreochromis Niloticus - Highly Fresh/IMG_20191111_054334_1.jpg,Oreochromis Niloticus,Highly Fresh,5,0,Oreochromis Niloticus | Highly Fresh
Oreochromis Niloticus - Highly Fresh/IMG_20191111_054334_2.jpg,Oreochromis Niloticus,Highly Fresh,5,0,Oreochromis Niloticus | Highly Fresh
Oreochromis Niloticus - Highly Fresh/IMG_20191111_054334_3.jpg,Oreochromis Niloticus,Highly Fresh,5,0,Oreochromis Niloticus | Highly Fresh
Oreochromis Niloticus - Highly Fresh/IMG_20191111_054420.jpg,Oreochromis Niloticus,Highly Fresh,5,0,Oreochromis Niloticus | Highly Fresh
Oreochromis Niloticus - Highly Fresh/IMG_20191111_054425.jpg,Oreochromis Niloticus,Highly Fresh,5,0,Oreochromis Niloticus | Highly Fresh
Oreochromis Niloticus - Highly Fresh/IMG_20191111_054429.jpg,Oreochromis Niloticus,Highly Fresh,5,0,Oreochromis Niloticus | Highly Fresh
Oreochromis Niloticus - Highly Fresh/IMG_20191111_054442.jpg,Oreochromis Niloticus,Highly Fresh,5,0,Oreochromis Niloticus | Highly Fresh
Oreochromis Niloticus - Highly Fresh/IMG_20191111_054446.jpg,Oreochromis Niloticus,Highly Fresh,5,0,Oreochromis Niloticus | Highly Fresh
Oreochromis Niloticus - Highly Fresh/IMG_20191111_054450.jpg,Oreochromis Niloticus,Highly Fresh,5,0,Oreochromis Niloticus | Highly Fresh
Oreochromis Niloticus - Highly Fresh/IMG_20191111_054505.jpg,Oreochromis Niloticus,Highly Fresh,5,0,Oreochromis Niloticus | Highly Fresh
Oreochromis Niloticus - Highly Fresh/IMG_20191111_054512.jpg,Oreochromis Niloticus,Highly Fresh,5,0,Oreochromis Niloticus | Highly Fresh
Oreochromis Niloticus - Highly Fresh/IMG_20191111_054516.jpg,Oreochromis Niloticus,Highly Fresh,5,0,Oreochromis Niloticus | Highly Fresh
Oreochromis Niloticus - Highly Fresh/IMG_20191111_054516_1.jpg,Oreochromis Niloticus,Highly Fresh,5,0,Oreochromis Niloticus | Highly Fresh
Oreochromis Niloticus - Highly Fresh/IMG_20191111_054516_2.jpg,Oreochromis Niloticus,Highly Fresh,5,0,Oreochromis Niloticus | Highly Fresh
Oreochromis Niloticus - Highly Fresh/IMG_20191111_054527_1.jpg,Oreochromis Niloticus,Highly Fresh,5,0,Oreochromis Niloticus | Highly Fresh
Oreochromis Niloticus - Highly Fresh/IMG_20191111_054527_2.jpg,Oreochromis Niloticus,Highly Fresh,5,0,Oreochromis Niloticus | Highly Fresh
Oreochromis Niloticus - Highly Fresh/IMG_20191111_054527_3.jpg,Oreochromis Niloticus,Highly Fresh,5,0,Oreochromis Niloticus | Highly Fresh
Oreochromis Niloticus - Highly Fresh/IMG_20191111_054527_4.jpg,Oreochromis Niloticus,Highly Fresh,5,0,Oreochromis Niloticus | Highly Fresh
Oreochromis Niloticus - Highly Fresh/IMG_20191111_054634_1.jpg,Oreochromis Niloticus,Highly Fresh,5,0,Oreochromis Niloticus | Highly Fresh
Oreochromis Niloticus - Highly Fresh/IMG_20191111_054634_2.jpg,Oreochromis Niloticus,Highly Fresh,5,0,Oreochromis Niloticus | Highly Fresh
Oreochromis Niloticus - Highly Fresh/IMG_20191111_054634_3.jpg,Oreochromis Niloticus,Highly Fresh,5,0,Oreochromis Niloticus | Highly Fresh
Oreochromis Niloticus - Highly Fresh/IMG_20191111_054634_4.jpg,Oreochromis Niloticus,Highly Fresh,5,0,Oreochromis Niloticus | Highly Fresh
Oreochromis Niloticus - Highly Fresh/IMG_20191111_054634_5.jpg,Oreochromis Niloticus,Highly Fresh,5,0,Oreochromis Niloticus | Highly Fresh
Oreochromis Niloticus - Highly Fresh/IMG_20191111_054634_6.jpg,Oreochromis Niloticus,Highly Fresh,5,0,Oreochromis Niloticus | Highly Fresh
Oreochromis Niloticus - Highly Fresh/IMG_20191111_054634_e4.jpg,Oreochromis Niloticus,Highly Fresh,5,0,Oreochromis Niloticus | Highly Fresh
Oreochromis Niloticus - Highly Fresh/IMG_20191111_054650_!.jpg,Oreochromis Niloticus,Highly Fresh,5,0,Oreochromis Niloticus | Highly Fresh
Oreochromis Niloticus - Highly Fresh/IMG_20191111_054650_2.jpg,Oreochromis Niloticus,Highly Fresh,5,0,Oreochromis Niloticus | Highly Fresh
Oreochromis Niloticus - Highly Fresh/IMG_20191111_054650_3.jpg,Oreochromis Niloticus,Highly Fresh,5,0,Oreochromis Niloticus | Highly Fresh
Oreochromis Niloticus - Highly Fresh/IMG_20191111_054650_4.jpg,Oreochromis Niloticus,Highly Fresh,5,0,Oreochromis Niloticus | Highly Fresh
Oreochromis Niloticus - Highly Fresh/IMG_20191111_054650_5.jpg,Oreochromis Niloticus,Highly Fresh,5,0,Oreochromis Niloticus | Highly Fresh
Oreochromis Niloticus - Highly Fresh/IMG_20191111_054650_6.jpg,Oreochromis Niloticus,Highly Fresh,5,0,Oreochromis Niloticus | Highly Fresh
Oreochromis Niloticus - Not Fresh/IMG_20191004_064135.jpg,Oreochromis Niloticus,Not Fresh,5,2,Oreochromis Niloticus | Not Fresh
Oreochromis Niloticus - Not Fresh/IMG_20191004_064158.jpg,Oreochromis Niloticus,Not Fresh,5,2,Oreochromis Niloticus | Not Fresh
Oreochromis Niloticus - Not Fresh/IMG_20191004_064211.jpg,Oreochromis Niloticus,Not Fresh,5,2,Oreochromis Niloticus | Not Fresh
Oreochromis Niloticus - Not Fresh/IMG_20191004_064221.jpg,Oreochromis Niloticus,Not Fresh,5,2,Oreochromis Niloticus | Not Fresh
Oreochromis Niloticus - Not Fresh/IMG_20191004_064230.jpg,Oreochromis Niloticus,Not Fresh,5,2,Oreochromis Niloticus | Not Fresh
Oreochromis Niloticus - Not Fresh/IMG_20191004_064236.jpg,Oreochromis Niloticus,Not Fresh,5,2,Oreochromis Niloticus | Not Fresh
Oreochromis Niloticus - Not Fresh/IMG_20191004_064246.jpg,Oreochromis Niloticus,Not Fresh,5,2,Oreochromis Niloticus | Not Fresh
Oreochromis Niloticus - Not Fresh/IMG_20191004_064255.jpg,Oreochromis Niloticus,Not Fresh,5,2,Oreochromis Niloticus | Not Fresh
Oreochromis Niloticus - Not Fresh/IMG_20191004_064330.jpg,Oreochromis Niloticus,Not Fresh,5,2,Oreochromis Niloticus | Not Fresh
Oreochromis Niloticus - Not Fresh/IMG_20191004_064340.jpg,Oreochromis Niloticus,Not Fresh,5,2,Oreochromis Niloticus | Not Fresh
Oreochromis Niloticus - Not Fresh/IMG_20191004_064351.jpg,Oreochromis Niloticus,Not Fresh,5,2,Oreochromis Niloticus | Not Fresh
Oreochromis Niloticus - Not Fresh/IMG_20191004_064357.jpg,Oreochromis Niloticus,Not Fresh,5,2,Oreochromis Niloticus | Not Fresh
Oreochromis Niloticus - Not Fresh/IMG_20191004_064406.jpg,Oreochromis Niloticus,Not Fresh,5,2,Oreochromis Niloticus | Not Fresh
Oreochromis Niloticus - Not Fresh/IMG_20191004_064412.jpg,Oreochromis Niloticus,Not Fresh,5,2,Oreochromis Niloticus | Not Fresh
Oreochromis Niloticus - Not Fresh/IMG_20191004_064422.jpg,Oreochromis Niloticus,Not Fresh,5,2,Oreochromis Niloticus | Not Fresh
Oreochromis Niloticus - Not Fresh/IMG_20191004_064432.jpg,Oreochromis Niloticus,Not Fresh,5,2,Oreochromis Niloticus | Not Fresh
Oreochromis Niloticus - Not Fresh/IMG_20191004_064508.jpg,Oreochromis Niloticus,Not Fresh,5,2,Oreochromis Niloticus | Not Fresh
Oreochromis Niloticus - Not Fresh/IMG_20191004_064518.jpg,Oreochromis Niloticus,Not Fresh,5,2,Oreochromis Niloticus | Not Fresh
Oreochromis Niloticus - Not Fresh/IMG_20191004_064530.jpg,Oreochromis Niloticus,Not Fresh,5,2,Oreochromis Niloticus | Not Fresh
Oreochromis Niloticus - Not Fresh/IMG_20191004_064539.jpg,Oreochromis Niloticus,Not Fresh,5,2,Oreochromis Niloticus | Not Fresh
Oreochromis Niloticus - Not Fresh/IMG_20191004_064553.jpg,Oreochromis Niloticus,Not Fresh,5,2,Oreochromis Niloticus | Not Fresh
Oreochromis Niloticus - Not Fresh/IMG_20191004_064600.jpg,Oreochromis Niloticus,Not Fresh,5,2,Oreochromis Niloticus | Not Fresh
Oreochromis Niloticus - Not Fresh/IMG_20191004_064613.jpg,Oreochromis Niloticus,Not Fresh,5,2,Oreochromis Niloticus | Not Fresh
Oreochromis Niloticus - Not Fresh/IMG_20191004_064622.jpg,Oreochromis Niloticus,Not Fresh,5,2,Oreochromis Niloticus | Not Fresh
Oreochromis Niloticus - Not Fresh/IMG_20191004_064659.jpg,Oreochromis Niloticus,Not Fresh,5,2,Oreochromis Niloticus | Not Fresh
Oreochromis Niloticus - Not Fresh/IMG_20191004_064708.jpg,Oreochromis Niloticus,Not Fresh,5,2,Oreochromis Niloticus | Not Fresh
Oreochromis Niloticus - Not Fresh/IMG_20191004_064718.jpg,Oreochromis Niloticus,Not Fresh,5,2,Oreochromis Niloticus | Not Fresh
Oreochromis Niloticus - Not Fresh/IMG_20191004_064727.jpg,Oreochromis Niloticus,Not Fresh,5,2,Oreochromis Niloticus | Not Fresh
Oreochromis Niloticus - Not Fresh/IMG_20191004_064737.jpg,Oreochromis Niloticus,Not Fresh,5,2,Oreochromis Niloticus | Not Fresh
Oreochromis Niloticus - Not Fresh/IMG_20191004_064747.jpg,Oreochromis Niloticus,Not Fresh,5,2,Oreochromis Niloticus | Not Fresh
Oreochromis Niloticus - Not Fresh/IMG_20191004_064802.jpg,Oreochromis Niloticus,Not Fresh,5,2,Oreochromis Niloticus | Not Fresh
Oreochromis Niloticus - Not Fresh/IMG_20191004_064810.jpg,Oreochromis Niloticus,Not Fresh,5,2,Oreochromis Niloticus | Not Fresh
Oreochromis Niloticus - Not Fresh/IMG_20191004_064907.jpg,Oreochromis Niloticus,Not Fresh,5,2,Oreochromis Niloticus | Not Fresh
Oreochromis Niloticus - Not Fresh/IMG_20191004_064914.jpg,Oreochromis Niloticus,Not Fresh,5,2,Oreochromis Niloticus | Not Fresh
Oreochromis Niloticus - Not Fresh/IMG_20191004_064924.jpg,Oreochromis Niloticus,Not Fresh,5,2,Oreochromis Niloticus | Not Fresh
Oreochromis Niloticus - Not Fresh/IMG_20191004_064930.jpg,Oreochromis Niloticus,Not Fresh,5,2,Oreochromis Niloticus | Not Fresh
Oreochromis Niloticus - Not Fresh/IMG_20191004_064942.jpg,Oreochromis Niloticus,Not Fresh,5,2,Oreochromis Niloticus | Not Fresh
Oreochromis Niloticus - Not Fresh/IMG_20191004_064952.jpg,Oreochromis Niloticus,Not Fresh,5,2,Oreochromis Niloticus | Not Fresh
Oreochromis Niloticus - Not Fresh/IMG_20191004_065012.jpg,Oreochromis Niloticus,Not Fresh,5,2,Oreochromis Niloticus | Not Fresh
Oreochromis Niloticus - Not Fresh/IMG_20191004_065021.jpg,Oreochromis Niloticus,Not Fresh,5,2,Oreochromis Niloticus | Not Fresh
Oreochromis Niloticus - Not Fresh/IMG_20191005_070410.jpg,Oreochromis Niloticus,Not Fresh,5,2,Oreochromis Niloticus | Not Fresh
Oreochromis Niloticus - Not Fresh/IMG_20191005_070441.jpg,Oreochromis Niloticus,Not Fresh,5,2,Oreochromis Niloticus | Not Fresh
Oreochromis Niloticus - Not Fresh/IMG_20191005_070457.jpg,Oreochromis Niloticus,Not Fresh,5,2,Oreochromis Niloticus | Not Fresh
Oreochromis Niloticus - Not Fresh/IMG_20191005_070511.jpg,Oreochromis Niloticus,Not Fresh,5,2,Oreochromis Niloticus | Not Fresh
Oreochromis Niloticus - Not Fresh/IMG_20191005_070528.jpg,Oreochromis Niloticus,Not Fresh,5,2,Oreochromis Niloticus | Not Fresh
Oreochromis Niloticus - Not Fresh/IMG_20191005_070547.jpg,Oreochromis Niloticus,Not Fresh,5,2,Oreochromis Niloticus | Not Fresh
Oreochromis Niloticus - Not Fresh/IMG_20191005_070600.jpg,Oreochromis Niloticus,Not Fresh,5,2,Oreochromis Niloticus | Not Fresh
Oreochromis Niloticus - Not Fresh/IMG_20191005_070611.jpg,Oreochromis Niloticus,Not Fresh,5,2,Oreochromis Niloticus | Not Fresh
Oreochromis Niloticus - Not Fresh/IMG_20191005_070704.jpg,Oreochromis Niloticus,Not Fresh,5,2,Oreochromis Niloticus | Not Fresh
Oreochromis Niloticus - Not Fresh/IMG_20191005_070730.jpg,Oreochromis Niloticus,Not Fresh,5,2,Oreochromis Niloticus | Not Fresh
Oreochromis Niloticus - Not Fresh/IMG_20191005_070740.jpg,Oreochromis Niloticus,Not Fresh,5,2,Oreochromis Niloticus | Not Fresh
Oreochromis Niloticus - Not Fresh/IMG_20191005_070747.jpg,Oreochromis Niloticus,Not Fresh,5,2,Oreochromis Niloticus | Not Fresh
Oreochromis Niloticus - Not Fresh/IMG_20191005_070806.jpg,Oreochromis Niloticus,Not Fresh,5,2,Oreochromis Niloticus | Not Fresh
Oreochromis Niloticus - Not Fresh/IMG_20191005_070815.jpg,Oreochromis Niloticus,Not Fresh,5,2,Oreochromis Niloticus | Not Fresh
Oreochromis Niloticus - Not Fresh/IMG_20191005_070827.jpg,Oreochromis Niloticus,Not Fresh,5,2,Oreochromis Niloticus | Not Fresh
Oreochromis Niloticus - Not Fresh/IMG_20191005_070834.jpg,Oreochromis Niloticus,Not Fresh,5,2,Oreochromis Niloticus | Not Fresh
Oreochromis Niloticus - Not Fresh/IMG_20191005_070919.jpg,Oreochromis Niloticus,Not Fresh,5,2,Oreochromis Niloticus | Not Fresh
Oreochromis Niloticus - Not Fresh/IMG_20191005_070930.jpg,Oreochromis Niloticus,Not Fresh,5,2,Oreochromis Niloticus | Not Fresh
Oreochromis Niloticus - Not Fresh/IMG_20191005_070943.jpg,Oreochromis Niloticus,Not Fresh,5,2,Oreochromis Niloticus | Not Fresh
Oreochromis Niloticus - Not Fresh/IMG_20191005_070953.jpg,Oreochromis Niloticus,Not Fresh,5,2,Oreochromis Niloticus | Not Fresh
Oreochromis Niloticus - Not Fresh/IMG_20191005_071003.jpg,Oreochromis Niloticus,Not Fresh,5,2,Oreochromis Niloticus | Not Fresh
Oreochromis Niloticus - Not Fresh/IMG_20191005_071013.jpg,Oreochromis Niloticus,Not Fresh,5,2,Oreochromis Niloticus | Not Fresh
Oreochromis Niloticus - Not Fresh/IMG_20191005_071027.jpg,Oreochromis Niloticus,Not Fresh,5,2,Oreochromis Niloticus | Not Fresh
Oreochromis Niloticus - Not Fresh/IMG_20191005_071033.jpg,Oreochromis Niloticus,Not Fresh,5,2,Oreochromis Niloticus | Not Fresh
Oreochromis Niloticus - Not Fresh/IMG_20191005_071119.jpg,Oreochromis Niloticus,Not Fresh,5,2,Oreochromis Niloticus | Not Fresh
Oreochromis Niloticus - Not Fresh/IMG_20191005_071134.jpg,Oreochromis Niloticus,Not Fresh,5,2,Oreochromis Niloticus | Not Fresh
Oreochromis Niloticus - Not Fresh/IMG_20191005_071145.jpg,Oreochromis Niloticus,Not Fresh,5,2,Oreochromis Niloticus | Not Fresh
Oreochromis Niloticus - Not Fresh/IMG_20191005_071156.jpg,Oreochromis Niloticus,Not Fresh,5,2,Oreochromis Niloticus | Not Fresh
Oreochromis Niloticus - Not Fresh/IMG_20191005_071210.jpg,Oreochromis Niloticus,Not Fresh,5,2,Oreochromis Niloticus | Not Fresh
Oreochromis Niloticus - Not Fresh/IMG_20191005_071218.jpg,Oreochromis Niloticus,Not Fresh,5,2,Oreochromis Niloticus | Not Fresh
Oreochromis Niloticus - Not Fresh/IMG_20191005_071241.jpg,Oreochromis Niloticus,Not Fresh,5,2,Oreochromis Niloticus | Not Fresh
Oreochromis Niloticus - Not Fresh/IMG_20191005_071248.jpg,Oreochromis Niloticus,Not Fresh,5,2,Oreochromis Niloticus | Not Fresh
Oreochromis Niloticus - Not Fresh/IMG_20191005_071341.jpg,Oreochromis Niloticus,Not Fresh,5,2,Oreochromis Niloticus | Not Fresh
Oreochromis Niloticus - Not Fresh/IMG_20191005_071357.jpg,Oreochromis Niloticus,Not Fresh,5,2,Oreochromis Niloticus | Not Fresh
Oreochromis Niloticus - Not Fresh/IMG_20191005_071409.jpg,Oreochromis Niloticus,Not Fresh,5,2,Oreochromis Niloticus | Not Fresh
Oreochromis Niloticus - Not Fresh/IMG_20191005_071421.jpg,Oreochromis Niloticus,Not Fresh,5,2,Oreochromis Niloticus | Not Fresh
Oreochromis Niloticus - Not Fresh/IMG_20191005_071434.jpg,Oreochromis Niloticus,Not Fresh,5,2,Oreochromis Niloticus | Not Fresh
Oreochromis Niloticus - Not Fresh/IMG_20191005_071452.jpg,Oreochromis Niloticus,Not Fresh,5,2,Oreochromis Niloticus | Not Fresh
Oreochromis Niloticus - Not Fresh/IMG_20191005_071503.jpg,Oreochromis Niloticus,Not Fresh,5,2,Oreochromis Niloticus | Not Fresh
Oreochromis Niloticus - Not Fresh/IMG_20191005_071510.jpg,Oreochromis Niloticus,Not Fresh,5,2,Oreochromis Niloticus | Not Fresh
Oreochromis Niloticus - Not Fresh/IMG_20191114_054732.jpg,Oreochromis Niloticus,Not Fresh,5,2,Oreochromis Niloticus | Not Fresh
Oreochromis Niloticus - Not Fresh/IMG_20191114_054742.jpg,Oreochromis Niloticus,Not Fresh,5,2,Oreochromis Niloticus | Not Fresh
Oreochromis Niloticus - Not Fresh/IMG_20191114_054758.jpg,Oreochromis Niloticus,Not Fresh,5,2,Oreochromis Niloticus | Not Fresh
Oreochromis Niloticus - Not Fresh/IMG_20191114_054809.jpg,Oreochromis Niloticus,Not Fresh,5,2,Oreochromis Niloticus | Not Fresh
Oreochromis Niloticus - Not Fresh/IMG_20191114_054824.jpg,Oreochromis Niloticus,Not Fresh,5,2,Oreochromis Niloticus | Not Fresh
Oreochromis Niloticus - Not Fresh/IMG_20191114_054847.jpg,Oreochromis Niloticus,Not Fresh,5,2,Oreochromis Niloticus | Not Fresh
Oreochromis Niloticus - Not Fresh/IMG_20191114_054907.jpg,Oreochromis Niloticus,Not Fresh,5,2,Oreochromis Niloticus | Not Fresh
Oreochromis Niloticus - Not Fresh/IMG_20191114_054918.jpg,Oreochromis Niloticus,Not Fresh,5,2,Oreochromis Niloticus | Not Fresh
Oreochromis Niloticus - Not Fresh/IMG_20191114_054937.jpg,Oreochromis Niloticus,Not Fresh,5,2,Oreochromis Niloticus | Not Fresh
Oreochromis Niloticus - Not Fresh/IMG_20191114_054950.jpg,Oreochromis Niloticus,Not Fresh,5,2,Oreochromis Niloticus | Not Fresh
Oreochromis Niloticus - Not Fresh/IMG_20191114_055009.jpg,Oreochromis Niloticus,Not Fresh,5,2,Oreochromis Niloticus | Not Fresh
Oreochromis Niloticus - Not Fresh/IMG_20191114_055023.jpg,Oreochromis Niloticus,Not Fresh,5,2,Oreochromis Niloticus | Not Fresh
Oreochromis Niloticus - Not Fresh/IMG_20191114_055047.jpg,Oreochromis Niloticus,Not Fresh,5,2,Oreochromis Niloticus | Not Fresh
Oreochromis Niloticus - Not Fresh/IMG_20191114_055055.jpg,Oreochromis Niloticus,Not Fresh,5,2,Oreochromis Niloticus | Not Fresh
Oreochromis Niloticus - Not Fresh/IMG_20191114_055118_1.jpg,Oreochromis Niloticus,Not Fresh,5,2,Oreochromis Niloticus | Not Fresh
Oreochromis Niloticus - Not Fresh/IMG_20191114_055118_2.jpg,Oreochromis Niloticus,Not Fresh,5,2,Oreochromis Niloticus | Not Fresh
Oreochromis Niloticus - Not Fresh/IMG_20191114_055130.jpg,Oreochromis Niloticus,Not Fresh,5,2,Oreochromis Niloticus | Not Fresh
Oreochromis Niloticus - Not Fresh/IMG_20191114_055130_1.jpg,Oreochromis Niloticus,Not Fresh,5,2,Oreochromis Niloticus | Not Fresh
Oreochromis Niloticus - Not Fresh/IMG_20191114_055140.jpg,Oreochromis Niloticus,Not Fresh,5,2,Oreochromis Niloticus | Not Fresh
Oreochromis Niloticus - Not Fresh/IMG_20191114_055140_1.jpg,Oreochromis Niloticus,Not Fresh,5,2,Oreochromis Niloticus | Not Fresh
Oreochromis Niloticus - Not Fresh/IMG_20191114_055140_2.jpg,Oreochromis Niloticus,Not Fresh,5,2,Oreochromis Niloticus | Not Fresh
Oreochromis Niloticus - Not Fresh/IMG_20191114_055156.jpg,Oreochromis Niloticus,Not Fresh,5,2,Oreochromis Niloticus | Not Fresh
Oreochromis Niloticus - Not Fresh/IMG_20191114_055156_1.jpg,Oreochromis Niloticus,Not Fresh,5,2,Oreochromis Niloticus | Not Fresh
Oreochromis Niloticus - Not Fresh/IMG_20191114_055231.jpg,Oreochromis Niloticus,Not Fresh,5,2,Oreochromis Niloticus | Not Fresh
Oreochromis Niloticus - Not Fresh/IMG_20191114_055241.jpg,Oreochromis Niloticus,Not Fresh,5,2,Oreochromis Niloticus | Not Fresh
Oreochromis Niloticus - Not Fresh/IMG_20191114_055245.jpg,Oreochromis Niloticus,Not Fresh,5,2,Oreochromis Niloticus | Not Fresh
Oreochromis Niloticus - Not Fresh/IMG_20191114_055249.jpg,Oreochromis Niloticus,Not Fresh,5,2,Oreochromis Niloticus | Not Fresh
Oreochromis Niloticus - Not Fresh/IMG_20191114_055255.jpg,Oreochromis Niloticus,Not Fresh,5,2,Oreochromis Niloticus | Not Fresh
Oreochromis Niloticus - Not Fresh/IMG_20191114_055259.jpg,Oreochromis Niloticus,Not Fresh,5,2,Oreochromis Niloticus | Not Fresh
Oreochromis Niloticus - Not Fresh/IMG_20191114_055302.jpg,Oreochromis Niloticus,Not Fresh,5,2,Oreochromis Niloticus | Not Fresh
Oreochromis Niloticus - Not Fresh/IMG_20191114_055340.jpg,Oreochromis Niloticus,Not Fresh,5,2,Oreochromis Niloticus | Not Fresh
Oreochromis Niloticus - Not Fresh/IMG_20191114_055347.jpg,Oreochromis Niloticus,Not Fresh,5,2,Oreochromis Niloticus | Not Fresh
Oreochromis Niloticus - Not Fresh/IMG_20191114_055353.jpg,Oreochromis Niloticus,Not Fresh,5,2,Oreochromis Niloticus | Not Fresh
Oreochromis Niloticus - Not Fresh/IMG_20191114_055358.jpg,Oreochromis Niloticus,Not Fresh,5,2,Oreochromis Niloticus | Not Fresh
Oreochromis Niloticus - Not Fresh/IMG_20191114_055402.jpg,Oreochromis Niloticus,Not Fresh,5,2,Oreochromis Niloticus | Not Fresh
Oreochromis Niloticus - Not Fresh/IMG_20191114_055405.jpg,Oreochromis Niloticus,Not Fresh,5,2,Oreochromis Niloticus | Not Fresh
Oreochromis Niloticus - Not Fresh/IMG_20191114_055409.jpg,Oreochromis Niloticus,Not Fresh,5,2,Oreochromis Niloticus | Not Fresh
Oreochromis Niloticus - Not Fresh/IMG_20191114_055438.jpg,Oreochromis Niloticus,Not Fresh,5,2,Oreochromis Niloticus | Not Fresh
Oreochromis Niloticus - Not Fresh/IMG_20191114_055438_1.jpg,Oreochromis Niloticus,Not Fresh,5,2,Oreochromis Niloticus | Not Fresh
Oreochromis Niloticus - Not Fresh/IMG_20191114_055445.jpg,Oreochromis Niloticus,Not Fresh,5,2,Oreochromis Niloticus | Not Fresh
Oreochromis Niloticus - Not Fresh/IMG_20191114_055445_1.jpg,Oreochromis Niloticus,Not Fresh,5,2,Oreochromis Niloticus | Not Fresh
Oreochromis Niloticus - Not Fresh/IMG_20191114_055445_2.jpg,Oreochromis Niloticus,Not Fresh,5,2,Oreochromis Niloticus | Not Fresh
Oreochromis Niloticus - Not Fresh/IMG_20191114_055448.jpg,Oreochromis Niloticus,Not Fresh,5,2,Oreochromis Niloticus | Not Fresh
Oreochromis Niloticus - Not Fresh/IMG_20191114_055448_1.jpg,Oreochromis Niloticus,Not Fresh,5,2,Oreochromis Niloticus | Not Fresh
Oreochromis Niloticus - Not Fresh/IMG_20191114_055504.jpg,Oreochromis Niloticus,Not Fresh,5,2,Oreochromis Niloticus | Not Fresh
Oreochromis Niloticus - Not Fresh/IMG_20191114_055504_!.jpg,Oreochromis Niloticus,Not Fresh,5,2,Oreochromis Niloticus | Not Fresh
Oreochromis Niloticus - Not Fresh/IMG_20191114_055504_2.jpg,Oreochromis Niloticus,Not Fresh,5,2,Oreochromis Niloticus | Not Fresh
Oreochromis Niloticus - Not Fresh/IMG_20191114_055507_1.jpg,Oreochromis Niloticus,Not Fresh,5,2,Oreochromis Niloticus | Not Fresh
Oreochromis Niloticus - Not Fresh/IMG_20191114_055507_2.jpg,Oreochromis Niloticus,Not Fresh,5,2,Oreochromis Niloticus | Not Fresh
Oreochromis Niloticus - Not Fresh/IMG_20191114_055514_1.jpg,Oreochromis Niloticus,Not Fresh,5,2,Oreochromis Niloticus | Not Fresh
Oreochromis Niloticus - Not Fresh/IMG_20191114_055514_2.jpg,Oreochromis Niloticus,Not Fresh,5,2,Oreochromis Niloticus | Not Fresh
Oreochromis Niloticus - Not Fresh/IMG_20191114_055611.jpg,Oreochromis Niloticus,Not Fresh,5,2,Oreochromis Niloticus | Not Fresh
Oreochromis Niloticus - Not Fresh/IMG_20191114_055615.jpg,Oreochromis Niloticus,Not Fresh,5,2,Oreochromis Niloticus | Not Fresh
Oreochromis Niloticus - Not Fresh/IMG_20191114_055621.jpg,Oreochromis Niloticus,Not Fresh,5,2,Oreochromis Niloticus | Not Fresh
Oreochromis Niloticus - Not Fresh/IMG_20191114_055625.jpg,Oreochromis Niloticus,Not Fresh,5,2,Oreochromis Niloticus | Not Fresh
Oreochromis Niloticus - Not Fresh/IMG_20191114_055629.jpg,Oreochromis Niloticus,Not Fresh,5,2,Oreochromis Niloticus | Not Fresh
Oreochromis Niloticus - Not Fresh/IMG_20191114_055633.jpg,Oreochromis Niloticus,Not Fresh,5,2,Oreochromis Niloticus | Not Fresh
Oreochromis Niloticus - Not Fresh/IMG_20191114_055637.jpg,Oreochromis Niloticus,Not Fresh,5,2,Oreochromis Niloticus | Not Fresh
Oreochromis Niloticus - Not Fresh/IMG_20191114_055710.jpg,Oreochromis Niloticus,Not Fresh,5,2,Oreochromis Niloticus | Not Fresh
Oreochromis Niloticus - Not Fresh/IMG_20191114_055715.jpg,Oreochromis Niloticus,Not Fresh,5,2,Oreochromis Niloticus | Not Fresh
Oreochromis Niloticus - Not Fresh/IMG_20191114_055718.jpg,Oreochromis Niloticus,Not Fresh,5,2,Oreochromis Niloticus | Not Fresh
Oreochromis Niloticus - Not Fresh/IMG_20191114_055721.jpg,Oreochromis Niloticus,Not Fresh,5,2,Oreochromis Niloticus | Not Fresh
Oreochromis Niloticus - Not Fresh/IMG_20191114_055727.jpg,Oreochromis Niloticus,Not Fresh,5,2,Oreochromis Niloticus | Not Fresh
Oreochromis Niloticus - Not Fresh/IMG_20191114_055731.jpg,Oreochromis Niloticus,Not Fresh,5,2,Oreochromis Niloticus | Not Fresh
Oreochromis Niloticus - Not Fresh/IMG_20191114_055734.jpg,Oreochromis Niloticus,Not Fresh,5,2,Oreochromis Niloticus | Not Fresh
Oreochromis Niloticus - Not Fresh/IMG_20191114_055753.jpg,Oreochromis Niloticus,Not Fresh,5,2,Oreochromis Niloticus | Not Fresh
Oreochromis Niloticus - Not Fresh/IMG_20191114_055753_1.jpg,Oreochromis Niloticus,Not Fresh,5,2,Oreochromis Niloticus | Not Fresh
Oreochromis Niloticus - Not Fresh/IMG_20191114_055759.jpg,Oreochromis Niloticus,Not Fresh,5,2,Oreochromis Niloticus | Not Fresh
Oreochromis Niloticus - Not Fresh/IMG_20191114_055759_1.jpg,Oreochromis Niloticus,Not Fresh,5,2,Oreochromis Niloticus | Not Fresh
Oreochromis Niloticus - Not Fresh/IMG_20191114_055804.jpg,Oreochromis Niloticus,Not Fresh,5,2,Oreochromis Niloticus | Not Fresh
Oreochromis Niloticus - Not Fresh/IMG_20191114_055804_1.jpg,Oreochromis Niloticus,Not Fresh,5,2,Oreochromis Niloticus | Not Fresh
Oreochromis Niloticus - Not Fresh/IMG_20191114_055804_2.jpg,Oreochromis Niloticus,Not Fresh,5,2,Oreochromis Niloticus | Not Fresh
Oreochromis Niloticus - Not Fresh/IMG_20191114_055826.jpg,Oreochromis Niloticus,Not Fresh,5,2,Oreochromis Niloticus | Not Fresh
Oreochromis Niloticus - Not Fresh/IMG_20191114_055826_1.jpg,Oreochromis Niloticus,Not Fresh,5,2,Oreochromis Niloticus | Not Fresh
Oreochromis Niloticus - Not Fresh/IMG_20191114_055826_2.jpg,Oreochromis Niloticus,Not Fresh,5,2,Oreochromis Niloticus | Not Fresh
Oreochromis Niloticus - Not Fresh/IMG_20191114_055826_3.jpg,Oreochromis Niloticus,Not Fresh,5,2,Oreochromis Niloticus | Not Fresh
Oreochromis Niloticus - Not Fresh/IMG_20191114_055826_4.jpg,Oreochromis Niloticus,Not Fresh,5,2,Oreochromis Niloticus | Not Fresh
Oreochromis Niloticus - Not Fresh/IMG_20191114_055917.jpg,Oreochromis Niloticus,Not Fresh,5,2,Oreochromis Niloticus | Not Fresh
Oreochromis Niloticus - Not Fresh/IMG_20191114_055917_!.jpg,Oreochromis Niloticus,Not Fresh,5,2,Oreochromis Niloticus | Not Fresh
Oreochromis Niloticus - Not Fresh/IMG_20191114_055917_2.jpg,Oreochromis Niloticus,Not Fresh,5,2,Oreochromis Niloticus | Not Fresh
Oreochromis Niloticus - Not Fresh/IMG_20191114_055917_3.jpg,Oreochromis Niloticus,Not Fresh,5,2,Oreochromis Niloticus | Not Fresh
Oreochromis Niloticus - Not Fresh/IMG_20191114_055917_5.jpg,Oreochromis Niloticus,Not Fresh,5,2,Oreochromis Niloticus | Not Fresh
Oreochromis Niloticus - Not Fresh/IMG_20191114_055917_6.jpg,Oreochromis Niloticus,Not Fresh,5,2,Oreochromis Niloticus | Not Fresh
Oreochromis Niloticus - Not Fresh/IMG_20191114_055937.jpg,Oreochromis Niloticus,Not Fresh,5,2,Oreochromis Niloticus | Not Fresh
Oreochromis Niloticus - Not Fresh/IMG_20191114_055937_1.jpg,Oreochromis Niloticus,Not Fresh,5,2,Oreochromis Niloticus | Not Fresh
Oreochromis Niloticus - Not Fresh/IMG_20191114_055937_2.jpg,Oreochromis Niloticus,Not Fresh,5,2,Oreochromis Niloticus | Not Fresh
Oreochromis Niloticus - Not Fresh/IMG_20191114_055937_3.jpg,Oreochromis Niloticus,Not Fresh,5,2,Oreochromis Niloticus | Not Fresh
Oreochromis Niloticus - Not Fresh/IMG_20191114_055937_4.jpg,Oreochromis Niloticus,Not Fresh,5,2,Oreochromis Niloticus | Not Fresh
Oreochromis Niloticus - Not Fresh/IMG_20191114_055937_5.jpg,Oreochromis Niloticus,Not Fresh,5,2,Oreochromis Niloticus | Not Fresh
Oreochromis Niloticus - Not Fresh/IMG_20191114_055937_6.jpg,Oreochromis Niloticus,Not Fresh,5,2,Oreochromis Niloticus | Not Fresh
Oreochromis Niloticus - Not Fresh/IMG_20191115_054020.jpg,Oreochromis Niloticus,Not Fresh,5,2,Oreochromis Niloticus | Not Fresh
Oreochromis Niloticus - Not Fresh/IMG_20191115_054033.jpg,Oreochromis Niloticus,Not Fresh,5,2,Oreochromis Niloticus | Not Fresh
Oreochromis Niloticus - Not Fresh/IMG_20191115_054050.jpg,Oreochromis Niloticus,Not Fresh,5,2,Oreochromis Niloticus | Not Fresh
Oreochromis Niloticus - Not Fresh/IMG_20191115_054102.jpg,Oreochromis Niloticus,Not Fresh,5,2,Oreochromis Niloticus | Not Fresh
Oreochromis Niloticus - Not Fresh/IMG_20191115_054120.jpg,Oreochromis Niloticus,Not Fresh,5,2,Oreochromis Niloticus | Not Fresh
Oreochromis Niloticus - Not Fresh/IMG_20191115_054130.jpg,Oreochromis Niloticus,Not Fresh,5,2,Oreochromis Niloticus | Not Fresh
Oreochromis Niloticus - Not Fresh/IMG_20191115_054150.jpg,Oreochromis Niloticus,Not Fresh,5,2,Oreochromis Niloticus | Not Fresh
Oreochromis Niloticus - Not Fresh/IMG_20191115_054159.jpg,Oreochromis Niloticus,Not Fresh,5,2,Oreochromis Niloticus | Not Fresh
Oreochromis Niloticus - Not Fresh/IMG_20191115_054217.jpg,Oreochromis Niloticus,Not Fresh,5,2,Oreochromis Niloticus | Not Fresh
Oreochromis Niloticus - Not Fresh/IMG_20191115_054231.jpg,Oreochromis Niloticus,Not Fresh,5,2,Oreochromis Niloticus | Not Fresh
Oreochromis Niloticus - Not Fresh/IMG_20191115_054252.jpg,Oreochromis Niloticus,Not Fresh,5,2,Oreochromis Niloticus | Not Fresh
Oreochromis Niloticus - Not Fresh/IMG_20191115_054307.jpg,Oreochromis Niloticus,Not Fresh,5,2,Oreochromis Niloticus | Not Fresh
Oreochromis Niloticus - Not Fresh/IMG_20191115_054341.jpg,Oreochromis Niloticus,Not Fresh,5,2,Oreochromis Niloticus | Not Fresh
Oreochromis Niloticus - Not Fresh/IMG_20191115_054353.jpg,Oreochromis Niloticus,Not Fresh,5,2,Oreochromis Niloticus | Not Fresh
Oreochromis Niloticus - Not Fresh/IMG_20191115_054424.jpg,Oreochromis Niloticus,Not Fresh,5,2,Oreochromis Niloticus | Not Fresh
Oreochromis Niloticus - Not Fresh/IMG_20191115_054424_1.jpg,Oreochromis Niloticus,Not Fresh,5,2,Oreochromis Niloticus | Not Fresh
Oreochromis Niloticus - Not Fresh/IMG_20191115_054437.jpg,Oreochromis Niloticus,Not Fresh,5,2,Oreochromis Niloticus | Not Fresh
Oreochromis Niloticus - Not Fresh/IMG_20191115_054437_1.jpg,Oreochromis Niloticus,Not Fresh,5,2,Oreochromis Niloticus | Not Fresh
Oreochromis Niloticus - Not Fresh/IMG_20191115_054457.jpg,Oreochromis Niloticus,Not Fresh,5,2,Oreochromis Niloticus | Not Fresh
Oreochromis Niloticus - Not Fresh/IMG_20191115_054457_1.jpg,Oreochromis Niloticus,Not Fresh,5,2,Oreochromis Niloticus | Not Fresh
Oreochromis Niloticus - Not Fresh/IMG_20191115_054457_2.jpg,Oreochromis Niloticus,Not Fresh,5,2,Oreochromis Niloticus | Not Fresh
Oreochromis Niloticus - Not Fresh/IMG_20191115_054514.jpg,Oreochromis Niloticus,Not Fresh,5,2,Oreochromis Niloticus | Not Fresh
Oreochromis Niloticus - Not Fresh/IMG_20191115_054514_1.jpg,Oreochromis Niloticus,Not Fresh,5,2,Oreochromis Niloticus | Not Fresh
Oreochromis Niloticus - Not Fresh/IMG_20191115_054514_2.jpg,Oreochromis Niloticus,Not Fresh,5,2,Oreochromis Niloticus | Not Fresh
Oreochromis Niloticus - Not Fresh/IMG_20191115_054533.jpg,Oreochromis Niloticus,Not Fresh,5,2,Oreochromis Niloticus | Not Fresh
Oreochromis Niloticus - Not Fresh/IMG_20191115_054533_2.jpg,Oreochromis Niloticus,Not Fresh,5,2,Oreochromis Niloticus | Not Fresh
Oreochromis Niloticus - Not Fresh/IMG_20191115_054533_3.jpg,Oreochromis Niloticus,Not Fresh,5,2,Oreochromis Niloticus | Not Fresh
Oreochromis Niloticus - Not Fresh/IMG_20191115_054533_4.jpg,Oreochromis Niloticus,Not Fresh,5,2,Oreochromis Niloticus | Not Fresh
Oreochromis Niloticus - Not Fresh/IMG_20191115_054617.jpg,Oreochromis Niloticus,Not Fresh,5,2,Oreochromis Niloticus | Not Fresh
Oreochromis Niloticus - Not Fresh/IMG_20191115_054621.jpg,Oreochromis Niloticus,Not Fresh,5,2,Oreochromis Niloticus | Not Fresh
Oreochromis Niloticus - Not Fresh/IMG_20191115_054630.jpg,Oreochromis Niloticus,Not Fresh,5,2,Oreochromis Niloticus | Not Fresh
Oreochromis Niloticus - Not Fresh/IMG_20191115_054634.jpg,Oreochromis Niloticus,Not Fresh,5,2,Oreochromis Niloticus | Not Fresh
Oreochromis Niloticus - Not Fresh/IMG_20191115_054638.jpg,Oreochromis Niloticus,Not Fresh,5,2,Oreochromis Niloticus | Not Fresh
Oreochromis Niloticus - Not Fresh/IMG_20191115_054642.jpg,Oreochromis Niloticus,Not Fresh,5,2,Oreochromis Niloticus | Not Fresh
Oreochromis Niloticus - Not Fresh/IMG_20191115_054648.jpg,Oreochromis Niloticus,Not Fresh,5,2,Oreochromis Niloticus | Not Fresh
Oreochromis Niloticus - Not Fresh/IMG_20191115_054709.jpg,Oreochromis Niloticus,Not Fresh,5,2,Oreochromis Niloticus | Not Fresh
Oreochromis Niloticus - Not Fresh/IMG_20191115_054713.jpg,Oreochromis Niloticus,Not Fresh,5,2,Oreochromis Niloticus | Not Fresh
Oreochromis Niloticus - Not Fresh/IMG_20191115_054718.jpg,Oreochromis Niloticus,Not Fresh,5,2,Oreochromis Niloticus | Not Fresh
Oreochromis Niloticus - Not Fresh/IMG_20191115_054724.jpg,Oreochromis Niloticus,Not Fresh,5,2,Oreochromis Niloticus | Not Fresh
Oreochromis Niloticus - Not Fresh/IMG_20191115_054730.jpg,Oreochromis Niloticus,Not Fresh,5,2,Oreochromis Niloticus | Not Fresh
Oreochromis Niloticus - Not Fresh/IMG_20191115_054739.jpg,Oreochromis Niloticus,Not Fresh,5,2,Oreochromis Niloticus | Not Fresh
Oreochromis Niloticus - Not Fresh/IMG_20191115_054741.jpg,Oreochromis Niloticus,Not Fresh,5,2,Oreochromis Niloticus | Not Fresh
Oreochromis Niloticus - Not Fresh/IMG_20191115_054800.jpg,Oreochromis Niloticus,Not Fresh,5,2,Oreochromis Niloticus | Not Fresh
Oreochromis Niloticus - Not Fresh/IMG_20191115_054800_1.jpg,Oreochromis Niloticus,Not Fresh,5,2,Oreochromis Niloticus | Not Fresh
Oreochromis Niloticus - Not Fresh/IMG_20191115_054804.jpg,Oreochromis Niloticus,Not Fresh,5,2,Oreochromis Niloticus | Not Fresh
Oreochromis Niloticus - Not Fresh/IMG_20191115_054804_1.jpg,Oreochromis Niloticus,Not Fresh,5,2,Oreochromis Niloticus | Not Fresh
Oreochromis Niloticus - Not Fresh/IMG_20191115_054807.jpg,Oreochromis Niloticus,Not Fresh,5,2,Oreochromis Niloticus | Not Fresh
Oreochromis Niloticus - Not Fresh/IMG_20191115_054807_1.jpg,Oreochromis Niloticus,Not Fresh,5,2,Oreochromis Niloticus | Not Fresh
Oreochromis Niloticus - Not Fresh/IMG_20191115_054807_2.jpg,Oreochromis Niloticus,Not Fresh,5,2,Oreochromis Niloticus | Not Fresh
Oreochromis Niloticus - Not Fresh/IMG_20191115_054825.jpg,Oreochromis Niloticus,Not Fresh,5,2,Oreochromis Niloticus | Not Fresh
Oreochromis Niloticus - Not Fresh/IMG_20191115_054825_1.jpg,Oreochromis Niloticus,Not Fresh,5,2,Oreochromis Niloticus | Not Fresh
Oreochromis Niloticus - Not Fresh/IMG_20191115_054840.jpg,Oreochromis Niloticus,Not Fresh,5,2,Oreochromis Niloticus | Not Fresh
Oreochromis Niloticus - Not Fresh/IMG_20191115_054852.jpg,Oreochromis Niloticus,Not Fresh,5,2,Oreochromis Niloticus | Not Fresh
Oreochromis Niloticus - Not Fresh/IMG_20191115_054913.jpg,Oreochromis Niloticus,Not Fresh,5,2,Oreochromis Niloticus | Not Fresh
Oreochromis Niloticus - Not Fresh/IMG_20191115_054949.jpg,Oreochromis Niloticus,Not Fresh,5,2,Oreochromis Niloticus | Not Fresh
Oreochromis Niloticus - Not Fresh/IMG_20191115_054953.jpg,Oreochromis Niloticus,Not Fresh,5,2,Oreochromis Niloticus | Not Fresh
Oreochromis Niloticus - Not Fresh/IMG_20191115_054958.jpg,Oreochromis Niloticus,Not Fresh,5,2,Oreochromis Niloticus | Not Fresh
Oreochromis Niloticus - Not Fresh/IMG_20191115_055002.jpg,Oreochromis Niloticus,Not Fresh,5,2,Oreochromis Niloticus | Not Fresh
Oreochromis Niloticus - Not Fresh/IMG_20191115_055008.jpg,Oreochromis Niloticus,Not Fresh,5,2,Oreochromis Niloticus | Not Fresh
Oreochromis Niloticus - Not Fresh/IMG_20191115_055012.jpg,Oreochromis Niloticus,Not Fresh,5,2,Oreochromis Niloticus | Not Fresh
Oreochromis Niloticus - Not Fresh/IMG_20191115_055015.jpg,Oreochromis Niloticus,Not Fresh,5,2,Oreochromis Niloticus | Not Fresh
Oreochromis Niloticus - Not Fresh/IMG_20191115_055047.jpg,Oreochromis Niloticus,Not Fresh,5,2,Oreochromis Niloticus | Not Fresh
Oreochromis Niloticus - Not Fresh/IMG_20191115_055053.jpg,Oreochromis Niloticus,Not Fresh,5,2,Oreochromis Niloticus | Not Fresh
Oreochromis Niloticus - Not Fresh/IMG_20191115_055057.jpg,Oreochromis Niloticus,Not Fresh,5,2,Oreochromis Niloticus | Not Fresh
Oreochromis Niloticus - Not Fresh/IMG_20191115_055105.jpg,Oreochromis Niloticus,Not Fresh,5,2,Oreochromis Niloticus | Not Fresh
Oreochromis Niloticus - Not Fresh/IMG_20191115_055110.jpg,Oreochromis Niloticus,Not Fresh,5,2,Oreochromis Niloticus | Not Fresh
Oreochromis Niloticus - Not Fresh/IMG_20191115_055117.jpg,Oreochromis Niloticus,Not Fresh,5,2,Oreochromis Niloticus | Not Fresh
Oreochromis Niloticus - Not Fresh/IMG_20191115_055120.jpg,Oreochromis Niloticus,Not Fresh,5,2,Oreochromis Niloticus | Not Fresh
Oreochromis Niloticus - Not Fresh/IMG_20191115_055143.jpg,Oreochromis Niloticus,Not Fresh,5,2,Oreochromis Niloticus | Not Fresh
Oreochromis Niloticus - Not Fresh/IMG_20191115_055143_1.jpg,Oreochromis Niloticus,Not Fresh,5,2,Oreochromis Niloticus | Not Fresh
Oreochromis Niloticus - Not Fresh/IMG_20191115_055146.jpg,Oreochromis Niloticus,Not Fresh,5,2,Oreochromis Niloticus | Not Fresh
Oreochromis Niloticus - Not Fresh/IMG_20191115_055146_1.jpg,Oreochromis Niloticus,Not Fresh,5,2,Oreochromis Niloticus | Not Fresh
Oreochromis Niloticus - Not Fresh/IMG_20191115_055146_3.jpg,Oreochromis Niloticus,Not Fresh,5,2,Oreochromis Niloticus | Not Fresh
Oreochromis Niloticus - Not Fresh/IMG_20191115_055149.jpg,Oreochromis Niloticus,Not Fresh,5,2,Oreochromis Niloticus | Not Fresh
Oreochromis Niloticus - Not Fresh/IMG_20191115_055149_1.jpg,Oreochromis Niloticus,Not Fresh,5,2,Oreochromis Niloticus | Not Fresh
Oreochromis Niloticus - Not Fresh/IMG_20191115_055202.jpg,Oreochromis Niloticus,Not Fresh,5,2,Oreochromis Niloticus | Not Fresh
Rastrelliger Faughni - Fresh/IMG_20191016_063900.jpg,Rastrelliger Faughni,Fresh,6,1,Rastrelliger Faughni | Fresh
Rastrelliger Faughni - Fresh/IMG_20191016_063907.jpg,Rastrelliger Faughni,Fresh,6,1,Rastrelliger Faughni | Fresh
Rastrelliger Faughni - Fresh/IMG_20191016_063933.jpg,Rastrelliger Faughni,Fresh,6,1,Rastrelliger Faughni | Fresh
Rastrelliger Faughni - Fresh/IMG_20191016_063949.jpg,Rastrelliger Faughni,Fresh,6,1,Rastrelliger Faughni | Fresh
Rastrelliger Faughni - Fresh/IMG_20191016_064000.jpg,Rastrelliger Faughni,Fresh,6,1,Rastrelliger Faughni | Fresh
Rastrelliger Faughni - Fresh/IMG_20191016_064031.jpg,Rastrelliger Faughni,Fresh,6,1,Rastrelliger Faughni | Fresh
Rastrelliger Faughni - Fresh/IMG_20191016_064055.jpg,Rastrelliger Faughni,Fresh,6,1,Rastrelliger Faughni | Fresh
Rastrelliger Faughni - Fresh/IMG_20191016_064113.jpg,Rastrelliger Faughni,Fresh,6,1,Rastrelliger Faughni | Fresh
Rastrelliger Faughni - Fresh/IMG_20191016_064153.jpg,Rastrelliger Faughni,Fresh,6,1,Rastrelliger Faughni | Fresh
Rastrelliger Faughni - Fresh/IMG_20191016_064208.jpg,Rastrelliger Faughni,Fresh,6,1,Rastrelliger Faughni | Fresh
Rastrelliger Faughni - Fresh/IMG_20191016_064234.jpg,Rastrelliger Faughni,Fresh,6,1,Rastrelliger Faughni | Fresh
Rastrelliger Faughni - Fresh/IMG_20191016_064247.jpg,Rastrelliger Faughni,Fresh,6,1,Rastrelliger Faughni | Fresh
Rastrelliger Faughni - Fresh/IMG_20191016_064302.jpg,Rastrelliger Faughni,Fresh,6,1,Rastrelliger Faughni | Fresh
Rastrelliger Faughni - Fresh/IMG_20191016_064315.jpg,Rastrelliger Faughni,Fresh,6,1,Rastrelliger Faughni | Fresh
Rastrelliger Faughni - Fresh/IMG_20191016_064338.jpg,Rastrelliger Faughni,Fresh,6,1,Rastrelliger Faughni | Fresh
Rastrelliger Faughni - Fresh/IMG_20191016_064350.jpg,Rastrelliger Faughni,Fresh,6,1,Rastrelliger Faughni | Fresh
Rastrelliger Faughni - Fresh/IMG_20191016_064432.jpg,Rastrelliger Faughni,Fresh,6,1,Rastrelliger Faughni | Fresh
Rastrelliger Faughni - Fresh/IMG_20191016_064445.jpg,Rastrelliger Faughni,Fresh,6,1,Rastrelliger Faughni | Fresh
Rastrelliger Faughni - Fresh/IMG_20191016_064526.jpg,Rastrelliger Faughni,Fresh,6,1,Rastrelliger Faughni | Fresh
Rastrelliger Faughni - Fresh/IMG_20191016_064539.jpg,Rastrelliger Faughni,Fresh,6,1,Rastrelliger Faughni | Fresh
Rastrelliger Faughni - Fresh/IMG_20191016_064612.jpg,Rastrelliger Faughni,Fresh,6,1,Rastrelliger Faughni | Fresh
Rastrelliger Faughni - Fresh/IMG_20191016_064630.jpg,Rastrelliger Faughni,Fresh,6,1,Rastrelliger Faughni | Fresh
Rastrelliger Faughni - Fresh/IMG_20191016_064654.jpg,Rastrelliger Faughni,Fresh,6,1,Rastrelliger Faughni | Fresh
Rastrelliger Faughni - Fresh/IMG_20191016_064702.jpg,Rastrelliger Faughni,Fresh,6,1,Rastrelliger Faughni | Fresh
Rastrelliger Faughni - Fresh/IMG_20191016_064744.jpg,Rastrelliger Faughni,Fresh,6,1,Rastrelliger Faughni | Fresh
Rastrelliger Faughni - Fresh/IMG_20191016_064756.jpg,Rastrelliger Faughni,Fresh,6,1,Rastrelliger Faughni | Fresh
Rastrelliger Faughni - Fresh/IMG_20191016_064829.jpg,Rastrelliger Faughni,Fresh,6,1,Rastrelliger Faughni | Fresh
Rastrelliger Faughni - Fresh/IMG_20191016_064844.jpg,Rastrelliger Faughni,Fresh,6,1,Rastrelliger Faughni | Fresh
Rastrelliger Faughni - Fresh/IMG_20191016_064903.jpg,Rastrelliger Faughni,Fresh,6,1,Rastrelliger Faughni | Fresh
Rastrelliger Faughni - Fresh/IMG_20191016_064912.jpg,Rastrelliger Faughni,Fresh,6,1,Rastrelliger Faughni | Fresh
Rastrelliger Faughni - Fresh/IMG_20191016_064941.jpg,Rastrelliger Faughni,Fresh,6,1,Rastrelliger Faughni | Fresh
Rastrelliger Faughni - Fresh/IMG_20191016_064956.jpg,Rastrelliger Faughni,Fresh,6,1,Rastrelliger Faughni | Fresh
Rastrelliger Faughni - Fresh/IMG_20191016_065030.jpg,Rastrelliger Faughni,Fresh,6,1,Rastrelliger Faughni | Fresh
Rastrelliger Faughni - Fresh/IMG_20191016_065038.jpg,Rastrelliger Faughni,Fresh,6,1,Rastrelliger Faughni | Fresh
Rastrelliger Faughni - Fresh/IMG_20191016_065114.jpg,Rastrelliger Faughni,Fresh,6,1,Rastrelliger Faughni | Fresh
Rastrelliger Faughni - Fresh/IMG_20191016_065125.jpg,Rastrelliger Faughni,Fresh,6,1,Rastrelliger Faughni | Fresh
Rastrelliger Faughni - Fresh/IMG_20191016_065136.jpg,Rastrelliger Faughni,Fresh,6,1,Rastrelliger Faughni | Fresh
Rastrelliger Faughni - Fresh/IMG_20191016_065146.jpg,Rastrelliger Faughni,Fresh,6,1,Rastrelliger Faughni | Fresh
Rastrelliger Faughni - Fresh/IMG_20191016_065205.jpg,Rastrelliger Faughni,Fresh,6,1,Rastrelliger Faughni | Fresh
Rastrelliger Faughni - Fresh/IMG_20191016_065213.jpg,Rastrelliger Faughni,Fresh,6,1,Rastrelliger Faughni | Fresh
Rastrelliger Faughni - Fresh/IMG_20191017_063326.jpg,Rastrelliger Faughni,Fresh,6,1,Rastrelliger Faughni | Fresh
Rastrelliger Faughni - Fresh/IMG_20191017_063342.jpg,Rastrelliger Faughni,Fresh,6,1,Rastrelliger Faughni | Fresh
Rastrelliger Faughni - Fresh/IMG_20191017_063357.jpg,Rastrelliger Faughni,Fresh,6,1,Rastrelliger Faughni | Fresh
Rastrelliger Faughni - Fresh/IMG_20191017_063425.jpg,Rastrelliger Faughni,Fresh,6,1,Rastrelliger Faughni | Fresh
Rastrelliger Faughni - Fresh/IMG_20191017_063450.jpg,Rastrelliger Faughni,Fresh,6,1,Rastrelliger Faughni | Fresh
Rastrelliger Faughni - Fresh/IMG_20191017_063501.jpg,Rastrelliger Faughni,Fresh,6,1,Rastrelliger Faughni | Fresh
Rastrelliger Faughni - Fresh/IMG_20191017_063521.jpg,Rastrelliger Faughni,Fresh,6,1,Rastrelliger Faughni | Fresh
Rastrelliger Faughni - Fresh/IMG_20191017_063537.jpg,Rastrelliger Faughni,Fresh,6,1,Rastrelliger Faughni | Fresh
Rastrelliger Faughni - Fresh/IMG_20191017_063619.jpg,Rastrelliger Faughni,Fresh,6,1,Rastrelliger Faughni | Fresh
Rastrelliger Faughni - Fresh/IMG_20191017_063637.jpg,Rastrelliger Faughni,Fresh,6,1,Rastrelliger Faughni | Fresh
Rastrelliger Faughni - Fresh/IMG_20191017_063654.jpg,Rastrelliger Faughni,Fresh,6,1,Rastrelliger Faughni | Fresh
Rastrelliger Faughni - Fresh/IMG_20191017_063709.jpg,Rastrelliger Faughni,Fresh,6,1,Rastrelliger Faughni | Fresh
Rastrelliger Faughni - Fresh/IMG_20191017_063730.jpg,Rastrelliger Faughni,Fresh,6,1,Rastrelliger Faughni | Fresh
Rastrelliger Faughni - Fresh/IMG_20191017_063741.jpg,Rastrelliger Faughni,Fresh,6,1,Rastrelliger Faughni | Fresh
Rastrelliger Faughni - Fresh/IMG_20191017_063813.jpg,Rastrelliger Faughni,Fresh,6,1,Rastrelliger Faughni | Fresh
Rastrelliger Faughni - Fresh/IMG_20191017_063837.jpg,Rastrelliger Faughni,Fresh,6,1,Rastrelliger Faughni | Fresh
Rastrelliger Faughni - Fresh/IMG_20191017_063921.jpg,Rastrelliger Faughni,Fresh,6,1,Rastrelliger Faughni | Fresh
Rastrelliger Faughni - Fresh/IMG_20191017_063933.jpg,Rastrelliger Faughni,Fresh,6,1,Rastrelliger Faughni | Fresh
Rastrelliger Faughni - Fresh/IMG_20191017_063948.jpg,Rastrelliger Faughni,Fresh,6,1,Rastrelliger Faughni | Fresh
Rastrelliger Faughni - Fresh/IMG_20191017_064000.jpg,Rastrelliger Faughni,Fresh,6,1,Rastrelliger Faughni | Fresh
Rastrelliger Faughni - Fresh/IMG_20191017_064015.jpg,Rastrelliger Faughni,Fresh,6,1,Rastrelliger Faughni | Fresh
Rastrelliger Faughni - Fresh/IMG_20191017_064027.jpg,Rastrelliger Faughni,Fresh,6,1,Rastrelliger Faughni | Fresh
Rastrelliger Faughni - Fresh/IMG_20191017_064055.jpg,Rastrelliger Faughni,Fresh,6,1,Rastrelliger Faughni | Fresh
Rastrelliger Faughni - Fresh/IMG_20191017_064114.jpg,Rastrelliger Faughni,Fresh,6,1,Rastrelliger Faughni | Fresh
Rastrelliger Faughni - Fresh/IMG_20191017_064206.jpg,Rastrelliger Faughni,Fresh,6,1,Rastrelliger Faughni | Fresh
Rastrelliger Faughni - Fresh/IMG_20191017_064217.jpg,Rastrelliger Faughni,Fresh,6,1,Rastrelliger Faughni | Fresh
Rastrelliger Faughni - Fresh/IMG_20191017_064243.jpg,Rastrelliger Faughni,Fresh,6,1,Rastrelliger Faughni | Fresh
Rastrelliger Faughni - Fresh/IMG_20191017_064257.jpg,Rastrelliger Faughni,Fresh,6,1,Rastrelliger Faughni | Fresh
Rastrelliger Faughni - Fresh/IMG_20191017_064317.jpg,Rastrelliger Faughni,Fresh,6,1,Rastrelliger Faughni | Fresh
Rastrelliger Faughni - Fresh/IMG_20191017_064329.jpg,Rastrelliger Faughni,Fresh,6,1,Rastrelliger Faughni | Fresh
Rastrelliger Faughni - Fresh/IMG_20191017_064358.jpg,Rastrelliger Faughni,Fresh,6,1,Rastrelliger Faughni | Fresh
Rastrelliger Faughni - Fresh/IMG_20191017_064413.jpg,Rastrelliger Faughni,Fresh,6,1,Rastrelliger Faughni | Fresh
Rastrelliger Faughni - Fresh/IMG_20191017_064448.jpg,Rastrelliger Faughni,Fresh,6,1,Rastrelliger Faughni | Fresh
Rastrelliger Faughni - Fresh/IMG_20191017_064500.jpg,Rastrelliger Faughni,Fresh,6,1,Rastrelliger Faughni | Fresh
Rastrelliger Faughni - Fresh/IMG_20191017_064614.jpg,Rastrelliger Faughni,Fresh,6,1,Rastrelliger Faughni | Fresh
Rastrelliger Faughni - Fresh/IMG_20191017_064628.jpg,Rastrelliger Faughni,Fresh,6,1,Rastrelliger Faughni | Fresh
Rastrelliger Faughni - Fresh/IMG_20191017_064755.jpg,Rastrelliger Faughni,Fresh,6,1,Rastrelliger Faughni | Fresh
Rastrelliger Faughni - Fresh/IMG_20191017_064803.jpg,Rastrelliger Faughni,Fresh,6,1,Rastrelliger Faughni | Fresh
Rastrelliger Faughni - Fresh/IMG_20191017_064850.jpg,Rastrelliger Faughni,Fresh,6,1,Rastrelliger Faughni | Fresh
Rastrelliger Faughni - Fresh/IMG_20191017_064901.jpg,Rastrelliger Faughni,Fresh,6,1,Rastrelliger Faughni | Fresh
Rastrelliger Faughni - Fresh/IMG_20191112_062337.jpg,Rastrelliger Faughni,Fresh,6,1,Rastrelliger Faughni | Fresh
Rastrelliger Faughni - Fresh/IMG_20191112_062350.jpg,Rastrelliger Faughni,Fresh,6,1,Rastrelliger Faughni | Fresh
Rastrelliger Faughni - Fresh/IMG_20191112_062403.jpg,Rastrelliger Faughni,Fresh,6,1,Rastrelliger Faughni | Fresh
Rastrelliger Faughni - Fresh/IMG_20191112_062412.jpg,Rastrelliger Faughni,Fresh,6,1,Rastrelliger Faughni | Fresh
Rastrelliger Faughni - Fresh/IMG_20191112_062425.jpg,Rastrelliger Faughni,Fresh,6,1,Rastrelliger Faughni | Fresh
Rastrelliger Faughni - Fresh/IMG_20191112_062435.jpg,Rastrelliger Faughni,Fresh,6,1,Rastrelliger Faughni | Fresh
Rastrelliger Faughni - Fresh/IMG_20191112_062447.jpg,Rastrelliger Faughni,Fresh,6,1,Rastrelliger Faughni | Fresh
Rastrelliger Faughni - Fresh/IMG_20191112_062455.jpg,Rastrelliger Faughni,Fresh,6,1,Rastrelliger Faughni | Fresh
Rastrelliger Faughni - Fresh/IMG_20191112_062505.jpg,Rastrelliger Faughni,Fresh,6,1,Rastrelliger Faughni | Fresh
Rastrelliger Faughni - Fresh/IMG_20191112_062514.jpg,Rastrelliger Faughni,Fresh,6,1,Rastrelliger Faughni | Fresh
Rastrelliger Faughni - Fresh/IMG_20191112_062526.jpg,Rastrelliger Faughni,Fresh,6,1,Rastrelliger Faughni | Fresh
Rastrelliger Faughni - Fresh/IMG_20191112_062536.jpg,Rastrelliger Faughni,Fresh,6,1,Rastrelliger Faughni | Fresh
Rastrelliger Faughni - Fresh/IMG_20191112_062545.jpg,Rastrelliger Faughni,Fresh,6,1,Rastrelliger Faughni | Fresh
Rastrelliger Faughni - Fresh/IMG_20191112_062551.jpg,Rastrelliger Faughni,Fresh,6,1,Rastrelliger Faughni | Fresh
Rastrelliger Faughni - Fresh/IMG_20191112_062642_1.jpg,Rastrelliger Faughni,Fresh,6,1,Rastrelliger Faughni | Fresh
Rastrelliger Faughni - Fresh/IMG_20191112_062642_2.jpg,Rastrelliger Faughni,Fresh,6,1,Rastrelliger Faughni | Fresh
Rastrelliger Faughni - Fresh/IMG_20191112_062702_1.jpg,Rastrelliger Faughni,Fresh,6,1,Rastrelliger Faughni | Fresh
Rastrelliger Faughni - Fresh/IMG_20191112_062702_2.jpg,Rastrelliger Faughni,Fresh,6,1,Rastrelliger Faughni | Fresh
Rastrelliger Faughni - Fresh/IMG_20191112_062712_1.jpg,Rastrelliger Faughni,Fresh,6,1,Rastrelliger Faughni | Fresh
Rastrelliger Faughni - Fresh/IMG_20191112_062712_2.jpg,Rastrelliger Faughni,Fresh,6,1,Rastrelliger Faughni | Fresh
Rastrelliger Faughni - Fresh/IMG_20191112_062712_3.jpg,Rastrelliger Faughni,Fresh,6,1,Rastrelliger Faughni | Fresh
Rastrelliger Faughni - Fresh/IMG_20191112_062732_1.jpg,Rastrelliger Faughni,Fresh,6,1,Rastrelliger Faughni | Fresh
Rastrelliger Faughni - Fresh/IMG_20191112_062732_2.jpg,Rastrelliger Faughni,Fresh,6,1,Rastrelliger Faughni | Fresh
Rastrelliger Faughni - Fresh/IMG_20191112_062732_3.jpg,Rastrelliger Faughni,Fresh,6,1,Rastrelliger Faughni | Fresh
Rastrelliger Faughni - Fresh/IMG_20191112_062741_1.jpg,Rastrelliger Faughni,Fresh,6,1,Rastrelliger Faughni | Fresh
Rastrelliger Faughni - Fresh/IMG_20191112_062741_2.jpg,Rastrelliger Faughni,Fresh,6,1,Rastrelliger Faughni | Fresh
Rastrelliger Faughni - Fresh/IMG_20191112_062741_3.jpg,Rastrelliger Faughni,Fresh,6,1,Rastrelliger Faughni | Fresh
Rastrelliger Faughni - Fresh/IMG_20191112_062741_4.jpg,Rastrelliger Faughni,Fresh,6,1,Rastrelliger Faughni | Fresh
Rastrelliger Faughni - Fresh/IMG_20191112_062751_1.jpg,Rastrelliger Faughni,Fresh,6,1,Rastrelliger Faughni | Fresh
Rastrelliger Faughni - Fresh/IMG_20191112_062751_2.jpg,Rastrelliger Faughni,Fresh,6,1,Rastrelliger Faughni | Fresh
Rastrelliger Faughni - Fresh/IMG_20191112_062751_3.jpg,Rastrelliger Faughni,Fresh,6,1,Rastrelliger Faughni | Fresh
Rastrelliger Faughni - Fresh/IMG_20191112_062751_4.jpg,Rastrelliger Faughni,Fresh,6,1,Rastrelliger Faughni | Fresh
Rastrelliger Faughni - Fresh/IMG_20191112_063437.jpg,Rastrelliger Faughni,Fresh,6,1,Rastrelliger Faughni | Fresh
Rastrelliger Faughni - Fresh/IMG_20191112_063443.jpg,Rastrelliger Faughni,Fresh,6,1,Rastrelliger Faughni | Fresh
Rastrelliger Faughni - Fresh/IMG_20191112_063446.jpg,Rastrelliger Faughni,Fresh,6,1,Rastrelliger Faughni | Fresh
Rastrelliger Faughni - Fresh/IMG_20191112_063450.jpg,Rastrelliger Faughni,Fresh,6,1,Rastrelliger Faughni | Fresh
Rastrelliger Faughni - Fresh/IMG_20191112_063453.jpg,Rastrelliger Faughni,Fresh,6,1,Rastrelliger Faughni | Fresh
Rastrelliger Faughni - Fresh/IMG_20191112_063455.jpg,Rastrelliger Faughni,Fresh,6,1,Rastrelliger Faughni | Fresh
Rastrelliger Faughni - Fresh/IMG_20191112_063458.jpg,Rastrelliger Faughni,Fresh,6,1,Rastrelliger Faughni | Fresh
Rastrelliger Faughni - Fresh/IMG_20191112_063511.jpg,Rastrelliger Faughni,Fresh,6,1,Rastrelliger Faughni | Fresh
Rastrelliger Faughni - Fresh/IMG_20191112_063514.jpg,Rastrelliger Faughni,Fresh,6,1,Rastrelliger Faughni | Fresh
Rastrelliger Faughni - Fresh/IMG_20191112_063516.jpg,Rastrelliger Faughni,Fresh,6,1,Rastrelliger Faughni | Fresh
Rastrelliger Faughni - Fresh/IMG_20191112_063519.jpg,Rastrelliger Faughni,Fresh,6,1,Rastrelliger Faughni | Fresh
Rastrelliger Faughni - Fresh/IMG_20191112_063523.jpg,Rastrelliger Faughni,Fresh,6,1,Rastrelliger Faughni | Fresh
Rastrelliger Faughni - Fresh/IMG_20191112_063526.jpg,Rastrelliger Faughni,Fresh,6,1,Rastrelliger Faughni | Fresh
Rastrelliger Faughni - Fresh/IMG_20191112_063528.jpg,Rastrelliger Faughni,Fresh,6,1,Rastrelliger Faughni | Fresh
Rastrelliger Faughni - Fresh/IMG_20191112_063742_1.jpg,Rastrelliger Faughni,Fresh,6,1,Rastrelliger Faughni | Fresh
Rastrelliger Faughni - Fresh/IMG_20191112_063742_2.jpg,Rastrelliger Faughni,Fresh,6,1,Rastrelliger Faughni | Fresh
Rastrelliger Faughni - Fresh/IMG_20191112_063747_1.jpg,Rastrelliger Faughni,Fresh,6,1,Rastrelliger Faughni | Fresh
Rastrelliger Faughni - Fresh/IMG_20191112_063747_2.jpg,Rastrelliger Faughni,Fresh,6,1,Rastrelliger Faughni | Fresh
Rastrelliger Faughni - Fresh/IMG_20191112_063751_1.jpg,Rastrelliger Faughni,Fresh,6,1,Rastrelliger Faughni | Fresh
Rastrelliger Faughni - Fresh/IMG_20191112_063751_2.jpg,Rastrelliger Faughni,Fresh,6,1,Rastrelliger Faughni | Fresh
Rastrelliger Faughni - Fresh/IMG_20191112_063807_1.jpg,Rastrelliger Faughni,Fresh,6,1,Rastrelliger Faughni | Fresh
Rastrelliger Faughni - Fresh/IMG_20191112_063807_2.jpg,Rastrelliger Faughni,Fresh,6,1,Rastrelliger Faughni | Fresh
Rastrelliger Faughni - Fresh/IMG_20191112_063810_1.jpg,Rastrelliger Faughni,Fresh,6,1,Rastrelliger Faughni | Fresh
Rastrelliger Faughni - Fresh/IMG_20191112_063810_2.jpg,Rastrelliger Faughni,Fresh,6,1,Rastrelliger Faughni | Fresh
Rastrelliger Faughni - Fresh/IMG_20191112_063812_1.jpg,Rastrelliger Faughni,Fresh,6,1,Rastrelliger Faughni | Fresh
Rastrelliger Faughni - Fresh/IMG_20191112_063812_2.jpg,Rastrelliger Faughni,Fresh,6,1,Rastrelliger Faughni | Fresh
Rastrelliger Faughni - Fresh/IMG_20191112_063832_1.jpg,Rastrelliger Faughni,Fresh,6,1,Rastrelliger Faughni | Fresh
Rastrelliger Faughni - Fresh/IMG_20191112_063832_2.jpg,Rastrelliger Faughni,Fresh,6,1,Rastrelliger Faughni | Fresh
Rastrelliger Faughni - Fresh/IMG_20191112_063832_3.jpg,Rastrelliger Faughni,Fresh,6,1,Rastrelliger Faughni | Fresh
Rastrelliger Faughni - Fresh/IMG_20191112_063832_4.jpg,Rastrelliger Faughni,Fresh,6,1,Rastrelliger Faughni | Fresh
Rastrelliger Faughni - Fresh/IMG_20191112_063832_5.jpg,Rastrelliger Faughni,Fresh,6,1,Rastrelliger Faughni | Fresh
Rastrelliger Faughni - Fresh/IMG_20191112_063832_6.jpg,Rastrelliger Faughni,Fresh,6,1,Rastrelliger Faughni | Fresh
Rastrelliger Faughni - Fresh/IMG_20191112_063832_7.jpg,Rastrelliger Faughni,Fresh,6,1,Rastrelliger Faughni | Fresh
Rastrelliger Faughni - Fresh/IMG_20191112_063923.jpg,Rastrelliger Faughni,Fresh,6,1,Rastrelliger Faughni | Fresh
Rastrelliger Faughni - Fresh/IMG_20191112_063934_1.jpg,Rastrelliger Faughni,Fresh,6,1,Rastrelliger Faughni | Fresh
Rastrelliger Faughni - Fresh/IMG_20191112_063934_2.jpg,Rastrelliger Faughni,Fresh,6,1,Rastrelliger Faughni | Fresh
Rastrelliger Faughni - Fresh/IMG_20191112_063944_1.jpg,Rastrelliger Faughni,Fresh,6,1,Rastrelliger Faughni | Fresh
Rastrelliger Faughni - Fresh/IMG_20191112_063944_2.jpg,Rastrelliger Faughni,Fresh,6,1,Rastrelliger Faughni | Fresh
Rastrelliger Faughni - Fresh/IMG_20191112_063956.jpg,Rastrelliger Faughni,Fresh,6,1,Rastrelliger Faughni | Fresh
Rastrelliger Faughni - Fresh/IMG_20191113_055305.jpg,Rastrelliger Faughni,Fresh,6,1,Rastrelliger Faughni | Fresh
Rastrelliger Faughni - Fresh/IMG_20191113_055313.jpg,Rastrelliger Faughni,Fresh,6,1,Rastrelliger Faughni | Fresh
Rastrelliger Faughni - Fresh/IMG_20191113_055324.jpg,Rastrelliger Faughni,Fresh,6,1,Rastrelliger Faughni | Fresh
Rastrelliger Faughni - Fresh/IMG_20191113_055333.jpg,Rastrelliger Faughni,Fresh,6,1,Rastrelliger Faughni | Fresh
Rastrelliger Faughni - Fresh/IMG_20191113_055342.jpg,Rastrelliger Faughni,Fresh,6,1,Rastrelliger Faughni | Fresh
Rastrelliger Faughni - Fresh/IMG_20191113_055349.jpg,Rastrelliger Faughni,Fresh,6,1,Rastrelliger Faughni | Fresh
Rastrelliger Faughni - Fresh/IMG_20191113_055403.jpg,Rastrelliger Faughni,Fresh,6,1,Rastrelliger Faughni | Fresh
Rastrelliger Faughni - Fresh/IMG_20191113_055412.jpg,Rastrelliger Faughni,Fresh,6,1,Rastrelliger Faughni | Fresh
Rastrelliger Faughni - Fresh/IMG_20191113_055432.jpg,Rastrelliger Faughni,Fresh,6,1,Rastrelliger Faughni | Fresh
Rastrelliger Faughni - Fresh/IMG_20191113_055439.jpg,Rastrelliger Faughni,Fresh,6,1,Rastrelliger Faughni | Fresh
Rastrelliger Faughni - Fresh/IMG_20191113_055452.jpg,Rastrelliger Faughni,Fresh,6,1,Rastrelliger Faughni | Fresh
Rastrelliger Faughni - Fresh/IMG_20191113_055459.jpg,Rastrelliger Faughni,Fresh,6,1,Rastrelliger Faughni | Fresh
Rastrelliger Faughni - Fresh/IMG_20191113_055540_1.jpg,Rastrelliger Faughni,Fresh,6,1,Rastrelliger Faughni | Fresh
Rastrelliger Faughni - Fresh/IMG_20191113_055540_2.jpg,Rastrelliger Faughni,Fresh,6,1,Rastrelliger Faughni | Fresh
Rastrelliger Faughni - Fresh/IMG_20191113_055553_1.jpg,Rastrelliger Faughni,Fresh,6,1,Rastrelliger Faughni | Fresh
Rastrelliger Faughni - Fresh/IMG_20191113_055553_2.jpg,Rastrelliger Faughni,Fresh,6,1,Rastrelliger Faughni | Fresh
Rastrelliger Faughni - Fresh/IMG_20191113_055610_1.jpg,Rastrelliger Faughni,Fresh,6,1,Rastrelliger Faughni | Fresh
Rastrelliger Faughni - Fresh/IMG_20191113_055610_2.jpg,Rastrelliger Faughni,Fresh,6,1,Rastrelliger Faughni | Fresh
Rastrelliger Faughni - Fresh/IMG_20191113_055610_3.jpg,Rastrelliger Faughni,Fresh,6,1,Rastrelliger Faughni | Fresh
Rastrelliger Faughni - Fresh/IMG_20191113_055622_1.jpg,Rastrelliger Faughni,Fresh,6,1,Rastrelliger Faughni | Fresh
Rastrelliger Faughni - Fresh/IMG_20191113_055622_2.jpg,Rastrelliger Faughni,Fresh,6,1,Rastrelliger Faughni | Fresh
Rastrelliger Faughni - Fresh/IMG_20191113_055622_3.jpg,Rastrelliger Faughni,Fresh,6,1,Rastrelliger Faughni | Fresh
Rastrelliger Faughni - Fresh/IMG_20191113_055636_1.jpg,Rastrelliger Faughni,Fresh,6,1,Rastrelliger Faughni | Fresh
Rastrelliger Faughni - Fresh/IMG_20191113_055636_2.jpg,Rastrelliger Faughni,Fresh,6,1,Rastrelliger Faughni | Fresh
Rastrelliger Faughni - Fresh/IMG_20191113_055644_1.jpg,Rastrelliger Faughni,Fresh,6,1,Rastrelliger Faughni | Fresh
Rastrelliger Faughni - Fresh/IMG_20191113_055644_2.jpg,Rastrelliger Faughni,Fresh,6,1,Rastrelliger Faughni | Fresh
Rastrelliger Faughni - Fresh/IMG_20191113_055707_1.jpg,Rastrelliger Faughni,Fresh,6,1,Rastrelliger Faughni | Fresh
Rastrelliger Faughni - Fresh/IMG_20191113_055707_2.jpg,Rastrelliger Faughni,Fresh,6,1,Rastrelliger Faughni | Fresh
Rastrelliger Faughni - Fresh/IMG_20191113_055707_3.jpg,Rastrelliger Faughni,Fresh,6,1,Rastrelliger Faughni | Fresh
Rastrelliger Faughni - Fresh/IMG_20191113_055707_4.jpg,Rastrelliger Faughni,Fresh,6,1,Rastrelliger Faughni | Fresh
Rastrelliger Faughni - Fresh/IMG_20191113_055758.jpg,Rastrelliger Faughni,Fresh,6,1,Rastrelliger Faughni | Fresh
Rastrelliger Faughni - Fresh/IMG_20191113_055802.jpg,Rastrelliger Faughni,Fresh,6,1,Rastrelliger Faughni | Fresh
Rastrelliger Faughni - Fresh/IMG_20191113_055805.jpg,Rastrelliger Faughni,Fresh,6,1,Rastrelliger Faughni | Fresh
Rastrelliger Faughni - Fresh/IMG_20191113_055809.jpg,Rastrelliger Faughni,Fresh,6,1,Rastrelliger Faughni | Fresh
Rastrelliger Faughni - Fresh/IMG_20191113_055815.jpg,Rastrelliger Faughni,Fresh,6,1,Rastrelliger Faughni | Fresh
Rastrelliger Faughni - Fresh/IMG_20191113_055821.jpg,Rastrelliger Faughni,Fresh,6,1,Rastrelliger Faughni | Fresh
Rastrelliger Faughni - Fresh/IMG_20191113_055841.jpg,Rastrelliger Faughni,Fresh,6,1,Rastrelliger Faughni | Fresh
Rastrelliger Faughni - Fresh/IMG_20191113_055844.jpg,Rastrelliger Faughni,Fresh,6,1,Rastrelliger Faughni | Fresh
Rastrelliger Faughni - Fresh/IMG_20191113_055848.jpg,Rastrelliger Faughni,Fresh,6,1,Rastrelliger Faughni | Fresh
Rastrelliger Faughni - Fresh/IMG_20191113_055851.jpg,Rastrelliger Faughni,Fresh,6,1,Rastrelliger Faughni | Fresh
Rastrelliger Faughni - Fresh/IMG_20191113_055857.jpg,Rastrelliger Faughni,Fresh,6,1,Rastrelliger Faughni | Fresh
Rastrelliger Faughni - Fresh/IMG_20191113_055900.jpg,Rastrelliger Faughni,Fresh,6,1,Rastrelliger Faughni | Fresh
Rastrelliger Faughni - Fresh/IMG_20191113_055927_1.jpg,Rastrelliger Faughni,Fresh,6,1,Rastrelliger Faughni | Fresh
Rastrelliger Faughni - Fresh/IMG_20191113_055927_2.jpg,Rastrelliger Faughni,Fresh,6,1,Rastrelliger Faughni | Fresh
Rastrelliger Faughni - Fresh/IMG_20191113_055929_1.jpg,Rastrelliger Faughni,Fresh,6,1,Rastrelliger Faughni | Fresh
Rastrelliger Faughni - Fresh/IMG_20191113_055929_2.jpg,Rastrelliger Faughni,Fresh,6,1,Rastrelliger Faughni | Fresh
Rastrelliger Faughni - Fresh/IMG_20191113_055933_1.jpg,Rastrelliger Faughni,Fresh,6,1,Rastrelliger Faughni | Fresh
Rastrelliger Faughni - Fresh/IMG_20191113_055933_2.jpg,Rastrelliger Faughni,Fresh,6,1,Rastrelliger Faughni | Fresh
Rastrelliger Faughni - Fresh/IMG_20191113_055949_1.jpg,Rastrelliger Faughni,Fresh,6,1,Rastrelliger Faughni | Fresh
Rastrelliger Faughni - Fresh/IMG_20191113_055949_2.jpg,Rastrelliger Faughni,Fresh,6,1,Rastrelliger Faughni | Fresh
Rastrelliger Faughni - Fresh/IMG_20191113_055953_1.jpg,Rastrelliger Faughni,Fresh,6,1,Rastrelliger Faughni | Fresh
Rastrelliger Faughni - Fresh/IMG_20191113_055953_2.jpg,Rastrelliger Faughni,Fresh,6,1,Rastrelliger Faughni | Fresh
Rastrelliger Faughni - Fresh/IMG_20191113_055957_1.jpg,Rastrelliger Faughni,Fresh,6,1,Rastrelliger Faughni | Fresh
Rastrelliger Faughni - Fresh/IMG_20191113_055957_2.jpg,Rastrelliger Faughni,Fresh,6,1,Rastrelliger Faughni | Fresh
Rastrelliger Faughni - Fresh/IMG_20191113_060020_1.jpg,Rastrelliger Faughni,Fresh,6,1,Rastrelliger Faughni | Fresh
Rastrelliger Faughni - Fresh/IMG_20191113_060020_2.jpg,Rastrelliger Faughni,Fresh,6,1,Rastrelliger Faughni | Fresh
Rastrelliger Faughni - Fresh/IMG_20191113_060020_3.jpg,Rastrelliger Faughni,Fresh,6,1,Rastrelliger Faughni | Fresh
Rastrelliger Faughni - Fresh/IMG_20191113_060025_1.jpg,Rastrelliger Faughni,Fresh,6,1,Rastrelliger Faughni | Fresh
Rastrelliger Faughni - Fresh/IMG_20191113_060025_2.jpg,Rastrelliger Faughni,Fresh,6,1,Rastrelliger Faughni | Fresh
Rastrelliger Faughni - Fresh/IMG_20191113_060025_3.jpg,Rastrelliger Faughni,Fresh,6,1,Rastrelliger Faughni | Fresh
Rastrelliger Faughni - Fresh/IMG_20191113_060119_1.jpg,Rastrelliger Faughni,Fresh,6,1,Rastrelliger Faughni | Fresh
Rastrelliger Faughni - Fresh/IMG_20191113_060119_2.jpg,Rastrelliger Faughni,Fresh,6,1,Rastrelliger Faughni | Fresh
Rastrelliger Faughni - Fresh/IMG_20191113_060130.jpg,Rastrelliger Faughni,Fresh,6,1,Rastrelliger Faughni | Fresh
Rastrelliger Faughni - Fresh/IMG_20191113_060144_1.jpg,Rastrelliger Faughni,Fresh,6,1,Rastrelliger Faughni | Fresh
Rastrelliger Faughni - Fresh/IMG_20191113_060144_2.jpg,Rastrelliger Faughni,Fresh,6,1,Rastrelliger Faughni | Fresh
Rastrelliger Faughni - Highly Fresh/IMG_20191014_065738.jpg,Rastrelliger Faughni,Highly Fresh,6,0,Rastrelliger Faughni | Highly Fresh
Rastrelliger Faughni - Highly Fresh/IMG_20191014_065752.jpg,Rastrelliger Faughni,Highly Fresh,6,0,Rastrelliger Faughni | Highly Fresh
Rastrelliger Faughni - Highly Fresh/IMG_20191014_065803.jpg,Rastrelliger Faughni,Highly Fresh,6,0,Rastrelliger Faughni | Highly Fresh
Rastrelliger Faughni - Highly Fresh/IMG_20191014_065812.jpg,Rastrelliger Faughni,Highly Fresh,6,0,Rastrelliger Faughni | Highly Fresh
Rastrelliger Faughni - Highly Fresh/IMG_20191014_065840.jpg,Rastrelliger Faughni,Highly Fresh,6,0,Rastrelliger Faughni | Highly Fresh
Rastrelliger Faughni - Highly Fresh/IMG_20191014_065848.jpg,Rastrelliger Faughni,Highly Fresh,6,0,Rastrelliger Faughni | Highly Fresh
Rastrelliger Faughni - Highly Fresh/IMG_20191014_065903.jpg,Rastrelliger Faughni,Highly Fresh,6,0,Rastrelliger Faughni | Highly Fresh
Rastrelliger Faughni - Highly Fresh/IMG_20191014_065909.jpg,Rastrelliger Faughni,Highly Fresh,6,0,Rastrelliger Faughni | Highly Fresh
Rastrelliger Faughni - Highly Fresh/IMG_20191014_065942.jpg,Rastrelliger Faughni,Highly Fresh,6,0,Rastrelliger Faughni | Highly Fresh
Rastrelliger Faughni - Highly Fresh/IMG_20191014_070011.jpg,Rastrelliger Faughni,Highly Fresh,6,0,Rastrelliger Faughni | Highly Fresh
Rastrelliger Faughni - Highly Fresh/IMG_20191014_070022.jpg,Rastrelliger Faughni,Highly Fresh,6,0,Rastrelliger Faughni | Highly Fresh
Rastrelliger Faughni - Highly Fresh/IMG_20191014_070033.jpg,Rastrelliger Faughni,Highly Fresh,6,0,Rastrelliger Faughni | Highly Fresh
Rastrelliger Faughni - Highly Fresh/IMG_20191014_070047.jpg,Rastrelliger Faughni,Highly Fresh,6,0,Rastrelliger Faughni | Highly Fresh
Rastrelliger Faughni - Highly Fresh/IMG_20191014_070058.jpg,Rastrelliger Faughni,Highly Fresh,6,0,Rastrelliger Faughni | Highly Fresh
Rastrelliger Faughni - Highly Fresh/IMG_20191014_070112.jpg,Rastrelliger Faughni,Highly Fresh,6,0,Rastrelliger Faughni | Highly Fresh
Rastrelliger Faughni - Highly Fresh/IMG_20191014_070118.jpg,Rastrelliger Faughni,Highly Fresh,6,0,Rastrelliger Faughni | Highly Fresh
Rastrelliger Faughni - Highly Fresh/IMG_20191014_070156.jpg,Rastrelliger Faughni,Highly Fresh,6,0,Rastrelliger Faughni | Highly Fresh
Rastrelliger Faughni - Highly Fresh/IMG_20191014_070205.jpg,Rastrelliger Faughni,Highly Fresh,6,0,Rastrelliger Faughni | Highly Fresh
Rastrelliger Faughni - Highly Fresh/IMG_20191014_070221.jpg,Rastrelliger Faughni,Highly Fresh,6,0,Rastrelliger Faughni | Highly Fresh
Rastrelliger Faughni - Highly Fresh/IMG_20191014_070229.jpg,Rastrelliger Faughni,Highly Fresh,6,0,Rastrelliger Faughni | Highly Fresh
Rastrelliger Faughni - Highly Fresh/IMG_20191014_070254.jpg,Rastrelliger Faughni,Highly Fresh,6,0,Rastrelliger Faughni | Highly Fresh
Rastrelliger Faughni - Highly Fresh/IMG_20191014_070301.jpg,Rastrelliger Faughni,Highly Fresh,6,0,Rastrelliger Faughni | Highly Fresh
Rastrelliger Faughni - Highly Fresh/IMG_20191014_070318.jpg,Rastrelliger Faughni,Highly Fresh,6,0,Rastrelliger Faughni | Highly Fresh
Rastrelliger Faughni - Highly Fresh/IMG_20191014_070331.jpg,Rastrelliger Faughni,Highly Fresh,6,0,Rastrelliger Faughni | Highly Fresh
Rastrelliger Faughni - Highly Fresh/IMG_20191014_070359.jpg,Rastrelliger Faughni,Highly Fresh,6,0,Rastrelliger Faughni | Highly Fresh
Rastrelliger Faughni - Highly Fresh/IMG_20191014_070407.jpg,Rastrelliger Faughni,Highly Fresh,6,0,Rastrelliger Faughni | Highly Fresh
Rastrelliger Faughni - Highly Fresh/IMG_20191014_070421.jpg,Rastrelliger Faughni,Highly Fresh,6,0,Rastrelliger Faughni | Highly Fresh
Rastrelliger Faughni - Highly Fresh/IMG_20191014_070430.jpg,Rastrelliger Faughni,Highly Fresh,6,0,Rastrelliger Faughni | Highly Fresh
Rastrelliger Faughni - Highly Fresh/IMG_20191014_070443.jpg,Rastrelliger Faughni,Highly Fresh,6,0,Rastrelliger Faughni | Highly Fresh
Rastrelliger Faughni - Highly Fresh/IMG_20191014_070453.jpg,Rastrelliger Faughni,Highly Fresh,6,0,Rastrelliger Faughni | Highly Fresh
Rastrelliger Faughni - Highly Fresh/IMG_20191014_070516.jpg,Rastrelliger Faughni,Highly Fresh,6,0,Rastrelliger Faughni | Highly Fresh
Rastrelliger Faughni - Highly Fresh/IMG_20191014_070605.jpg,Rastrelliger Faughni,Highly Fresh,6,0,Rastrelliger Faughni | Highly Fresh
Rastrelliger Faughni - Highly Fresh/IMG_20191014_070623.jpg,Rastrelliger Faughni,Highly Fresh,6,0,Rastrelliger Faughni | Highly Fresh
Rastrelliger Faughni - Highly Fresh/IMG_20191014_070635.jpg,Rastrelliger Faughni,Highly Fresh,6,0,Rastrelliger Faughni | Highly Fresh
Rastrelliger Faughni - Highly Fresh/IMG_20191014_070650.jpg,Rastrelliger Faughni,Highly Fresh,6,0,Rastrelliger Faughni | Highly Fresh
Rastrelliger Faughni - Highly Fresh/IMG_20191014_070659.jpg,Rastrelliger Faughni,Highly Fresh,6,0,Rastrelliger Faughni | Highly Fresh
Rastrelliger Faughni - Highly Fresh/IMG_20191014_070721.jpg,Rastrelliger Faughni,Highly Fresh,6,0,Rastrelliger Faughni | Highly Fresh
Rastrelliger Faughni - Highly Fresh/IMG_20191014_070727.jpg,Rastrelliger Faughni,Highly Fresh,6,0,Rastrelliger Faughni | Highly Fresh
Rastrelliger Faughni - Highly Fresh/IMG_20191014_070743.jpg,Rastrelliger Faughni,Highly Fresh,6,0,Rastrelliger Faughni | Highly Fresh
Rastrelliger Faughni - Highly Fresh/IMG_20191014_070750.jpg,Rastrelliger Faughni,Highly Fresh,6,0,Rastrelliger Faughni | Highly Fresh
Rastrelliger Faughni - Highly Fresh/IMG_20191015_063604.jpg,Rastrelliger Faughni,Highly Fresh,6,0,Rastrelliger Faughni | Highly Fresh
Rastrelliger Faughni - Highly Fresh/IMG_20191015_063615.jpg,Rastrelliger Faughni,Highly Fresh,6,0,Rastrelliger Faughni | Highly Fresh
Rastrelliger Faughni - Highly Fresh/IMG_20191015_063633.jpg,Rastrelliger Faughni,Highly Fresh,6,0,Rastrelliger Faughni | Highly Fresh
Rastrelliger Faughni - Highly Fresh/IMG_20191015_063724.jpg,Rastrelliger Faughni,Highly Fresh,6,0,Rastrelliger Faughni | Highly Fresh
Rastrelliger Faughni - Highly Fresh/IMG_20191015_063800.jpg,Rastrelliger Faughni,Highly Fresh,6,0,Rastrelliger Faughni | Highly Fresh
Rastrelliger Faughni - Highly Fresh/IMG_20191015_063807.jpg,Rastrelliger Faughni,Highly Fresh,6,0,Rastrelliger Faughni | Highly Fresh
Rastrelliger Faughni - Highly Fresh/IMG_20191015_063824.jpg,Rastrelliger Faughni,Highly Fresh,6,0,Rastrelliger Faughni | Highly Fresh
Rastrelliger Faughni - Highly Fresh/IMG_20191015_063835.jpg,Rastrelliger Faughni,Highly Fresh,6,0,Rastrelliger Faughni | Highly Fresh
Rastrelliger Faughni - Highly Fresh/IMG_20191015_063919.jpg,Rastrelliger Faughni,Highly Fresh,6,0,Rastrelliger Faughni | Highly Fresh
Rastrelliger Faughni - Highly Fresh/IMG_20191015_063926.jpg,Rastrelliger Faughni,Highly Fresh,6,0,Rastrelliger Faughni | Highly Fresh
Rastrelliger Faughni - Highly Fresh/IMG_20191015_063944.jpg,Rastrelliger Faughni,Highly Fresh,6,0,Rastrelliger Faughni | Highly Fresh
Rastrelliger Faughni - Highly Fresh/IMG_20191015_063954.jpg,Rastrelliger Faughni,Highly Fresh,6,0,Rastrelliger Faughni | Highly Fresh
Rastrelliger Faughni - Highly Fresh/IMG_20191015_064014.jpg,Rastrelliger Faughni,Highly Fresh,6,0,Rastrelliger Faughni | Highly Fresh
Rastrelliger Faughni - Highly Fresh/IMG_20191015_064024.jpg,Rastrelliger Faughni,Highly Fresh,6,0,Rastrelliger Faughni | Highly Fresh
Rastrelliger Faughni - Highly Fresh/IMG_20191015_064101.jpg,Rastrelliger Faughni,Highly Fresh,6,0,Rastrelliger Faughni | Highly Fresh
Rastrelliger Faughni - Highly Fresh/IMG_20191015_064126.jpg,Rastrelliger Faughni,Highly Fresh,6,0,Rastrelliger Faughni | Highly Fresh
Rastrelliger Faughni - Highly Fresh/IMG_20191015_064237.jpg,Rastrelliger Faughni,Highly Fresh,6,0,Rastrelliger Faughni | Highly Fresh
Rastrelliger Faughni - Highly Fresh/IMG_20191015_064244.jpg,Rastrelliger Faughni,Highly Fresh,6,0,Rastrelliger Faughni | Highly Fresh
Rastrelliger Faughni - Highly Fresh/IMG_20191015_064258.jpg,Rastrelliger Faughni,Highly Fresh,6,0,Rastrelliger Faughni | Highly Fresh
Rastrelliger Faughni - Highly Fresh/IMG_20191015_064312.jpg,Rastrelliger Faughni,Highly Fresh,6,0,Rastrelliger Faughni | Highly Fresh
Rastrelliger Faughni - Highly Fresh/IMG_20191015_064326.jpg,Rastrelliger Faughni,Highly Fresh,6,0,Rastrelliger Faughni | Highly Fresh
Rastrelliger Faughni - Highly Fresh/IMG_20191015_064334.jpg,Rastrelliger Faughni,Highly Fresh,6,0,Rastrelliger Faughni | Highly Fresh
Rastrelliger Faughni - Highly Fresh/IMG_20191015_064400.jpg,Rastrelliger Faughni,Highly Fresh,6,0,Rastrelliger Faughni | Highly Fresh
Rastrelliger Faughni - Highly Fresh/IMG_20191015_064409.jpg,Rastrelliger Faughni,Highly Fresh,6,0,Rastrelliger Faughni | Highly Fresh
Rastrelliger Faughni - Highly Fresh/IMG_20191015_064446.jpg,Rastrelliger Faughni,Highly Fresh,6,0,Rastrelliger Faughni | Highly Fresh
Rastrelliger Faughni - Highly Fresh/IMG_20191015_064500.jpg,Rastrelliger Faughni,Highly Fresh,6,0,Rastrelliger Faughni | Highly Fresh
Rastrelliger Faughni - Highly Fresh/IMG_20191015_064518.jpg,Rastrelliger Faughni,Highly Fresh,6,0,Rastrelliger Faughni | Highly Fresh
Rastrelliger Faughni - Highly Fresh/IMG_20191015_064531.jpg,Rastrelliger Faughni,Highly Fresh,6,0,Rastrelliger Faughni | Highly Fresh
Rastrelliger Faughni - Highly Fresh/IMG_20191015_064546.jpg,Rastrelliger Faughni,Highly Fresh,6,0,Rastrelliger Faughni | Highly Fresh
Rastrelliger Faughni - Highly Fresh/IMG_20191015_064556.jpg,Rastrelliger Faughni,Highly Fresh,6,0,Rastrelliger Faughni | Highly Fresh
Rastrelliger Faughni - Highly Fresh/IMG_20191015_064616.jpg,Rastrelliger Faughni,Highly Fresh,6,0,Rastrelliger Faughni | Highly Fresh
Rastrelliger Faughni - Highly Fresh/IMG_20191015_064637.jpg,Rastrelliger Faughni,Highly Fresh,6,0,Rastrelliger Faughni | Highly Fresh
Rastrelliger Faughni - Highly Fresh/IMG_20191015_064736.jpg,Rastrelliger Faughni,Highly Fresh,6,0,Rastrelliger Faughni | Highly Fresh
Rastrelliger Faughni - Highly Fresh/IMG_20191015_064744.jpg,Rastrelliger Faughni,Highly Fresh,6,0,Rastrelliger Faughni | Highly Fresh
Rastrelliger Faughni - Highly Fresh/IMG_20191015_064832.jpg,Rastrelliger Faughni,Highly Fresh,6,0,Rastrelliger Faughni | Highly Fresh
Rastrelliger Faughni - Highly Fresh/IMG_20191015_064852.jpg,Rastrelliger Faughni,Highly Fresh,6,0,Rastrelliger Faughni | Highly Fresh
Rastrelliger Faughni - Highly Fresh/IMG_20191015_064905.jpg,Rastrelliger Faughni,Highly Fresh,6,0,Rastrelliger Faughni | Highly Fresh
Rastrelliger Faughni - Highly Fresh/IMG_20191015_064923.jpg,Rastrelliger Faughni,Highly Fresh,6,0,Rastrelliger Faughni | Highly Fresh
Rastrelliger Faughni - Highly Fresh/IMG_20191015_064949.jpg,Rastrelliger Faughni,Highly Fresh,6,0,Rastrelliger Faughni | Highly Fresh
Rastrelliger Faughni - Highly Fresh/IMG_20191015_065005.jpg,Rastrelliger Faughni,Highly Fresh,6,0,Rastrelliger Faughni | Highly Fresh
Rastrelliger Faughni - Highly Fresh/IMG_20191110_055518_1.jpg,Rastrelliger Faughni,Highly Fresh,6,0,Rastrelliger Faughni | Highly Fresh
Rastrelliger Faughni - Highly Fresh/IMG_20191110_055518_2.jpg,Rastrelliger Faughni,Highly Fresh,6,0,Rastrelliger Faughni | Highly Fresh
Rastrelliger Faughni - Highly Fresh/IMG_20191110_055518_3.jpg,Rastrelliger Faughni,Highly Fresh,6,0,Rastrelliger Faughni | Highly Fresh
Rastrelliger Faughni - Highly Fresh/IMG_20191110_055518_4.jpg,Rastrelliger Faughni,Highly Fresh,6,0,Rastrelliger Faughni | Highly Fresh
Rastrelliger Faughni - Highly Fresh/IMG_20191110_055522_1.jpg,Rastrelliger Faughni,Highly Fresh,6,0,Rastrelliger Faughni | Highly Fresh
Rastrelliger Faughni - Highly Fresh/IMG_20191110_055522_2.jpg,Rastrelliger Faughni,Highly Fresh,6,0,Rastrelliger Faughni | Highly Fresh
Rastrelliger Faughni - Highly Fresh/IMG_20191110_055522_3.jpg,Rastrelliger Faughni,Highly Fresh,6,0,Rastrelliger Faughni | Highly Fresh
Rastrelliger Faughni - Highly Fresh/IMG_20191110_055522_4.jpg,Rastrelliger Faughni,Highly Fresh,6,0,Rastrelliger Faughni | Highly Fresh
Rastrelliger Faughni - Highly Fresh/IMG_20191110_055522_5.jpg,Rastrelliger Faughni,Highly Fresh,6,0,Rastrelliger Faughni | Highly Fresh
Rastrelliger Faughni - Highly Fresh/IMG_20191110_055526_1.jpg,Rastrelliger Faughni,Highly Fresh,6,0,Rastrelliger Faughni | Highly Fresh
Rastrelliger Faughni - Highly Fresh/IMG_20191110_055526_2.jpg,Rastrelliger Faughni,Highly Fresh,6,0,Rastrelliger Faughni | Highly Fresh
Rastrelliger Faughni - Highly Fresh/IMG_20191110_055526_3.jpg,Rastrelliger Faughni,Highly Fresh,6,0,Rastrelliger Faughni | Highly Fresh
Rastrelliger Faughni - Highly Fresh/IMG_20191110_055529_1.jpg,Rastrelliger Faughni,Highly Fresh,6,0,Rastrelliger Faughni | Highly Fresh
Rastrelliger Faughni - Highly Fresh/IMG_20191110_055529_2.jpg,Rastrelliger Faughni,Highly Fresh,6,0,Rastrelliger Faughni | Highly Fresh
Rastrelliger Faughni - Highly Fresh/IMG_20191110_055529_3.jpg,Rastrelliger Faughni,Highly Fresh,6,0,Rastrelliger Faughni | Highly Fresh
Rastrelliger Faughni - Highly Fresh/IMG_20191110_055529_4.jpg,Rastrelliger Faughni,Highly Fresh,6,0,Rastrelliger Faughni | Highly Fresh
Rastrelliger Faughni - Highly Fresh/IMG_20191110_055533_1.jpg,Rastrelliger Faughni,Highly Fresh,6,0,Rastrelliger Faughni | Highly Fresh
Rastrelliger Faughni - Highly Fresh/IMG_20191110_055533_2.jpg,Rastrelliger Faughni,Highly Fresh,6,0,Rastrelliger Faughni | Highly Fresh
Rastrelliger Faughni - Highly Fresh/IMG_20191110_055533_3.jpg,Rastrelliger Faughni,Highly Fresh,6,0,Rastrelliger Faughni | Highly Fresh
Rastrelliger Faughni - Highly Fresh/IMG_20191110_055538_1.jpg,Rastrelliger Faughni,Highly Fresh,6,0,Rastrelliger Faughni | Highly Fresh
Rastrelliger Faughni - Highly Fresh/IMG_20191110_055538_2.jpg,Rastrelliger Faughni,Highly Fresh,6,0,Rastrelliger Faughni | Highly Fresh
Rastrelliger Faughni - Highly Fresh/IMG_20191110_055538_3.jpg,Rastrelliger Faughni,Highly Fresh,6,0,Rastrelliger Faughni | Highly Fresh
Rastrelliger Faughni - Highly Fresh/IMG_20191110_055538_4.jpg,Rastrelliger Faughni,Highly Fresh,6,0,Rastrelliger Faughni | Highly Fresh
Rastrelliger Faughni - Highly Fresh/IMG_20191110_055538_5.jpg,Rastrelliger Faughni,Highly Fresh,6,0,Rastrelliger Faughni | Highly Fresh
Rastrelliger Faughni - Highly Fresh/IMG_20191110_055542_1.jpg,Rastrelliger Faughni,Highly Fresh,6,0,Rastrelliger Faughni | Highly Fresh
Rastrelliger Faughni - Highly Fresh/IMG_20191110_055542_2.jpg,Rastrelliger Faughni,Highly Fresh,6,0,Rastrelliger Faughni | Highly Fresh
Rastrelliger Faughni - Highly Fresh/IMG_20191110_055542_3.jpg,Rastrelliger Faughni,Highly Fresh,6,0,Rastrelliger Faughni | Highly Fresh
Rastrelliger Faughni - Highly Fresh/IMG_20191110_055549_1.jpg,Rastrelliger Faughni,Highly Fresh,6,0,Rastrelliger Faughni | Highly Fresh
Rastrelliger Faughni - Highly Fresh/IMG_20191110_055549_2.jpg,Rastrelliger Faughni,Highly Fresh,6,0,Rastrelliger Faughni | Highly Fresh
Rastrelliger Faughni - Highly Fresh/IMG_20191110_055549_3.jpg,Rastrelliger Faughni,Highly Fresh,6,0,Rastrelliger Faughni | Highly Fresh
Rastrelliger Faughni - Highly Fresh/IMG_20191110_055549_4.jpg,Rastrelliger Faughni,Highly Fresh,6,0,Rastrelliger Faughni | Highly Fresh
Rastrelliger Faughni - Highly Fresh/IMG_20191110_055549_5.jpg,Rastrelliger Faughni,Highly Fresh,6,0,Rastrelliger Faughni | Highly Fresh
Rastrelliger Faughni - Highly Fresh/IMG_20191110_055554_1.jpg,Rastrelliger Faughni,Highly Fresh,6,0,Rastrelliger Faughni | Highly Fresh
Rastrelliger Faughni - Highly Fresh/IMG_20191110_055554_2.jpg,Rastrelliger Faughni,Highly Fresh,6,0,Rastrelliger Faughni | Highly Fresh
Rastrelliger Faughni - Highly Fresh/IMG_20191110_055554_3.jpg,Rastrelliger Faughni,Highly Fresh,6,0,Rastrelliger Faughni | Highly Fresh
Rastrelliger Faughni - Highly Fresh/IMG_20191110_055554_4.jpg,Rastrelliger Faughni,Highly Fresh,6,0,Rastrelliger Faughni | Highly Fresh
Rastrelliger Faughni - Highly Fresh/IMG_20191110_055554_5.jpg,Rastrelliger Faughni,Highly Fresh,6,0,Rastrelliger Faughni | Highly Fresh
Rastrelliger Faughni - Highly Fresh/IMG_20191110_055554_6.jpg,Rastrelliger Faughni,Highly Fresh,6,0,Rastrelliger Faughni | Highly Fresh
Rastrelliger Faughni - Highly Fresh/IMG_20191110_055554_7.jpg,Rastrelliger Faughni,Highly Fresh,6,0,Rastrelliger Faughni | Highly Fresh
Rastrelliger Faughni - Highly Fresh/IMG_20191110_055554_8.jpg,Rastrelliger Faughni,Highly Fresh,6,0,Rastrelliger Faughni | Highly Fresh
Rastrelliger Faughni - Highly Fresh/IMG_20191110_055554_9.jpg,Rastrelliger Faughni,Highly Fresh,6,0,Rastrelliger Faughni | Highly Fresh
Rastrelliger Faughni - Highly Fresh/IMG_20191110_055608_1.jpg,Rastrelliger Faughni,Highly Fresh,6,0,Rastrelliger Faughni | Highly Fresh
Rastrelliger Faughni - Highly Fresh/IMG_20191110_055608_2.jpg,Rastrelliger Faughni,Highly Fresh,6,0,Rastrelliger Faughni | Highly Fresh
Rastrelliger Faughni - Highly Fresh/IMG_20191110_055608_3.jpg,Rastrelliger Faughni,Highly Fresh,6,0,Rastrelliger Faughni | Highly Fresh
Rastrelliger Faughni - Highly Fresh/IMG_20191110_055608_4.jpg,Rastrelliger Faughni,Highly Fresh,6,0,Rastrelliger Faughni | Highly Fresh
Rastrelliger Faughni - Highly Fresh/IMG_20191110_055608_5.jpg,Rastrelliger Faughni,Highly Fresh,6,0,Rastrelliger Faughni | Highly Fresh
Rastrelliger Faughni - Highly Fresh/IMG_20191110_055608_6.jpg,Rastrelliger Faughni,Highly Fresh,6,0,Rastrelliger Faughni | Highly Fresh
Rastrelliger Faughni - Highly Fresh/IMG_20191110_055608_7.jpg,Rastrelliger Faughni,Highly Fresh,6,0,Rastrelliger Faughni | Highly Fresh
Rastrelliger Faughni - Highly Fresh/IMG_20191110_055612_1.jpg,Rastrelliger Faughni,Highly Fresh,6,0,Rastrelliger Faughni | Highly Fresh
Rastrelliger Faughni - Highly Fresh/IMG_20191110_055612_2.jpg,Rastrelliger Faughni,Highly Fresh,6,0,Rastrelliger Faughni | Highly Fresh
Rastrelliger Faughni - Highly Fresh/IMG_20191110_055612_3.jpg,Rastrelliger Faughni,Highly Fresh,6,0,Rastrelliger Faughni | Highly Fresh
Rastrelliger Faughni - Highly Fresh/IMG_20191110_055612_4.jpg,Rastrelliger Faughni,Highly Fresh,6,0,Rastrelliger Faughni | Highly Fresh
Rastrelliger Faughni - Highly Fresh/IMG_20191110_055620_1.jpg,Rastrelliger Faughni,Highly Fresh,6,0,Rastrelliger Faughni | Highly Fresh
Rastrelliger Faughni - Highly Fresh/IMG_20191110_055620_2.jpg,Rastrelliger Faughni,Highly Fresh,6,0,Rastrelliger Faughni | Highly Fresh
Rastrelliger Faughni - Highly Fresh/IMG_20191110_055620_3.jpg,Rastrelliger Faughni,Highly Fresh,6,0,Rastrelliger Faughni | Highly Fresh
Rastrelliger Faughni - Highly Fresh/IMG_20191110_055620_4.jpg,Rastrelliger Faughni,Highly Fresh,6,0,Rastrelliger Faughni | Highly Fresh
Rastrelliger Faughni - Highly Fresh/IMG_20191110_055620_5.jpg,Rastrelliger Faughni,Highly Fresh,6,0,Rastrelliger Faughni | Highly Fresh
Rastrelliger Faughni - Highly Fresh/IMG_20191110_055620_6.jpg,Rastrelliger Faughni,Highly Fresh,6,0,Rastrelliger Faughni | Highly Fresh
Rastrelliger Faughni - Highly Fresh/IMG_20191110_055620_7.jpg,Rastrelliger Faughni,Highly Fresh,6,0,Rastrelliger Faughni | Highly Fresh
Rastrelliger Faughni - Highly Fresh/IMG_20191110_055620_8.jpg,Rastrelliger Faughni,Highly Fresh,6,0,Rastrelliger Faughni | Highly Fresh
Rastrelliger Faughni - Highly Fresh/IMG_20191110_055620_9.jpg,Rastrelliger Faughni,Highly Fresh,6,0,Rastrelliger Faughni | Highly Fresh
Rastrelliger Faughni - Highly Fresh/IMG_20191110_055628_1.jpg,Rastrelliger Faughni,Highly Fresh,6,0,Rastrelliger Faughni | Highly Fresh
Rastrelliger Faughni - Highly Fresh/IMG_20191110_055628_10.jpg,Rastrelliger Faughni,Highly Fresh,6,0,Rastrelliger Faughni | Highly Fresh
Rastrelliger Faughni - Highly Fresh/IMG_20191110_055628_11.jpg,Rastrelliger Faughni,Highly Fresh,6,0,Rastrelliger Faughni | Highly Fresh
Rastrelliger Faughni - Highly Fresh/IMG_20191110_055628_12.jpg,Rastrelliger Faughni,Highly Fresh,6,0,Rastrelliger Faughni | Highly Fresh
Rastrelliger Faughni - Highly Fresh/IMG_20191110_055628_2.jpg,Rastrelliger Faughni,Highly Fresh,6,0,Rastrelliger Faughni | Highly Fresh
Rastrelliger Faughni - Highly Fresh/IMG_20191110_055628_3.jpg,Rastrelliger Faughni,Highly Fresh,6,0,Rastrelliger Faughni | Highly Fresh
Rastrelliger Faughni - Highly Fresh/IMG_20191110_055628_4.jpg,Rastrelliger Faughni,Highly Fresh,6,0,Rastrelliger Faughni | Highly Fresh
Rastrelliger Faughni - Highly Fresh/IMG_20191110_055628_5.jpg,Rastrelliger Faughni,Highly Fresh,6,0,Rastrelliger Faughni | Highly Fresh
Rastrelliger Faughni - Highly Fresh/IMG_20191110_055628_6.jpg,Rastrelliger Faughni,Highly Fresh,6,0,Rastrelliger Faughni | Highly Fresh
Rastrelliger Faughni - Highly Fresh/IMG_20191110_055628_7.jpg,Rastrelliger Faughni,Highly Fresh,6,0,Rastrelliger Faughni | Highly Fresh
Rastrelliger Faughni - Highly Fresh/IMG_20191110_055628_8.jpg,Rastrelliger Faughni,Highly Fresh,6,0,Rastrelliger Faughni | Highly Fresh
Rastrelliger Faughni - Highly Fresh/IMG_20191110_055628_9.jpg,Rastrelliger Faughni,Highly Fresh,6,0,Rastrelliger Faughni | Highly Fresh
Rastrelliger Faughni - Highly Fresh/IMG_20191110_055641_1.jpg,Rastrelliger Faughni,Highly Fresh,6,0,Rastrelliger Faughni | Highly Fresh
Rastrelliger Faughni - Highly Fresh/IMG_20191110_055641_2.jpg,Rastrelliger Faughni,Highly Fresh,6,0,Rastrelliger Faughni | Highly Fresh
Rastrelliger Faughni - Highly Fresh/IMG_20191110_055641_3.jpg,Rastrelliger Faughni,Highly Fresh,6,0,Rastrelliger Faughni | Highly Fresh
Rastrelliger Faughni - Highly Fresh/IMG_20191110_055641_4.jpg,Rastrelliger Faughni,Highly Fresh,6,0,Rastrelliger Faughni | Highly Fresh
Rastrelliger Faughni - Highly Fresh/IMG_20191110_055641_5.jpg,Rastrelliger Faughni,Highly Fresh,6,0,Rastrelliger Faughni | Highly Fresh
Rastrelliger Faughni - Highly Fresh/IMG_20191110_055641_6.jpg,Rastrelliger Faughni,Highly Fresh,6,0,Rastrelliger Faughni | Highly Fresh
Rastrelliger Faughni - Highly Fresh/IMG_20191110_055641_7.jpg,Rastrelliger Faughni,Highly Fresh,6,0,Rastrelliger Faughni | Highly Fresh
Rastrelliger Faughni - Highly Fresh/IMG_20191110_055648_1.jpg,Rastrelliger Faughni,Highly Fresh,6,0,Rastrelliger Faughni | Highly Fresh
Rastrelliger Faughni - Highly Fresh/IMG_20191110_055648_2.jpg,Rastrelliger Faughni,Highly Fresh,6,0,Rastrelliger Faughni | Highly Fresh
Rastrelliger Faughni - Highly Fresh/IMG_20191110_055648_3.jpg,Rastrelliger Faughni,Highly Fresh,6,0,Rastrelliger Faughni | Highly Fresh
Rastrelliger Faughni - Highly Fresh/IMG_20191110_055648_4.jpg,Rastrelliger Faughni,Highly Fresh,6,0,Rastrelliger Faughni | Highly Fresh
Rastrelliger Faughni - Highly Fresh/IMG_20191110_055648_5.jpg,Rastrelliger Faughni,Highly Fresh,6,0,Rastrelliger Faughni | Highly Fresh
Rastrelliger Faughni - Highly Fresh/IMG_20191110_055648_6.jpg,Rastrelliger Faughni,Highly Fresh,6,0,Rastrelliger Faughni | Highly Fresh
Rastrelliger Faughni - Highly Fresh/IMG_20191110_055648_7.jpg,Rastrelliger Faughni,Highly Fresh,6,0,Rastrelliger Faughni | Highly Fresh
Rastrelliger Faughni - Highly Fresh/IMG_20191110_055648_8.jpg,Rastrelliger Faughni,Highly Fresh,6,0,Rastrelliger Faughni | Highly Fresh
Rastrelliger Faughni - Highly Fresh/IMG_20191110_074426.jpg,Rastrelliger Faughni,Highly Fresh,6,0,Rastrelliger Faughni | Highly Fresh
Rastrelliger Faughni - Highly Fresh/IMG_20191110_074435.jpg,Rastrelliger Faughni,Highly Fresh,6,0,Rastrelliger Faughni | Highly Fresh
Rastrelliger Faughni - Highly Fresh/IMG_20191110_074449.jpg,Rastrelliger Faughni,Highly Fresh,6,0,Rastrelliger Faughni | Highly Fresh
Rastrelliger Faughni - Highly Fresh/IMG_20191110_074458.jpg,Rastrelliger Faughni,Highly Fresh,6,0,Rastrelliger Faughni | Highly Fresh
Rastrelliger Faughni - Highly Fresh/IMG_20191110_074517.jpg,Rastrelliger Faughni,Highly Fresh,6,0,Rastrelliger Faughni | Highly Fresh
Rastrelliger Faughni - Highly Fresh/IMG_20191110_074522.jpg,Rastrelliger Faughni,Highly Fresh,6,0,Rastrelliger Faughni | Highly Fresh
Rastrelliger Faughni - Highly Fresh/IMG_20191110_074537.jpg,Rastrelliger Faughni,Highly Fresh,6,0,Rastrelliger Faughni | Highly Fresh
Rastrelliger Faughni - Highly Fresh/IMG_20191110_074546.jpg,Rastrelliger Faughni,Highly Fresh,6,0,Rastrelliger Faughni | Highly Fresh
Rastrelliger Faughni - Highly Fresh/IMG_20191110_074710.jpg,Rastrelliger Faughni,Highly Fresh,6,0,Rastrelliger Faughni | Highly Fresh
Rastrelliger Faughni - Highly Fresh/IMG_20191110_074717.jpg,Rastrelliger Faughni,Highly Fresh,6,0,Rastrelliger Faughni | Highly Fresh
Rastrelliger Faughni - Highly Fresh/IMG_20191110_074726.jpg,Rastrelliger Faughni,Highly Fresh,6,0,Rastrelliger Faughni | Highly Fresh
Rastrelliger Faughni - Highly Fresh/IMG_20191110_074732.jpg,Rastrelliger Faughni,Highly Fresh,6,0,Rastrelliger Faughni | Highly Fresh
Rastrelliger Faughni - Highly Fresh/IMG_20191110_074746.jpg,Rastrelliger Faughni,Highly Fresh,6,0,Rastrelliger Faughni | Highly Fresh
Rastrelliger Faughni - Highly Fresh/IMG_20191110_074752.jpg,Rastrelliger Faughni,Highly Fresh,6,0,Rastrelliger Faughni | Highly Fresh
Rastrelliger Faughni - Highly Fresh/IMG_20191110_074816.jpg,Rastrelliger Faughni,Highly Fresh,6,0,Rastrelliger Faughni | Highly Fresh
Rastrelliger Faughni - Highly Fresh/IMG_20191110_074819.jpg,Rastrelliger Faughni,Highly Fresh,6,0,Rastrelliger Faughni | Highly Fresh
Rastrelliger Faughni - Highly Fresh/IMG_20191110_074823.jpg,Rastrelliger Faughni,Highly Fresh,6,0,Rastrelliger Faughni | Highly Fresh
Rastrelliger Faughni - Highly Fresh/IMG_20191110_074828.jpg,Rastrelliger Faughni,Highly Fresh,6,0,Rastrelliger Faughni | Highly Fresh
Rastrelliger Faughni - Highly Fresh/IMG_20191110_074832.jpg,Rastrelliger Faughni,Highly Fresh,6,0,Rastrelliger Faughni | Highly Fresh
Rastrelliger Faughni - Highly Fresh/IMG_20191110_074835.jpg,Rastrelliger Faughni,Highly Fresh,6,0,Rastrelliger Faughni | Highly Fresh
Rastrelliger Faughni - Highly Fresh/IMG_20191110_074838.jpg,Rastrelliger Faughni,Highly Fresh,6,0,Rastrelliger Faughni | Highly Fresh
Rastrelliger Faughni - Highly Fresh/IMG_20191110_074854.jpg,Rastrelliger Faughni,Highly Fresh,6,0,Rastrelliger Faughni | Highly Fresh
Rastrelliger Faughni - Highly Fresh/IMG_20191110_074857.jpg,Rastrelliger Faughni,Highly Fresh,6,0,Rastrelliger Faughni | Highly Fresh
Rastrelliger Faughni - Highly Fresh/IMG_20191110_074901.jpg,Rastrelliger Faughni,Highly Fresh,6,0,Rastrelliger Faughni | Highly Fresh
Rastrelliger Faughni - Highly Fresh/IMG_20191110_074905.jpg,Rastrelliger Faughni,Highly Fresh,6,0,Rastrelliger Faughni | Highly Fresh
Rastrelliger Faughni - Highly Fresh/IMG_20191110_074912.jpg,Rastrelliger Faughni,Highly Fresh,6,0,Rastrelliger Faughni | Highly Fresh
Rastrelliger Faughni - Highly Fresh/IMG_20191110_074915.jpg,Rastrelliger Faughni,Highly Fresh,6,0,Rastrelliger Faughni | Highly Fresh
Rastrelliger Faughni - Highly Fresh/IMG_20191110_074930.jpg,Rastrelliger Faughni,Highly Fresh,6,0,Rastrelliger Faughni | Highly Fresh
Rastrelliger Faughni - Highly Fresh/IMG_20191110_074946_1.jpg,Rastrelliger Faughni,Highly Fresh,6,0,Rastrelliger Faughni | Highly Fresh
Rastrelliger Faughni - Highly Fresh/IMG_20191110_074946_2.jpg,Rastrelliger Faughni,Highly Fresh,6,0,Rastrelliger Faughni | Highly Fresh
Rastrelliger Faughni - Highly Fresh/IMG_20191110_074946_3.jpg,Rastrelliger Faughni,Highly Fresh,6,0,Rastrelliger Faughni | Highly Fresh
Rastrelliger Faughni - Highly Fresh/IMG_20191110_074946_4.jpg,Rastrelliger Faughni,Highly Fresh,6,0,Rastrelliger Faughni | Highly Fresh
Rastrelliger Faughni - Highly Fresh/IMG_20191110_074958_1.jpg,Rastrelliger Faughni,Highly Fresh,6,0,Rastrelliger Faughni | Highly Fresh
Rastrelliger Faughni - Highly Fresh/IMG_20191110_074958_2.jpg,Rastrelliger Faughni,Highly Fresh,6,0,Rastrelliger Faughni | Highly Fresh
Rastrelliger Faughni - Highly Fresh/IMG_20191110_074958_3.jpg,Rastrelliger Faughni,Highly Fresh,6,0,Rastrelliger Faughni | Highly Fresh
Rastrelliger Faughni - Highly Fresh/IMG_20191110_074958_4.jpg,Rastrelliger Faughni,Highly Fresh,6,0,Rastrelliger Faughni | Highly Fresh
Rastrelliger Faughni - Highly Fresh/IMG_20191110_074958_5.jpg,Rastrelliger Faughni,Highly Fresh,6,0,Rastrelliger Faughni | Highly Fresh
Rastrelliger Faughni - Highly Fresh/IMG_20191110_075010_1.jpg,Rastrelliger Faughni,Highly Fresh,6,0,Rastrelliger Faughni | Highly Fresh
Rastrelliger Faughni - Highly Fresh/IMG_20191110_075010_2.jpg,Rastrelliger Faughni,Highly Fresh,6,0,Rastrelliger Faughni | Highly Fresh
Rastrelliger Faughni - Highly Fresh/IMG_20191110_075010_3.jpg,Rastrelliger Faughni,Highly Fresh,6,0,Rastrelliger Faughni | Highly Fresh
Rastrelliger Faughni - Highly Fresh/IMG_20191110_075010_4.jpg,Rastrelliger Faughni,Highly Fresh,6,0,Rastrelliger Faughni | Highly Fresh
Rastrelliger Faughni - Highly Fresh/IMG_20191110_075010_5.jpg,Rastrelliger Faughni,Highly Fresh,6,0,Rastrelliger Faughni | Highly Fresh
Rastrelliger Faughni - Highly Fresh/IMG_20191110_075026_1.jpg,Rastrelliger Faughni,Highly Fresh,6,0,Rastrelliger Faughni | Highly Fresh
Rastrelliger Faughni - Highly Fresh/IMG_20191110_075026_2.jpg,Rastrelliger Faughni,Highly Fresh,6,0,Rastrelliger Faughni | Highly Fresh
Rastrelliger Faughni - Highly Fresh/IMG_20191110_075026_3.jpg,Rastrelliger Faughni,Highly Fresh,6,0,Rastrelliger Faughni | Highly Fresh
Rastrelliger Faughni - Highly Fresh/IMG_20191110_075026_4.jpg,Rastrelliger Faughni,Highly Fresh,6,0,Rastrelliger Faughni | Highly Fresh
Rastrelliger Faughni - Highly Fresh/IMG_20191110_075104.jpg,Rastrelliger Faughni,Highly Fresh,6,0,Rastrelliger Faughni | Highly Fresh
Rastrelliger Faughni - Highly Fresh/IMG_20191110_075107.jpg,Rastrelliger Faughni,Highly Fresh,6,0,Rastrelliger Faughni | Highly Fresh
Rastrelliger Faughni - Highly Fresh/IMG_20191110_075111.jpg,Rastrelliger Faughni,Highly Fresh,6,0,Rastrelliger Faughni | Highly Fresh
Rastrelliger Faughni - Highly Fresh/IMG_20191110_075113.jpg,Rastrelliger Faughni,Highly Fresh,6,0,Rastrelliger Faughni | Highly Fresh
Rastrelliger Faughni - Highly Fresh/IMG_20191110_075116.jpg,Rastrelliger Faughni,Highly Fresh,6,0,Rastrelliger Faughni | Highly Fresh
Rastrelliger Faughni - Highly Fresh/IMG_20191110_075121.jpg,Rastrelliger Faughni,Highly Fresh,6,0,Rastrelliger Faughni | Highly Fresh
Rastrelliger Faughni - Highly Fresh/IMG_20191110_075138.jpg,Rastrelliger Faughni,Highly Fresh,6,0,Rastrelliger Faughni | Highly Fresh
Rastrelliger Faughni - Highly Fresh/IMG_20191110_075141.jpg,Rastrelliger Faughni,Highly Fresh,6,0,Rastrelliger Faughni | Highly Fresh
Rastrelliger Faughni - Highly Fresh/IMG_20191110_075147.jpg,Rastrelliger Faughni,Highly Fresh,6,0,Rastrelliger Faughni | Highly Fresh
Rastrelliger Faughni - Highly Fresh/IMG_20191110_075152.jpg,Rastrelliger Faughni,Highly Fresh,6,0,Rastrelliger Faughni | Highly Fresh
Rastrelliger Faughni - Highly Fresh/IMG_20191110_075156.jpg,Rastrelliger Faughni,Highly Fresh,6,0,Rastrelliger Faughni | Highly Fresh
Rastrelliger Faughni - Highly Fresh/IMG_20191110_075158.jpg,Rastrelliger Faughni,Highly Fresh,6,0,Rastrelliger Faughni | Highly Fresh
Rastrelliger Faughni - Highly Fresh/IMG_20191110_075245_1.jpg,Rastrelliger Faughni,Highly Fresh,6,0,Rastrelliger Faughni | Highly Fresh
Rastrelliger Faughni - Highly Fresh/IMG_20191110_075245_2.jpg,Rastrelliger Faughni,Highly Fresh,6,0,Rastrelliger Faughni | Highly Fresh
Rastrelliger Faughni - Highly Fresh/IMG_20191110_075245_3.jpg,Rastrelliger Faughni,Highly Fresh,6,0,Rastrelliger Faughni | Highly Fresh
Rastrelliger Faughni - Highly Fresh/IMG_20191110_075245_4.jpg,Rastrelliger Faughni,Highly Fresh,6,0,Rastrelliger Faughni | Highly Fresh
Rastrelliger Faughni - Highly Fresh/IMG_20191110_075312_1.jpg,Rastrelliger Faughni,Highly Fresh,6,0,Rastrelliger Faughni | Highly Fresh
Rastrelliger Faughni - Highly Fresh/IMG_20191110_075312_2.jpg,Rastrelliger Faughni,Highly Fresh,6,0,Rastrelliger Faughni | Highly Fresh
Rastrelliger Faughni - Highly Fresh/IMG_20191110_075312_3.jpg,Rastrelliger Faughni,Highly Fresh,6,0,Rastrelliger Faughni | Highly Fresh
Rastrelliger Faughni - Highly Fresh/IMG_20191110_075312_4.jpg,Rastrelliger Faughni,Highly Fresh,6,0,Rastrelliger Faughni | Highly Fresh
Rastrelliger Faughni - Highly Fresh/IMG_20191110_075312_5.jpg,Rastrelliger Faughni,Highly Fresh,6,0,Rastrelliger Faughni | Highly Fresh
Rastrelliger Faughni - Highly Fresh/IMG_20191110_075320_1.jpg,Rastrelliger Faughni,Highly Fresh,6,0,Rastrelliger Faughni | Highly Fresh
Rastrelliger Faughni - Highly Fresh/IMG_20191110_075320_2.jpg,Rastrelliger Faughni,Highly Fresh,6,0,Rastrelliger Faughni | Highly Fresh
Rastrelliger Faughni - Highly Fresh/IMG_20191110_075320_3.jpg,Rastrelliger Faughni,Highly Fresh,6,0,Rastrelliger Faughni | Highly Fresh
Rastrelliger Faughni - Highly Fresh/IMG_20191110_075320_4.jpg,Rastrelliger Faughni,Highly Fresh,6,0,Rastrelliger Faughni | Highly Fresh
Rastrelliger Faughni - Highly Fresh/IMG_20191110_075351_1.jpg,Rastrelliger Faughni,Highly Fresh,6,0,Rastrelliger Faughni | Highly Fresh
Rastrelliger Faughni - Highly Fresh/IMG_20191110_075351_2.jpg,Rastrelliger Faughni,Highly Fresh,6,0,Rastrelliger Faughni | Highly Fresh
Rastrelliger Faughni - Highly Fresh/IMG_20191110_075351_3.jpg,Rastrelliger Faughni,Highly Fresh,6,0,Rastrelliger Faughni | Highly Fresh
Rastrelliger Faughni - Highly Fresh/IMG_20191110_075351_4.jpg,Rastrelliger Faughni,Highly Fresh,6,0,Rastrelliger Faughni | Highly Fresh
Rastrelliger Faughni - Highly Fresh/IMG_20191110_075351_5.jpg,Rastrelliger Faughni,Highly Fresh,6,0,Rastrelliger Faughni | Highly Fresh
Rastrelliger Faughni - Highly Fresh/IMG_20191110_075406_1.jpg,Rastrelliger Faughni,Highly Fresh,6,0,Rastrelliger Faughni | Highly Fresh
Rastrelliger Faughni - Highly Fresh/IMG_20191110_075406_2.jpg,Rastrelliger Faughni,Highly Fresh,6,0,Rastrelliger Faughni | Highly Fresh
Rastrelliger Faughni - Highly Fresh/IMG_20191110_075406_3.jpg,Rastrelliger Faughni,Highly Fresh,6,0,Rastrelliger Faughni | Highly Fresh
Rastrelliger Faughni - Highly Fresh/IMG_20191110_075406_4.jpg,Rastrelliger Faughni,Highly Fresh,6,0,Rastrelliger Faughni | Highly Fresh
Rastrelliger Faughni - Highly Fresh/IMG_20191110_075406_5.jpg,Rastrelliger Faughni,Highly Fresh,6,0,Rastrelliger Faughni | Highly Fresh
Rastrelliger Faughni - Highly Fresh/IMG_20191110_075406_6.jpg,Rastrelliger Faughni,Highly Fresh,6,0,Rastrelliger Faughni | Highly Fresh
Rastrelliger Faughni - Highly Fresh/IMG_20191110_075422_1.jpg,Rastrelliger Faughni,Highly Fresh,6,0,Rastrelliger Faughni | Highly Fresh
Rastrelliger Faughni - Highly Fresh/IMG_20191110_075422_2.jpg,Rastrelliger Faughni,Highly Fresh,6,0,Rastrelliger Faughni | Highly Fresh
Rastrelliger Faughni - Highly Fresh/IMG_20191110_075422_3.jpg,Rastrelliger Faughni,Highly Fresh,6,0,Rastrelliger Faughni | Highly Fresh
Rastrelliger Faughni - Highly Fresh/IMG_20191110_075422_4.jpg,Rastrelliger Faughni,Highly Fresh,6,0,Rastrelliger Faughni | Highly Fresh
Rastrelliger Faughni - Highly Fresh/IMG_20191110_075422_5.jpg,Rastrelliger Faughni,Highly Fresh,6,0,Rastrelliger Faughni | Highly Fresh
Rastrelliger Faughni - Highly Fresh/IMG_20191111_061609.jpg,Rastrelliger Faughni,Highly Fresh,6,0,Rastrelliger Faughni | Highly Fresh
Rastrelliger Faughni - Highly Fresh/IMG_20191111_061618.jpg,Rastrelliger Faughni,Highly Fresh,6,0,Rastrelliger Faughni | Highly Fresh
Rastrelliger Faughni - Highly Fresh/IMG_20191111_061633.jpg,Rastrelliger Faughni,Highly Fresh,6,0,Rastrelliger Faughni | Highly Fresh
Rastrelliger Faughni - Highly Fresh/IMG_20191111_061646.jpg,Rastrelliger Faughni,Highly Fresh,6,0,Rastrelliger Faughni | Highly Fresh
Rastrelliger Faughni - Highly Fresh/IMG_20191111_061705.jpg,Rastrelliger Faughni,Highly Fresh,6,0,Rastrelliger Faughni | Highly Fresh
Rastrelliger Faughni - Highly Fresh/IMG_20191111_061718.jpg,Rastrelliger Faughni,Highly Fresh,6,0,Rastrelliger Faughni | Highly Fresh
Rastrelliger Faughni - Highly Fresh/IMG_20191111_061740.jpg,Rastrelliger Faughni,Highly Fresh,6,0,Rastrelliger Faughni | Highly Fresh
Rastrelliger Faughni - Highly Fresh/IMG_20191111_061750.jpg,Rastrelliger Faughni,Highly Fresh,6,0,Rastrelliger Faughni | Highly Fresh
Rastrelliger Faughni - Highly Fresh/IMG_20191111_061759.jpg,Rastrelliger Faughni,Highly Fresh,6,0,Rastrelliger Faughni | Highly Fresh
Rastrelliger Faughni - Highly Fresh/IMG_20191111_061809.jpg,Rastrelliger Faughni,Highly Fresh,6,0,Rastrelliger Faughni | Highly Fresh
Rastrelliger Faughni - Highly Fresh/IMG_20191111_061822.jpg,Rastrelliger Faughni,Highly Fresh,6,0,Rastrelliger Faughni | Highly Fresh
Rastrelliger Faughni - Highly Fresh/IMG_20191111_061829.jpg,Rastrelliger Faughni,Highly Fresh,6,0,Rastrelliger Faughni | Highly Fresh
Rastrelliger Faughni - Highly Fresh/IMG_20191111_061841.jpg,Rastrelliger Faughni,Highly Fresh,6,0,Rastrelliger Faughni | Highly Fresh
Rastrelliger Faughni - Highly Fresh/IMG_20191111_061848.jpg,Rastrelliger Faughni,Highly Fresh,6,0,Rastrelliger Faughni | Highly Fresh
Rastrelliger Faughni - Highly Fresh/IMG_20191111_061929_1.jpg,Rastrelliger Faughni,Highly Fresh,6,0,Rastrelliger Faughni | Highly Fresh
Rastrelliger Faughni - Highly Fresh/IMG_20191111_061929_2.jpg,Rastrelliger Faughni,Highly Fresh,6,0,Rastrelliger Faughni | Highly Fresh
Rastrelliger Faughni - Highly Fresh/IMG_20191111_061939_1.jpg,Rastrelliger Faughni,Highly Fresh,6,0,Rastrelliger Faughni | Highly Fresh
Rastrelliger Faughni - Highly Fresh/IMG_20191111_061939_2.jpg,Rastrelliger Faughni,Highly Fresh,6,0,Rastrelliger Faughni | Highly Fresh
Rastrelliger Faughni - Highly Fresh/IMG_20191111_061939_3.jpg,Rastrelliger Faughni,Highly Fresh,6,0,Rastrelliger Faughni | Highly Fresh
Rastrelliger Faughni - Highly Fresh/IMG_20191111_062043.jpg,Rastrelliger Faughni,Highly Fresh,6,0,Rastrelliger Faughni | Highly Fresh
Rastrelliger Faughni - Highly Fresh/IMG_20191111_062049.jpg,Rastrelliger Faughni,Highly Fresh,6,0,Rastrelliger Faughni | Highly Fresh
Rastrelliger Faughni - Highly Fresh/IMG_20191111_062053.jpg,Rastrelliger Faughni,Highly Fresh,6,0,Rastrelliger Faughni | Highly Fresh
Rastrelliger Faughni - Highly Fresh/IMG_20191111_062057.jpg,Rastrelliger Faughni,Highly Fresh,6,0,Rastrelliger Faughni | Highly Fresh
Rastrelliger Faughni - Highly Fresh/IMG_20191111_062101.jpg,Rastrelliger Faughni,Highly Fresh,6,0,Rastrelliger Faughni | Highly Fresh
Rastrelliger Faughni - Highly Fresh/IMG_20191111_062104.jpg,Rastrelliger Faughni,Highly Fresh,6,0,Rastrelliger Faughni | Highly Fresh
Rastrelliger Faughni - Highly Fresh/IMG_20191111_062111.jpg,Rastrelliger Faughni,Highly Fresh,6,0,Rastrelliger Faughni | Highly Fresh
Rastrelliger Faughni - Highly Fresh/IMG_20191111_062131.jpg,Rastrelliger Faughni,Highly Fresh,6,0,Rastrelliger Faughni | Highly Fresh
Rastrelliger Faughni - Highly Fresh/IMG_20191111_062135.jpg,Rastrelliger Faughni,Highly Fresh,6,0,Rastrelliger Faughni | Highly Fresh
Rastrelliger Faughni - Highly Fresh/IMG_20191111_062139.jpg,Rastrelliger Faughni,Highly Fresh,6,0,Rastrelliger Faughni | Highly Fresh
Rastrelliger Faughni - Highly Fresh/IMG_20191111_062147.jpg,Rastrelliger Faughni,Highly Fresh,6,0,Rastrelliger Faughni | Highly Fresh
Rastrelliger Faughni - Highly Fresh/IMG_20191111_062153.jpg,Rastrelliger Faughni,Highly Fresh,6,0,Rastrelliger Faughni | Highly Fresh
Rastrelliger Faughni - Highly Fresh/IMG_20191111_062158.jpg,Rastrelliger Faughni,Highly Fresh,6,0,Rastrelliger Faughni | Highly Fresh
Rastrelliger Faughni - Highly Fresh/IMG_20191111_062202.jpg,Rastrelliger Faughni,Highly Fresh,6,0,Rastrelliger Faughni | Highly Fresh
Rastrelliger Faughni - Highly Fresh/IMG_20191111_062228_1.jpg,Rastrelliger Faughni,Highly Fresh,6,0,Rastrelliger Faughni | Highly Fresh
Rastrelliger Faughni - Highly Fresh/IMG_20191111_062228_2.jpg,Rastrelliger Faughni,Highly Fresh,6,0,Rastrelliger Faughni | Highly Fresh
Rastrelliger Faughni - Highly Fresh/IMG_20191111_062232_1.jpg,Rastrelliger Faughni,Highly Fresh,6,0,Rastrelliger Faughni | Highly Fresh
Rastrelliger Faughni - Highly Fresh/IMG_20191111_062232_2.jpg,Rastrelliger Faughni,Highly Fresh,6,0,Rastrelliger Faughni | Highly Fresh
Rastrelliger Faughni - Highly Fresh/IMG_20191111_062235_1.jpg,Rastrelliger Faughni,Highly Fresh,6,0,Rastrelliger Faughni | Highly Fresh
Rastrelliger Faughni - Highly Fresh/IMG_20191111_062235_2.jpg,Rastrelliger Faughni,Highly Fresh,6,0,Rastrelliger Faughni | Highly Fresh
Rastrelliger Faughni - Highly Fresh/IMG_20191111_062249_1.jpg,Rastrelliger Faughni,Highly Fresh,6,0,Rastrelliger Faughni | Highly Fresh
Rastrelliger Faughni - Highly Fresh/IMG_20191111_062249_2.jpg,Rastrelliger Faughni,Highly Fresh,6,0,Rastrelliger Faughni | Highly Fresh
Rastrelliger Faughni - Highly Fresh/IMG_20191111_062252_1.jpg,Rastrelliger Faughni,Highly Fresh,6,0,Rastrelliger Faughni | Highly Fresh
Rastrelliger Faughni - Highly Fresh/IMG_20191111_062252_2.jpg,Rastrelliger Faughni,Highly Fresh,6,0,Rastrelliger Faughni | Highly Fresh
Rastrelliger Faughni - Highly Fresh/IMG_20191111_062255_1.jpg,Rastrelliger Faughni,Highly Fresh,6,0,Rastrelliger Faughni | Highly Fresh
Rastrelliger Faughni - Highly Fresh/IMG_20191111_062255_2.jpg,Rastrelliger Faughni,Highly Fresh,6,0,Rastrelliger Faughni | Highly Fresh
Rastrelliger Faughni - Highly Fresh/IMG_20191111_062306_1.jpg,Rastrelliger Faughni,Highly Fresh,6,0,Rastrelliger Faughni | Highly Fresh
Rastrelliger Faughni - Highly Fresh/IMG_20191111_062306_2.jpg,Rastrelliger Faughni,Highly Fresh,6,0,Rastrelliger Faughni | Highly Fresh
Rastrelliger Faughni - Highly Fresh/IMG_20191111_062306_3.jpg,Rastrelliger Faughni,Highly Fresh,6,0,Rastrelliger Faughni | Highly Fresh
Rastrelliger Faughni - Highly Fresh/IMG_20191111_062306_4.jpg,Rastrelliger Faughni,Highly Fresh,6,0,Rastrelliger Faughni | Highly Fresh
Rastrelliger Faughni - Highly Fresh/IMG_20191111_062345_1.jpg,Rastrelliger Faughni,Highly Fresh,6,0,Rastrelliger Faughni | Highly Fresh
Rastrelliger Faughni - Highly Fresh/IMG_20191111_062345_2.jpg,Rastrelliger Faughni,Highly Fresh,6,0,Rastrelliger Faughni | Highly Fresh
Rastrelliger Faughni - Highly Fresh/IMG_20191111_062345_3.jpg,Rastrelliger Faughni,Highly Fresh,6,0,Rastrelliger Faughni | Highly Fresh
Rastrelliger Faughni - Highly Fresh/IMG_20191111_062345_4.jpg,Rastrelliger Faughni,Highly Fresh,6,0,Rastrelliger Faughni | Highly Fresh
Rastrelliger Faughni - Highly Fresh/IMG_20191111_062345_5.jpg,Rastrelliger Faughni,Highly Fresh,6,0,Rastrelliger Faughni | Highly Fresh
Rastrelliger Faughni - Highly Fresh/IMG_20191111_062359.jpg,Rastrelliger Faughni,Highly Fresh,6,0,Rastrelliger Faughni | Highly Fresh
Rastrelliger Faughni - Highly Fresh/IMG_20191111_062411.jpg,Rastrelliger Faughni,Highly Fresh,6,0,Rastrelliger Faughni | Highly Fresh
Rastrelliger Faughni - Highly Fresh/IMG_20191111_062441_1.jpg,Rastrelliger Faughni,Highly Fresh,6,0,Rastrelliger Faughni | Highly Fresh
Rastrelliger Faughni - Highly Fresh/IMG_20191111_062441_2.jpg,Rastrelliger Faughni,Highly Fresh,6,0,Rastrelliger Faughni | Highly Fresh
Rastrelliger Faughni - Highly Fresh/IMG_20191111_062510_1.jpg,Rastrelliger Faughni,Highly Fresh,6,0,Rastrelliger Faughni | Highly Fresh
Rastrelliger Faughni - Highly Fresh/IMG_20191111_062510_2.jpg,Rastrelliger Faughni,Highly Fresh,6,0,Rastrelliger Faughni | Highly Fresh
Rastrelliger Faughni - Highly Fresh/IMG_20191111_062534_1.jpg,Rastrelliger Faughni,Highly Fresh,6,0,Rastrelliger Faughni | Highly Fresh
Rastrelliger Faughni - Highly Fresh/IMG_20191111_062537.jpg,Rastrelliger Faughni,Highly Fresh,6,0,Rastrelliger Faughni | Highly Fresh
Rastrelliger Faughni - Highly Fresh/IMG_20191111_062541.jpg,Rastrelliger Faughni,Highly Fresh,6,0,Rastrelliger Faughni | Highly Fresh
Rastrelliger Faughni - Highly Fresh/IMG_20191111_062552.jpg,Rastrelliger Faughni,Highly Fresh,6,0,Rastrelliger Faughni | Highly Fresh
Rastrelliger Faughni - Highly Fresh/IMG_20191111_062555.jpg,Rastrelliger Faughni,Highly Fresh,6,0,Rastrelliger Faughni | Highly Fresh
Rastrelliger Faughni - Highly Fresh/IMG_20191111_062557.jpg,Rastrelliger Faughni,Highly Fresh,6,0,Rastrelliger Faughni | Highly Fresh
Rastrelliger Faughni - Highly Fresh/IMG_20191111_062611_1.jpg,Rastrelliger Faughni,Highly Fresh,6,0,Rastrelliger Faughni | Highly Fresh
Rastrelliger Faughni - Highly Fresh/IMG_20191111_062611_2.jpg,Rastrelliger Faughni,Highly Fresh,6,0,Rastrelliger Faughni | Highly Fresh
Rastrelliger Faughni - Highly Fresh/IMG_20191111_062611_3.jpg,Rastrelliger Faughni,Highly Fresh,6,0,Rastrelliger Faughni | Highly Fresh
Rastrelliger Faughni - Highly Fresh/IMG_20191111_062623_1.jpg,Rastrelliger Faughni,Highly Fresh,6,0,Rastrelliger Faughni | Highly Fresh
Rastrelliger Faughni - Highly Fresh/IMG_20191111_062623_2.jpg,Rastrelliger Faughni,Highly Fresh,6,0,Rastrelliger Faughni | Highly Fresh
Rastrelliger Faughni - Highly Fresh/IMG_20191111_062623_3.jpg,Rastrelliger Faughni,Highly Fresh,6,0,Rastrelliger Faughni | Highly Fresh
Rastrelliger Faughni - Highly Fresh/IMG_20191111_062708_1.jpg,Rastrelliger Faughni,Highly Fresh,6,0,Rastrelliger Faughni | Highly Fresh
Rastrelliger Faughni - Highly Fresh/IMG_20191111_062708_2.jpg,Rastrelliger Faughni,Highly Fresh,6,0,Rastrelliger Faughni | Highly Fresh
Rastrelliger Faughni - Highly Fresh/IMG_20191111_062725.jpg,Rastrelliger Faughni,Highly Fresh,6,0,Rastrelliger Faughni | Highly Fresh
Rastrelliger Faughni - Highly Fresh/IMG_20191111_062758_1.jpg,Rastrelliger Faughni,Highly Fresh,6,0,Rastrelliger Faughni | Highly Fresh
Rastrelliger Faughni - Highly Fresh/IMG_20191111_062758_2.jpg,Rastrelliger Faughni,Highly Fresh,6,0,Rastrelliger Faughni | Highly Fresh
Rastrelliger Faughni - Highly Fresh/IMG_20191111_062758_3.jpg,Rastrelliger Faughni,Highly Fresh,6,0,Rastrelliger Faughni | Highly Fresh
Rastrelliger Faughni - Highly Fresh/IMG_20191111_062814_1.jpg,Rastrelliger Faughni,Highly Fresh,6,0,Rastrelliger Faughni | Highly Fresh
Rastrelliger Faughni - Highly Fresh/IMG_20191111_062814_2.jpg,Rastrelliger Faughni,Highly Fresh,6,0,Rastrelliger Faughni | Highly Fresh
Rastrelliger Faughni - Highly Fresh/IMG_20191111_062814_3.jpg,Rastrelliger Faughni,Highly Fresh,6,0,Rastrelliger Faughni | Highly Fresh
Rastrelliger Faughni - Not Fresh/IMG_20191018_055103.jpg,Rastrelliger Faughni,Not Fresh,6,2,Rastrelliger Faughni | Not Fresh
Rastrelliger Faughni - Not Fresh/IMG_20191018_055115.jpg,Rastrelliger Faughni,Not Fresh,6,2,Rastrelliger Faughni | Not Fresh
Rastrelliger Faughni - Not Fresh/IMG_20191018_055127.jpg,Rastrelliger Faughni,Not Fresh,6,2,Rastrelliger Faughni | Not Fresh
Rastrelliger Faughni - Not Fresh/IMG_20191018_055133.jpg,Rastrelliger Faughni,Not Fresh,6,2,Rastrelliger Faughni | Not Fresh
Rastrelliger Faughni - Not Fresh/IMG_20191018_055145.jpg,Rastrelliger Faughni,Not Fresh,6,2,Rastrelliger Faughni | Not Fresh
Rastrelliger Faughni - Not Fresh/IMG_20191018_055152.jpg,Rastrelliger Faughni,Not Fresh,6,2,Rastrelliger Faughni | Not Fresh
Rastrelliger Faughni - Not Fresh/IMG_20191018_055202.jpg,Rastrelliger Faughni,Not Fresh,6,2,Rastrelliger Faughni | Not Fresh
Rastrelliger Faughni - Not Fresh/IMG_20191018_055208.jpg,Rastrelliger Faughni,Not Fresh,6,2,Rastrelliger Faughni | Not Fresh
Rastrelliger Faughni - Not Fresh/IMG_20191018_055246.jpg,Rastrelliger Faughni,Not Fresh,6,2,Rastrelliger Faughni | Not Fresh
Rastrelliger Faughni - Not Fresh/IMG_20191018_055258.jpg,Rastrelliger Faughni,Not Fresh,6,2,Rastrelliger Faughni | Not Fresh
Rastrelliger Faughni - Not Fresh/IMG_20191018_055310.jpg,Rastrelliger Faughni,Not Fresh,6,2,Rastrelliger Faughni | Not Fresh
Rastrelliger Faughni - Not Fresh/IMG_20191018_055321.jpg,Rastrelliger Faughni,Not Fresh,6,2,Rastrelliger Faughni | Not Fresh
Rastrelliger Faughni - Not Fresh/IMG_20191018_055338.jpg,Rastrelliger Faughni,Not Fresh,6,2,Rastrelliger Faughni | Not Fresh
Rastrelliger Faughni - Not Fresh/IMG_20191018_055347.jpg,Rastrelliger Faughni,Not Fresh,6,2,Rastrelliger Faughni | Not Fresh
Rastrelliger Faughni - Not Fresh/IMG_20191018_055402.jpg,Rastrelliger Faughni,Not Fresh,6,2,Rastrelliger Faughni | Not Fresh
Rastrelliger Faughni - Not Fresh/IMG_20191018_055410.jpg,Rastrelliger Faughni,Not Fresh,6,2,Rastrelliger Faughni | Not Fresh
Rastrelliger Faughni - Not Fresh/IMG_20191018_055454.jpg,Rastrelliger Faughni,Not Fresh,6,2,Rastrelliger Faughni | Not Fresh
Rastrelliger Faughni - Not Fresh/IMG_20191018_055515.jpg,Rastrelliger Faughni,Not Fresh,6,2,Rastrelliger Faughni | Not Fresh
Rastrelliger Faughni - Not Fresh/IMG_20191018_055535.jpg,Rastrelliger Faughni,Not Fresh,6,2,Rastrelliger Faughni | Not Fresh
Rastrelliger Faughni - Not Fresh/IMG_20191018_055541.jpg,Rastrelliger Faughni,Not Fresh,6,2,Rastrelliger Faughni | Not Fresh
Rastrelliger Faughni - Not Fresh/IMG_20191018_055552.jpg,Rastrelliger Faughni,Not Fresh,6,2,Rastrelliger Faughni | Not Fresh
Rastrelliger Faughni - Not Fresh/IMG_20191018_055615.jpg,Rastrelliger Faughni,Not Fresh,6,2,Rastrelliger Faughni | Not Fresh
Rastrelliger Faughni - Not Fresh/IMG_20191018_055626.jpg,Rastrelliger Faughni,Not Fresh,6,2,Rastrelliger Faughni | Not Fresh
Rastrelliger Faughni - Not Fresh/IMG_20191018_055631.jpg,Rastrelliger Faughni,Not Fresh,6,2,Rastrelliger Faughni | Not Fresh
Rastrelliger Faughni - Not Fresh/IMG_20191018_055659.jpg,Rastrelliger Faughni,Not Fresh,6,2,Rastrelliger Faughni | Not Fresh
Rastrelliger Faughni - Not Fresh/IMG_20191018_055714.jpg,Rastrelliger Faughni,Not Fresh,6,2,Rastrelliger Faughni | Not Fresh
Rastrelliger Faughni - Not Fresh/IMG_20191018_055731.jpg,Rastrelliger Faughni,Not Fresh,6,2,Rastrelliger Faughni | Not Fresh
Rastrelliger Faughni - Not Fresh/IMG_20191018_055738.jpg,Rastrelliger Faughni,Not Fresh,6,2,Rastrelliger Faughni | Not Fresh
Rastrelliger Faughni - Not Fresh/IMG_20191018_055752.jpg,Rastrelliger Faughni,Not Fresh,6,2,Rastrelliger Faughni | Not Fresh
Rastrelliger Faughni - Not Fresh/IMG_20191018_055759.jpg,Rastrelliger Faughni,Not Fresh,6,2,Rastrelliger Faughni | Not Fresh
Rastrelliger Faughni - Not Fresh/IMG_20191018_055813.jpg,Rastrelliger Faughni,Not Fresh,6,2,Rastrelliger Faughni | Not Fresh
Rastrelliger Faughni - Not Fresh/IMG_20191018_055820.jpg,Rastrelliger Faughni,Not Fresh,6,2,Rastrelliger Faughni | Not Fresh
Rastrelliger Faughni - Not Fresh/IMG_20191018_055851.jpg,Rastrelliger Faughni,Not Fresh,6,2,Rastrelliger Faughni | Not Fresh
Rastrelliger Faughni - Not Fresh/IMG_20191018_055900.jpg,Rastrelliger Faughni,Not Fresh,6,2,Rastrelliger Faughni | Not Fresh
Rastrelliger Faughni - Not Fresh/IMG_20191018_055913.jpg,Rastrelliger Faughni,Not Fresh,6,2,Rastrelliger Faughni | Not Fresh
Rastrelliger Faughni - Not Fresh/IMG_20191018_055923.jpg,Rastrelliger Faughni,Not Fresh,6,2,Rastrelliger Faughni | Not Fresh
Rastrelliger Faughni - Not Fresh/IMG_20191018_055934.jpg,Rastrelliger Faughni,Not Fresh,6,2,Rastrelliger Faughni | Not Fresh
Rastrelliger Faughni - Not Fresh/IMG_20191018_055940.jpg,Rastrelliger Faughni,Not Fresh,6,2,Rastrelliger Faughni | Not Fresh
Rastrelliger Faughni - Not Fresh/IMG_20191018_055951.jpg,Rastrelliger Faughni,Not Fresh,6,2,Rastrelliger Faughni | Not Fresh
Rastrelliger Faughni - Not Fresh/IMG_20191018_055959.jpg,Rastrelliger Faughni,Not Fresh,6,2,Rastrelliger Faughni | Not Fresh
Rastrelliger Faughni - Not Fresh/IMG_20191019_060430.jpg,Rastrelliger Faughni,Not Fresh,6,2,Rastrelliger Faughni | Not Fresh
Rastrelliger Faughni - Not Fresh/IMG_20191019_060441.jpg,Rastrelliger Faughni,Not Fresh,6,2,Rastrelliger Faughni | Not Fresh
Rastrelliger Faughni - Not Fresh/IMG_20191019_060507.jpg,Rastrelliger Faughni,Not Fresh,6,2,Rastrelliger Faughni | Not Fresh
Rastrelliger Faughni - Not Fresh/IMG_20191019_060514.jpg,Rastrelliger Faughni,Not Fresh,6,2,Rastrelliger Faughni | Not Fresh
Rastrelliger Faughni - Not Fresh/IMG_20191019_060528.jpg,Rastrelliger Faughni,Not Fresh,6,2,Rastrelliger Faughni | Not Fresh
Rastrelliger Faughni - Not Fresh/IMG_20191019_060536.jpg,Rastrelliger Faughni,Not Fresh,6,2,Rastrelliger Faughni | Not Fresh
Rastrelliger Faughni - Not Fresh/IMG_20191019_060602.jpg,Rastrelliger Faughni,Not Fresh,6,2,Rastrelliger Faughni | Not Fresh
Rastrelliger Faughni - Not Fresh/IMG_20191019_060619.jpg,Rastrelliger Faughni,Not Fresh,6,2,Rastrelliger Faughni | Not Fresh
Rastrelliger Faughni - Not Fresh/IMG_20191019_060707.jpg,Rastrelliger Faughni,Not Fresh,6,2,Rastrelliger Faughni | Not Fresh
Rastrelliger Faughni - Not Fresh/IMG_20191019_060718.jpg,Rastrelliger Faughni,Not Fresh,6,2,Rastrelliger Faughni | Not Fresh
Rastrelliger Faughni - Not Fresh/IMG_20191019_060745.jpg,Rastrelliger Faughni,Not Fresh,6,2,Rastrelliger Faughni | Not Fresh
Rastrelliger Faughni - Not Fresh/IMG_20191019_060754.jpg,Rastrelliger Faughni,Not Fresh,6,2,Rastrelliger Faughni | Not Fresh
Rastrelliger Faughni - Not Fresh/IMG_20191019_060811.jpg,Rastrelliger Faughni,Not Fresh,6,2,Rastrelliger Faughni | Not Fresh
Rastrelliger Faughni - Not Fresh/IMG_20191019_060819.jpg,Rastrelliger Faughni,Not Fresh,6,2,Rastrelliger Faughni | Not Fresh
Rastrelliger Faughni - Not Fresh/IMG_20191019_060900.jpg,Rastrelliger Faughni,Not Fresh,6,2,Rastrelliger Faughni | Not Fresh
Rastrelliger Faughni - Not Fresh/IMG_20191019_060907.jpg,Rastrelliger Faughni,Not Fresh,6,2,Rastrelliger Faughni | Not Fresh
Rastrelliger Faughni - Not Fresh/IMG_20191019_060949.jpg,Rastrelliger Faughni,Not Fresh,6,2,Rastrelliger Faughni | Not Fresh
Rastrelliger Faughni - Not Fresh/IMG_20191019_060959.jpg,Rastrelliger Faughni,Not Fresh,6,2,Rastrelliger Faughni | Not Fresh
Rastrelliger Faughni - Not Fresh/IMG_20191019_061028.jpg,Rastrelliger Faughni,Not Fresh,6,2,Rastrelliger Faughni | Not Fresh
Rastrelliger Faughni - Not Fresh/IMG_20191019_061042.jpg,Rastrelliger Faughni,Not Fresh,6,2,Rastrelliger Faughni | Not Fresh
Rastrelliger Faughni - Not Fresh/IMG_20191019_061056.jpg,Rastrelliger Faughni,Not Fresh,6,2,Rastrelliger Faughni | Not Fresh
Rastrelliger Faughni - Not Fresh/IMG_20191019_061106.jpg,Rastrelliger Faughni,Not Fresh,6,2,Rastrelliger Faughni | Not Fresh
Rastrelliger Faughni - Not Fresh/IMG_20191019_061124.jpg,Rastrelliger Faughni,Not Fresh,6,2,Rastrelliger Faughni | Not Fresh
Rastrelliger Faughni - Not Fresh/IMG_20191019_061133.jpg,Rastrelliger Faughni,Not Fresh,6,2,Rastrelliger Faughni | Not Fresh
Rastrelliger Faughni - Not Fresh/IMG_20191019_061221.jpg,Rastrelliger Faughni,Not Fresh,6,2,Rastrelliger Faughni | Not Fresh
Rastrelliger Faughni - Not Fresh/IMG_20191019_061245.jpg,Rastrelliger Faughni,Not Fresh,6,2,Rastrelliger Faughni | Not Fresh
Rastrelliger Faughni - Not Fresh/IMG_20191019_061310.jpg,Rastrelliger Faughni,Not Fresh,6,2,Rastrelliger Faughni | Not Fresh
Rastrelliger Faughni - Not Fresh/IMG_20191019_061320.jpg,Rastrelliger Faughni,Not Fresh,6,2,Rastrelliger Faughni | Not Fresh
Rastrelliger Faughni - Not Fresh/IMG_20191019_061343.jpg,Rastrelliger Faughni,Not Fresh,6,2,Rastrelliger Faughni | Not Fresh
Rastrelliger Faughni - Not Fresh/IMG_20191019_061352.jpg,Rastrelliger Faughni,Not Fresh,6,2,Rastrelliger Faughni | Not Fresh
Rastrelliger Faughni - Not Fresh/IMG_20191019_061420.jpg,Rastrelliger Faughni,Not Fresh,6,2,Rastrelliger Faughni | Not Fresh
Rastrelliger Faughni - Not Fresh/IMG_20191019_061445.jpg,Rastrelliger Faughni,Not Fresh,6,2,Rastrelliger Faughni | Not Fresh
Rastrelliger Faughni - Not Fresh/IMG_20191019_061523.jpg,Rastrelliger Faughni,Not Fresh,6,2,Rastrelliger Faughni | Not Fresh
Rastrelliger Faughni - Not Fresh/IMG_20191019_061533.jpg,Rastrelliger Faughni,Not Fresh,6,2,Rastrelliger Faughni | Not Fresh
Rastrelliger Faughni - Not Fresh/IMG_20191019_061553.jpg,Rastrelliger Faughni,Not Fresh,6,2,Rastrelliger Faughni | Not Fresh
Rastrelliger Faughni - Not Fresh/IMG_20191019_061602.jpg,Rastrelliger Faughni,Not Fresh,6,2,Rastrelliger Faughni | Not Fresh
Rastrelliger Faughni - Not Fresh/IMG_20191019_061626.jpg,Rastrelliger Faughni,Not Fresh,6,2,Rastrelliger Faughni | Not Fresh
Rastrelliger Faughni - Not Fresh/IMG_20191019_061635.jpg,Rastrelliger Faughni,Not Fresh,6,2,Rastrelliger Faughni | Not Fresh
Rastrelliger Faughni - Not Fresh/IMG_20191019_061700.jpg,Rastrelliger Faughni,Not Fresh,6,2,Rastrelliger Faughni | Not Fresh
Rastrelliger Faughni - Not Fresh/IMG_20191019_061708.jpg,Rastrelliger Faughni,Not Fresh,6,2,Rastrelliger Faughni | Not Fresh
Rastrelliger Faughni - Not Fresh/IMG_20191114_061033.jpg,Rastrelliger Faughni,Not Fresh,6,2,Rastrelliger Faughni | Not Fresh
Rastrelliger Faughni - Not Fresh/IMG_20191114_061042.jpg,Rastrelliger Faughni,Not Fresh,6,2,Rastrelliger Faughni | Not Fresh
Rastrelliger Faughni - Not Fresh/IMG_20191114_061053.jpg,Rastrelliger Faughni,Not Fresh,6,2,Rastrelliger Faughni | Not Fresh
Rastrelliger Faughni - Not Fresh/IMG_20191114_061104.jpg,Rastrelliger Faughni,Not Fresh,6,2,Rastrelliger Faughni | Not Fresh
Rastrelliger Faughni - Not Fresh/IMG_20191114_061150.jpg,Rastrelliger Faughni,Not Fresh,6,2,Rastrelliger Faughni | Not Fresh
Rastrelliger Faughni - Not Fresh/IMG_20191114_061158.jpg,Rastrelliger Faughni,Not Fresh,6,2,Rastrelliger Faughni | Not Fresh
Rastrelliger Faughni - Not Fresh/IMG_20191114_061216.jpg,Rastrelliger Faughni,Not Fresh,6,2,Rastrelliger Faughni | Not Fresh
Rastrelliger Faughni - Not Fresh/IMG_20191114_061224.jpg,Rastrelliger Faughni,Not Fresh,6,2,Rastrelliger Faughni | Not Fresh
Rastrelliger Faughni - Not Fresh/IMG_20191114_061237.jpg,Rastrelliger Faughni,Not Fresh,6,2,Rastrelliger Faughni | Not Fresh
Rastrelliger Faughni - Not Fresh/IMG_20191114_061247.jpg,Rastrelliger Faughni,Not Fresh,6,2,Rastrelliger Faughni | Not Fresh
Rastrelliger Faughni - Not Fresh/IMG_20191114_061303.jpg,Rastrelliger Faughni,Not Fresh,6,2,Rastrelliger Faughni | Not Fresh
Rastrelliger Faughni - Not Fresh/IMG_20191114_061317.jpg,Rastrelliger Faughni,Not Fresh,6,2,Rastrelliger Faughni | Not Fresh
Rastrelliger Faughni - Not Fresh/IMG_20191114_061334.jpg,Rastrelliger Faughni,Not Fresh,6,2,Rastrelliger Faughni | Not Fresh
Rastrelliger Faughni - Not Fresh/IMG_20191114_061342.jpg,Rastrelliger Faughni,Not Fresh,6,2,Rastrelliger Faughni | Not Fresh
Rastrelliger Faughni - Not Fresh/IMG_20191114_061416_1.jpg,Rastrelliger Faughni,Not Fresh,6,2,Rastrelliger Faughni | Not Fresh
Rastrelliger Faughni - Not Fresh/IMG_20191114_061416_2.jpg,Rastrelliger Faughni,Not Fresh,6,2,Rastrelliger Faughni | Not Fresh
Rastrelliger Faughni - Not Fresh/IMG_20191114_061504_1.jpg,Rastrelliger Faughni,Not Fresh,6,2,Rastrelliger Faughni | Not Fresh
Rastrelliger Faughni - Not Fresh/IMG_20191114_061504_2.jpg,Rastrelliger Faughni,Not Fresh,6,2,Rastrelliger Faughni | Not Fresh
Rastrelliger Faughni - Not Fresh/IMG_20191114_061504_3.jpg,Rastrelliger Faughni,Not Fresh,6,2,Rastrelliger Faughni | Not Fresh
Rastrelliger Faughni - Not Fresh/IMG_20191114_061536_1.jpg,Rastrelliger Faughni,Not Fresh,6,2,Rastrelliger Faughni | Not Fresh
Rastrelliger Faughni - Not Fresh/IMG_20191114_061536_2.jpg,Rastrelliger Faughni,Not Fresh,6,2,Rastrelliger Faughni | Not Fresh
Rastrelliger Faughni - Not Fresh/IMG_20191114_061536_3.jpg,Rastrelliger Faughni,Not Fresh,6,2,Rastrelliger Faughni | Not Fresh
Rastrelliger Faughni - Not Fresh/IMG_20191114_061536_4.jpg,Rastrelliger Faughni,Not Fresh,6,2,Rastrelliger Faughni | Not Fresh
Rastrelliger Faughni - Not Fresh/IMG_20191114_061612_1.jpg,Rastrelliger Faughni,Not Fresh,6,2,Rastrelliger Faughni | Not Fresh
Rastrelliger Faughni - Not Fresh/IMG_20191114_061612_2.jpg,Rastrelliger Faughni,Not Fresh,6,2,Rastrelliger Faughni | Not Fresh
Rastrelliger Faughni - Not Fresh/IMG_20191114_061612_3.jpg,Rastrelliger Faughni,Not Fresh,6,2,Rastrelliger Faughni | Not Fresh
Rastrelliger Faughni - Not Fresh/IMG_20191114_061704.jpg,Rastrelliger Faughni,Not Fresh,6,2,Rastrelliger Faughni | Not Fresh
Rastrelliger Faughni - Not Fresh/IMG_20191114_061707.jpg,Rastrelliger Faughni,Not Fresh,6,2,Rastrelliger Faughni | Not Fresh
Rastrelliger Faughni - Not Fresh/IMG_20191114_061712.jpg,Rastrelliger Faughni,Not Fresh,6,2,Rastrelliger Faughni | Not Fresh
Rastrelliger Faughni - Not Fresh/IMG_20191114_061717.jpg,Rastrelliger Faughni,Not Fresh,6,2,Rastrelliger Faughni | Not Fresh
Rastrelliger Faughni - Not Fresh/IMG_20191114_061722.jpg,Rastrelliger Faughni,Not Fresh,6,2,Rastrelliger Faughni | Not Fresh
Rastrelliger Faughni - Not Fresh/IMG_20191114_061725.jpg,Rastrelliger Faughni,Not Fresh,6,2,Rastrelliger Faughni | Not Fresh
Rastrelliger Faughni - Not Fresh/IMG_20191114_061728.jpg,Rastrelliger Faughni,Not Fresh,6,2,Rastrelliger Faughni | Not Fresh
Rastrelliger Faughni - Not Fresh/IMG_20191114_061749.jpg,Rastrelliger Faughni,Not Fresh,6,2,Rastrelliger Faughni | Not Fresh
Rastrelliger Faughni - Not Fresh/IMG_20191114_061753.jpg,Rastrelliger Faughni,Not Fresh,6,2,Rastrelliger Faughni | Not Fresh
Rastrelliger Faughni - Not Fresh/IMG_20191114_061756.jpg,Rastrelliger Faughni,Not Fresh,6,2,Rastrelliger Faughni | Not Fresh
Rastrelliger Faughni - Not Fresh/IMG_20191114_061800.jpg,Rastrelliger Faughni,Not Fresh,6,2,Rastrelliger Faughni | Not Fresh
Rastrelliger Faughni - Not Fresh/IMG_20191114_061803.jpg,Rastrelliger Faughni,Not Fresh,6,2,Rastrelliger Faughni | Not Fresh
Rastrelliger Faughni - Not Fresh/IMG_20191114_061806.jpg,Rastrelliger Faughni,Not Fresh,6,2,Rastrelliger Faughni | Not Fresh
Rastrelliger Faughni - Not Fresh/IMG_20191114_061809.jpg,Rastrelliger Faughni,Not Fresh,6,2,Rastrelliger Faughni | Not Fresh
Rastrelliger Faughni - Not Fresh/IMG_20191114_061829_1.jpg,Rastrelliger Faughni,Not Fresh,6,2,Rastrelliger Faughni | Not Fresh
Rastrelliger Faughni - Not Fresh/IMG_20191114_061829_2.jpg,Rastrelliger Faughni,Not Fresh,6,2,Rastrelliger Faughni | Not Fresh
Rastrelliger Faughni - Not Fresh/IMG_20191114_061829_3.jpg,Rastrelliger Faughni,Not Fresh,6,2,Rastrelliger Faughni | Not Fresh
Rastrelliger Faughni - Not Fresh/IMG_20191114_061832_1.jpg,Rastrelliger Faughni,Not Fresh,6,2,Rastrelliger Faughni | Not Fresh
Rastrelliger Faughni - Not Fresh/IMG_20191114_061832_2.jpg,Rastrelliger Faughni,Not Fresh,6,2,Rastrelliger Faughni | Not Fresh
Rastrelliger Faughni - Not Fresh/IMG_20191114_061832_3.jpg,Rastrelliger Faughni,Not Fresh,6,2,Rastrelliger Faughni | Not Fresh
Rastrelliger Faughni - Not Fresh/IMG_20191114_061832_4.jpg,Rastrelliger Faughni,Not Fresh,6,2,Rastrelliger Faughni | Not Fresh
Rastrelliger Faughni - Not Fresh/IMG_20191114_061911.jpg,Rastrelliger Faughni,Not Fresh,6,2,Rastrelliger Faughni | Not Fresh
Rastrelliger Faughni - Not Fresh/IMG_20191114_061916.jpg,Rastrelliger Faughni,Not Fresh,6,2,Rastrelliger Faughni | Not Fresh
Rastrelliger Faughni - Not Fresh/IMG_20191114_061922.jpg,Rastrelliger Faughni,Not Fresh,6,2,Rastrelliger Faughni | Not Fresh
Rastrelliger Faughni - Not Fresh/IMG_20191114_061926.jpg,Rastrelliger Faughni,Not Fresh,6,2,Rastrelliger Faughni | Not Fresh
Rastrelliger Faughni - Not Fresh/IMG_20191114_061931.jpg,Rastrelliger Faughni,Not Fresh,6,2,Rastrelliger Faughni | Not Fresh
Rastrelliger Faughni - Not Fresh/IMG_20191114_061934.jpg,Rastrelliger Faughni,Not Fresh,6,2,Rastrelliger Faughni | Not Fresh
Rastrelliger Faughni - Not Fresh/IMG_20191114_061948.jpg,Rastrelliger Faughni,Not Fresh,6,2,Rastrelliger Faughni | Not Fresh
Rastrelliger Faughni - Not Fresh/IMG_20191114_062007.jpg,Rastrelliger Faughni,Not Fresh,6,2,Rastrelliger Faughni | Not Fresh
Rastrelliger Faughni - Not Fresh/IMG_20191114_062011.jpg,Rastrelliger Faughni,Not Fresh,6,2,Rastrelliger Faughni | Not Fresh
Rastrelliger Faughni - Not Fresh/IMG_20191114_062016.jpg,Rastrelliger Faughni,Not Fresh,6,2,Rastrelliger Faughni | Not Fresh
Rastrelliger Faughni - Not Fresh/IMG_20191114_062019.jpg,Rastrelliger Faughni,Not Fresh,6,2,Rastrelliger Faughni | Not Fresh
Rastrelliger Faughni - Not Fresh/IMG_20191114_062022.jpg,Rastrelliger Faughni,Not Fresh,6,2,Rastrelliger Faughni | Not Fresh
Rastrelliger Faughni - Not Fresh/IMG_20191114_062025.jpg,Rastrelliger Faughni,Not Fresh,6,2,Rastrelliger Faughni | Not Fresh
Rastrelliger Faughni - Not Fresh/IMG_20191114_062029.jpg,Rastrelliger Faughni,Not Fresh,6,2,Rastrelliger Faughni | Not Fresh
Rastrelliger Faughni - Not Fresh/IMG_20191114_062048_1.jpg,Rastrelliger Faughni,Not Fresh,6,2,Rastrelliger Faughni | Not Fresh
Rastrelliger Faughni - Not Fresh/IMG_20191114_062048_2.jpg,Rastrelliger Faughni,Not Fresh,6,2,Rastrelliger Faughni | Not Fresh
Rastrelliger Faughni - Not Fresh/IMG_20191114_062048_3.jpg,Rastrelliger Faughni,Not Fresh,6,2,Rastrelliger Faughni | Not Fresh
Rastrelliger Faughni - Not Fresh/IMG_20191114_062048_4.jpg,Rastrelliger Faughni,Not Fresh,6,2,Rastrelliger Faughni | Not Fresh
Rastrelliger Faughni - Not Fresh/IMG_20191114_062051_1.jpg,Rastrelliger Faughni,Not Fresh,6,2,Rastrelliger Faughni | Not Fresh
Rastrelliger Faughni - Not Fresh/IMG_20191114_062051_2.jpg,Rastrelliger Faughni,Not Fresh,6,2,Rastrelliger Faughni | Not Fresh
Rastrelliger Faughni - Not Fresh/IMG_20191114_062112_1.jpg,Rastrelliger Faughni,Not Fresh,6,2,Rastrelliger Faughni | Not Fresh
Rastrelliger Faughni - Not Fresh/IMG_20191114_062112_2.jpg,Rastrelliger Faughni,Not Fresh,6,2,Rastrelliger Faughni | Not Fresh
Rastrelliger Faughni - Not Fresh/IMG_20191114_062112_3.jpg,Rastrelliger Faughni,Not Fresh,6,2,Rastrelliger Faughni | Not Fresh
Rastrelliger Faughni - Not Fresh/IMG_20191114_062115_1.jpg,Rastrelliger Faughni,Not Fresh,6,2,Rastrelliger Faughni | Not Fresh
Rastrelliger Faughni - Not Fresh/IMG_20191114_062115_2.jpg,Rastrelliger Faughni,Not Fresh,6,2,Rastrelliger Faughni | Not Fresh
Rastrelliger Faughni - Not Fresh/IMG_20191114_062115_3.jpg,Rastrelliger Faughni,Not Fresh,6,2,Rastrelliger Faughni | Not Fresh
Rastrelliger Faughni - Not Fresh/IMG_20191114_062127_1.jpg,Rastrelliger Faughni,Not Fresh,6,2,Rastrelliger Faughni | Not Fresh
Rastrelliger Faughni - Not Fresh/IMG_20191114_062127_2.jpg,Rastrelliger Faughni,Not Fresh,6,2,Rastrelliger Faughni | Not Fresh
Rastrelliger Faughni - Not Fresh/IMG_20191114_062127_3.jpg,Rastrelliger Faughni,Not Fresh,6,2,Rastrelliger Faughni | Not Fresh
Rastrelliger Faughni - Not Fresh/IMG_20191114_062127_4.jpg,Rastrelliger Faughni,Not Fresh,6,2,Rastrelliger Faughni | Not Fresh
Rastrelliger Faughni - Not Fresh/IMG_20191114_062127_5.jpg,Rastrelliger Faughni,Not Fresh,6,2,Rastrelliger Faughni | Not Fresh
Rastrelliger Faughni - Not Fresh/IMG_20191114_062127_6.jpg,Rastrelliger Faughni,Not Fresh,6,2,Rastrelliger Faughni | Not Fresh
Rastrelliger Faughni - Not Fresh/IMG_20191114_062127_7.jpg,Rastrelliger Faughni,Not Fresh,6,2,Rastrelliger Faughni | Not Fresh
Rastrelliger Faughni - Not Fresh/IMG_20191114_062208_1.jpg,Rastrelliger Faughni,Not Fresh,6,2,Rastrelliger Faughni | Not Fresh
Rastrelliger Faughni - Not Fresh/IMG_20191114_062208_2.jpg,Rastrelliger Faughni,Not Fresh,6,2,Rastrelliger Faughni | Not Fresh
Rastrelliger Faughni - Not Fresh/IMG_20191114_062208_3.jpg,Rastrelliger Faughni,Not Fresh,6,2,Rastrelliger Faughni | Not Fresh
Rastrelliger Faughni - Not Fresh/IMG_20191115_060559.jpg,Rastrelliger Faughni,Not Fresh,6,2,Rastrelliger Faughni | Not Fresh
Rastrelliger Faughni - Not Fresh/IMG_20191115_060610.jpg,Rastrelliger Faughni,Not Fresh,6,2,Rastrelliger Faughni | Not Fresh
Rastrelliger Faughni - Not Fresh/IMG_20191115_060625.jpg,Rastrelliger Faughni,Not Fresh,6,2,Rastrelliger Faughni | Not Fresh
Rastrelliger Faughni - Not Fresh/IMG_20191115_060635.jpg,Rastrelliger Faughni,Not Fresh,6,2,Rastrelliger Faughni | Not Fresh
Rastrelliger Faughni - Not Fresh/IMG_20191115_060647.jpg,Rastrelliger Faughni,Not Fresh,6,2,Rastrelliger Faughni | Not Fresh
Rastrelliger Faughni - Not Fresh/IMG_20191115_060658.jpg,Rastrelliger Faughni,Not Fresh,6,2,Rastrelliger Faughni | Not Fresh
Rastrelliger Faughni - Not Fresh/IMG_20191115_060709.jpg,Rastrelliger Faughni,Not Fresh,6,2,Rastrelliger Faughni | Not Fresh
Rastrelliger Faughni - Not Fresh/IMG_20191115_060716.jpg,Rastrelliger Faughni,Not Fresh,6,2,Rastrelliger Faughni | Not Fresh
Rastrelliger Faughni - Not Fresh/IMG_20191115_060730.jpg,Rastrelliger Faughni,Not Fresh,6,2,Rastrelliger Faughni | Not Fresh
Rastrelliger Faughni - Not Fresh/IMG_20191115_060740.jpg,Rastrelliger Faughni,Not Fresh,6,2,Rastrelliger Faughni | Not Fresh
Rastrelliger Faughni - Not Fresh/IMG_20191115_060800.jpg,Rastrelliger Faughni,Not Fresh,6,2,Rastrelliger Faughni | Not Fresh
Rastrelliger Faughni - Not Fresh/IMG_20191115_060821.jpg,Rastrelliger Faughni,Not Fresh,6,2,Rastrelliger Faughni | Not Fresh
Rastrelliger Faughni - Not Fresh/IMG_20191115_060833.jpg,Rastrelliger Faughni,Not Fresh,6,2,Rastrelliger Faughni | Not Fresh
Rastrelliger Faughni - Not Fresh/IMG_20191115_060911.jpg,Rastrelliger Faughni,Not Fresh,6,2,Rastrelliger Faughni | Not Fresh
Rastrelliger Faughni - Not Fresh/IMG_20191115_060917.jpg,Rastrelliger Faughni,Not Fresh,6,2,Rastrelliger Faughni | Not Fresh
Rastrelliger Faughni - Not Fresh/IMG_20191115_060924.jpg,Rastrelliger Faughni,Not Fresh,6,2,Rastrelliger Faughni | Not Fresh
Rastrelliger Faughni - Not Fresh/IMG_20191115_060928.jpg,Rastrelliger Faughni,Not Fresh,6,2,Rastrelliger Faughni | Not Fresh
Rastrelliger Faughni - Not Fresh/IMG_20191115_060937.jpg,Rastrelliger Faughni,Not Fresh,6,2,Rastrelliger Faughni | Not Fresh
Rastrelliger Faughni - Not Fresh/IMG_20191115_060941.jpg,Rastrelliger Faughni,Not Fresh,6,2,Rastrelliger Faughni | Not Fresh
Rastrelliger Faughni - Not Fresh/IMG_20191115_061016.jpg,Rastrelliger Faughni,Not Fresh,6,2,Rastrelliger Faughni | Not Fresh
Rastrelliger Faughni - Not Fresh/IMG_20191115_061020.jpg,Rastrelliger Faughni,Not Fresh,6,2,Rastrelliger Faughni | Not Fresh
Rastrelliger Faughni - Not Fresh/IMG_20191115_061026.jpg,Rastrelliger Faughni,Not Fresh,6,2,Rastrelliger Faughni | Not Fresh
Rastrelliger Faughni - Not Fresh/IMG_20191115_061036.jpg,Rastrelliger Faughni,Not Fresh,6,2,Rastrelliger Faughni | Not Fresh
Rastrelliger Faughni - Not Fresh/IMG_20191115_061044.jpg,Rastrelliger Faughni,Not Fresh,6,2,Rastrelliger Faughni | Not Fresh
Rastrelliger Faughni - Not Fresh/IMG_20191115_061049.jpg,Rastrelliger Faughni,Not Fresh,6,2,Rastrelliger Faughni | Not Fresh
Rastrelliger Faughni - Not Fresh/IMG_20191115_061119.jpg,Rastrelliger Faughni,Not Fresh,6,2,Rastrelliger Faughni | Not Fresh
Rastrelliger Faughni - Not Fresh/IMG_20191115_061135.jpg,Rastrelliger Faughni,Not Fresh,6,2,Rastrelliger Faughni | Not Fresh
Rastrelliger Faughni - Not Fresh/IMG_20191115_061158_1.jpg,Rastrelliger Faughni,Not Fresh,6,2,Rastrelliger Faughni | Not Fresh
Rastrelliger Faughni - Not Fresh/IMG_20191115_061158_2.jpg,Rastrelliger Faughni,Not Fresh,6,2,Rastrelliger Faughni | Not Fresh
Rastrelliger Faughni - Not Fresh/IMG_20191115_061229.jpg,Rastrelliger Faughni,Not Fresh,6,2,Rastrelliger Faughni | Not Fresh
Rastrelliger Faughni - Not Fresh/IMG_20191115_061232.jpg,Rastrelliger Faughni,Not Fresh,6,2,Rastrelliger Faughni | Not Fresh
Rastrelliger Faughni - Not Fresh/IMG_20191115_061241.jpg,Rastrelliger Faughni,Not Fresh,6,2,Rastrelliger Faughni | Not Fresh
Rastrelliger Faughni - Not Fresh/IMG_20191115_061248.jpg,Rastrelliger Faughni,Not Fresh,6,2,Rastrelliger Faughni | Not Fresh
Rastrelliger Faughni - Not Fresh/IMG_20191115_061255.jpg,Rastrelliger Faughni,Not Fresh,6,2,Rastrelliger Faughni | Not Fresh
Rastrelliger Faughni - Not Fresh/IMG_20191115_061316.jpg,Rastrelliger Faughni,Not Fresh,6,2,Rastrelliger Faughni | Not Fresh
Rastrelliger Faughni - Not Fresh/IMG_20191115_061319.jpg,Rastrelliger Faughni,Not Fresh,6,2,Rastrelliger Faughni | Not Fresh
Rastrelliger Faughni - Not Fresh/IMG_20191115_061323.jpg,Rastrelliger Faughni,Not Fresh,6,2,Rastrelliger Faughni | Not Fresh
Rastrelliger Faughni - Not Fresh/IMG_20191115_061326.jpg,Rastrelliger Faughni,Not Fresh,6,2,Rastrelliger Faughni | Not Fresh
Rastrelliger Faughni - Not Fresh/IMG_20191115_061338.jpg,Rastrelliger Faughni,Not Fresh,6,2,Rastrelliger Faughni | Not Fresh
Rastrelliger Faughni - Not Fresh/IMG_20191115_061342.jpg,Rastrelliger Faughni,Not Fresh,6,2,Rastrelliger Faughni | Not Fresh
Rastrelliger Faughni - Not Fresh/IMG_20191115_061400_1.jpg,Rastrelliger Faughni,Not Fresh,6,2,Rastrelliger Faughni | Not Fresh
Rastrelliger Faughni - Not Fresh/IMG_20191115_061400_2.jpg,Rastrelliger Faughni,Not Fresh,6,2,Rastrelliger Faughni | Not Fresh
Rastrelliger Faughni - Not Fresh/IMG_20191115_061404_1.jpg,Rastrelliger Faughni,Not Fresh,6,2,Rastrelliger Faughni | Not Fresh
Rastrelliger Faughni - Not Fresh/IMG_20191115_061404_2.jpg,Rastrelliger Faughni,Not Fresh,6,2,Rastrelliger Faughni | Not Fresh
Rastrelliger Faughni - Not Fresh/IMG_20191115_061423_1.jpg,Rastrelliger Faughni,Not Fresh,6,2,Rastrelliger Faughni | Not Fresh
Rastrelliger Faughni - Not Fresh/IMG_20191115_061423_2.jpg,Rastrelliger Faughni,Not Fresh,6,2,Rastrelliger Faughni | Not Fresh
Rastrelliger Faughni - Not Fresh/IMG_20191115_061423_3.jpg,Rastrelliger Faughni,Not Fresh,6,2,Rastrelliger Faughni | Not Fresh
Rastrelliger Faughni - Not Fresh/IMG_20191115_061432_1.jpg,Rastrelliger Faughni,Not Fresh,6,2,Rastrelliger Faughni | Not Fresh
Rastrelliger Faughni - Not Fresh/IMG_20191115_061432_2.jpg,Rastrelliger Faughni,Not Fresh,6,2,Rastrelliger Faughni | Not Fresh
Rastrelliger Faughni - Not Fresh/IMG_20191115_061522_1.jpg,Rastrelliger Faughni,Not Fresh,6,2,Rastrelliger Faughni | Not Fresh
Rastrelliger Faughni - Not Fresh/IMG_20191115_061522_2.jpg,Rastrelliger Faughni,Not Fresh,6,2,Rastrelliger Faughni | Not Fresh
Rastrelliger Faughni - Not Fresh/IMG_20191115_061522_3.jpg,Rastrelliger Faughni,Not Fresh,6,2,Rastrelliger Faughni | Not Fresh
Rastrelliger Faughni - Not Fresh/IMG_20191115_061522_4.jpg,Rastrelliger Faughni,Not Fresh,6,2,Rastrelliger Faughni | Not Fresh
Rastrelliger Faughni - Not Fresh/IMG_20191115_061522_5.jpg,Rastrelliger Faughni,Not Fresh,6,2,Rastrelliger Faughni | Not Fresh
Upeneus Moluccensis - Fresh/IMG_20191016_062520.jpg,Upeneus Moluccensis,Fresh,7,1,Upeneus Moluccensis | Fresh
Upeneus Moluccensis - Fresh/IMG_20191016_062530.jpg,Upeneus Moluccensis,Fresh,7,1,Upeneus Moluccensis | Fresh
Upeneus Moluccensis - Fresh/IMG_20191016_062556.jpg,Upeneus Moluccensis,Fresh,7,1,Upeneus Moluccensis | Fresh
Upeneus Moluccensis - Fresh/IMG_20191016_062610.jpg,Upeneus Moluccensis,Fresh,7,1,Upeneus Moluccensis | Fresh
Upeneus Moluccensis - Fresh/IMG_20191016_062633.jpg,Upeneus Moluccensis,Fresh,7,1,Upeneus Moluccensis | Fresh
Upeneus Moluccensis - Fresh/IMG_20191016_062651.jpg,Upeneus Moluccensis,Fresh,7,1,Upeneus Moluccensis | Fresh
Upeneus Moluccensis - Fresh/IMG_20191016_062721.jpg,Upeneus Moluccensis,Fresh,7,1,Upeneus Moluccensis | Fresh
Upeneus Moluccensis - Fresh/IMG_20191016_062728.jpg,Upeneus Moluccensis,Fresh,7,1,Upeneus Moluccensis | Fresh
Upeneus Moluccensis - Fresh/IMG_20191016_062813.jpg,Upeneus Moluccensis,Fresh,7,1,Upeneus Moluccensis | Fresh
Upeneus Moluccensis - Fresh/IMG_20191016_062825.jpg,Upeneus Moluccensis,Fresh,7,1,Upeneus Moluccensis | Fresh
Upeneus Moluccensis - Fresh/IMG_20191016_062848.jpg,Upeneus Moluccensis,Fresh,7,1,Upeneus Moluccensis | Fresh
Upeneus Moluccensis - Fresh/IMG_20191016_062900.jpg,Upeneus Moluccensis,Fresh,7,1,Upeneus Moluccensis | Fresh
Upeneus Moluccensis - Fresh/IMG_20191016_062915.jpg,Upeneus Moluccensis,Fresh,7,1,Upeneus Moluccensis | Fresh
Upeneus Moluccensis - Fresh/IMG_20191016_062937.jpg,Upeneus Moluccensis,Fresh,7,1,Upeneus Moluccensis | Fresh
Upeneus Moluccensis - Fresh/IMG_20191016_062955.jpg,Upeneus Moluccensis,Fresh,7,1,Upeneus Moluccensis | Fresh
Upeneus Moluccensis - Fresh/IMG_20191016_063005.jpg,Upeneus Moluccensis,Fresh,7,1,Upeneus Moluccensis | Fresh
Upeneus Moluccensis - Fresh/IMG_20191016_063049.jpg,Upeneus Moluccensis,Fresh,7,1,Upeneus Moluccensis | Fresh
Upeneus Moluccensis - Fresh/IMG_20191016_063058.jpg,Upeneus Moluccensis,Fresh,7,1,Upeneus Moluccensis | Fresh
Upeneus Moluccensis - Fresh/IMG_20191016_063136.jpg,Upeneus Moluccensis,Fresh,7,1,Upeneus Moluccensis | Fresh
Upeneus Moluccensis - Fresh/IMG_20191016_063150.jpg,Upeneus Moluccensis,Fresh,7,1,Upeneus Moluccensis | Fresh
Upeneus Moluccensis - Fresh/IMG_20191016_063227.jpg,Upeneus Moluccensis,Fresh,7,1,Upeneus Moluccensis | Fresh
Upeneus Moluccensis - Fresh/IMG_20191016_063245.jpg,Upeneus Moluccensis,Fresh,7,1,Upeneus Moluccensis | Fresh
Upeneus Moluccensis - Fresh/IMG_20191016_063306.jpg,Upeneus Moluccensis,Fresh,7,1,Upeneus Moluccensis | Fresh
Upeneus Moluccensis - Fresh/IMG_20191016_063314.jpg,Upeneus Moluccensis,Fresh,7,1,Upeneus Moluccensis | Fresh
Upeneus Moluccensis - Fresh/IMG_20191016_063347.jpg,Upeneus Moluccensis,Fresh,7,1,Upeneus Moluccensis | Fresh
Upeneus Moluccensis - Fresh/IMG_20191016_063355.jpg,Upeneus Moluccensis,Fresh,7,1,Upeneus Moluccensis | Fresh
Upeneus Moluccensis - Fresh/IMG_20191016_063410.jpg,Upeneus Moluccensis,Fresh,7,1,Upeneus Moluccensis | Fresh
Upeneus Moluccensis - Fresh/IMG_20191016_063427.jpg,Upeneus Moluccensis,Fresh,7,1,Upeneus Moluccensis | Fresh
Upeneus Moluccensis - Fresh/IMG_20191016_063446.jpg,Upeneus Moluccensis,Fresh,7,1,Upeneus Moluccensis | Fresh
Upeneus Moluccensis - Fresh/IMG_20191016_063458.jpg,Upeneus Moluccensis,Fresh,7,1,Upeneus Moluccensis | Fresh
Upeneus Moluccensis - Fresh/IMG_20191016_063512.jpg,Upeneus Moluccensis,Fresh,7,1,Upeneus Moluccensis | Fresh
Upeneus Moluccensis - Fresh/IMG_20191016_063520.jpg,Upeneus Moluccensis,Fresh,7,1,Upeneus Moluccensis | Fresh
Upeneus Moluccensis - Fresh/IMG_20191016_063557.jpg,Upeneus Moluccensis,Fresh,7,1,Upeneus Moluccensis | Fresh
Upeneus Moluccensis - Fresh/IMG_20191016_063607.jpg,Upeneus Moluccensis,Fresh,7,1,Upeneus Moluccensis | Fresh
Upeneus Moluccensis - Fresh/IMG_20191016_063625.jpg,Upeneus Moluccensis,Fresh,7,1,Upeneus Moluccensis | Fresh
Upeneus Moluccensis - Fresh/IMG_20191016_063634.jpg,Upeneus Moluccensis,Fresh,7,1,Upeneus Moluccensis | Fresh
Upeneus Moluccensis - Fresh/IMG_20191016_063712.jpg,Upeneus Moluccensis,Fresh,7,1,Upeneus Moluccensis | Fresh
Upeneus Moluccensis - Fresh/IMG_20191016_063733.jpg,Upeneus Moluccensis,Fresh,7,1,Upeneus Moluccensis | Fresh
Upeneus Moluccensis - Fresh/IMG_20191016_063753.jpg,Upeneus Moluccensis,Fresh,7,1,Upeneus Moluccensis | Fresh
Upeneus Moluccensis - Fresh/IMG_20191016_063804.jpg,Upeneus Moluccensis,Fresh,7,1,Upeneus Moluccensis | Fresh
Upeneus Moluccensis - Fresh/IMG_20191017_061848.jpg,Upeneus Moluccensis,Fresh,7,1,Upeneus Moluccensis | Fresh
Upeneus Moluccensis - Fresh/IMG_20191017_061856.jpg,Upeneus Moluccensis,Fresh,7,1,Upeneus Moluccensis | Fresh
Upeneus Moluccensis - Fresh/IMG_20191017_061914.jpg,Upeneus Moluccensis,Fresh,7,1,Upeneus Moluccensis | Fresh
Upeneus Moluccensis - Fresh/IMG_20191017_061930.jpg,Upeneus Moluccensis,Fresh,7,1,Upeneus Moluccensis | Fresh
Upeneus Moluccensis - Fresh/IMG_20191017_061948.jpg,Upeneus Moluccensis,Fresh,7,1,Upeneus Moluccensis | Fresh
Upeneus Moluccensis - Fresh/IMG_20191017_062008.jpg,Upeneus Moluccensis,Fresh,7,1,Upeneus Moluccensis | Fresh
Upeneus Moluccensis - Fresh/IMG_20191017_062033.jpg,Upeneus Moluccensis,Fresh,7,1,Upeneus Moluccensis | Fresh
Upeneus Moluccensis - Fresh/IMG_20191017_062057.jpg,Upeneus Moluccensis,Fresh,7,1,Upeneus Moluccensis | Fresh
Upeneus Moluccensis - Fresh/IMG_20191017_062137.jpg,Upeneus Moluccensis,Fresh,7,1,Upeneus Moluccensis | Fresh
Upeneus Moluccensis - Fresh/IMG_20191017_062150.jpg,Upeneus Moluccensis,Fresh,7,1,Upeneus Moluccensis | Fresh
Upeneus Moluccensis - Fresh/IMG_20191017_062206.jpg,Upeneus Moluccensis,Fresh,7,1,Upeneus Moluccensis | Fresh
Upeneus Moluccensis - Fresh/IMG_20191017_062216.jpg,Upeneus Moluccensis,Fresh,7,1,Upeneus Moluccensis | Fresh
Upeneus Moluccensis - Fresh/IMG_20191017_062241.jpg,Upeneus Moluccensis,Fresh,7,1,Upeneus Moluccensis | Fresh
Upeneus Moluccensis - Fresh/IMG_20191017_062252.jpg,Upeneus Moluccensis,Fresh,7,1,Upeneus Moluccensis | Fresh
Upeneus Moluccensis - Fresh/IMG_20191017_062311.jpg,Upeneus Moluccensis,Fresh,7,1,Upeneus Moluccensis | Fresh
Upeneus Moluccensis - Fresh/IMG_20191017_062326.jpg,Upeneus Moluccensis,Fresh,7,1,Upeneus Moluccensis | Fresh
Upeneus Moluccensis - Fresh/IMG_20191017_062427.jpg,Upeneus Moluccensis,Fresh,7,1,Upeneus Moluccensis | Fresh
Upeneus Moluccensis - Fresh/IMG_20191017_062442.jpg,Upeneus Moluccensis,Fresh,7,1,Upeneus Moluccensis | Fresh
Upeneus Moluccensis - Fresh/IMG_20191017_062503.jpg,Upeneus Moluccensis,Fresh,7,1,Upeneus Moluccensis | Fresh
Upeneus Moluccensis - Fresh/IMG_20191017_062515.jpg,Upeneus Moluccensis,Fresh,7,1,Upeneus Moluccensis | Fresh
Upeneus Moluccensis - Fresh/IMG_20191017_062536.jpg,Upeneus Moluccensis,Fresh,7,1,Upeneus Moluccensis | Fresh
Upeneus Moluccensis - Fresh/IMG_20191017_062555.jpg,Upeneus Moluccensis,Fresh,7,1,Upeneus Moluccensis | Fresh
Upeneus Moluccensis - Fresh/IMG_20191017_062619.jpg,Upeneus Moluccensis,Fresh,7,1,Upeneus Moluccensis | Fresh
Upeneus Moluccensis - Fresh/IMG_20191017_062648.jpg,Upeneus Moluccensis,Fresh,7,1,Upeneus Moluccensis | Fresh
Upeneus Moluccensis - Fresh/IMG_20191017_062725.jpg,Upeneus Moluccensis,Fresh,7,1,Upeneus Moluccensis | Fresh
Upeneus Moluccensis - Fresh/IMG_20191017_062734.jpg,Upeneus Moluccensis,Fresh,7,1,Upeneus Moluccensis | Fresh
Upeneus Moluccensis - Fresh/IMG_20191017_062750.jpg,Upeneus Moluccensis,Fresh,7,1,Upeneus Moluccensis | Fresh
Upeneus Moluccensis - Fresh/IMG_20191017_062806.jpg,Upeneus Moluccensis,Fresh,7,1,Upeneus Moluccensis | Fresh
Upeneus Moluccensis - Fresh/IMG_20191017_062823.jpg,Upeneus Moluccensis,Fresh,7,1,Upeneus Moluccensis | Fresh
Upeneus Moluccensis - Fresh/IMG_20191017_062833.jpg,Upeneus Moluccensis,Fresh,7,1,Upeneus Moluccensis | Fresh
Upeneus Moluccensis - Fresh/IMG_20191017_062855.jpg,Upeneus Moluccensis,Fresh,7,1,Upeneus Moluccensis | Fresh
Upeneus Moluccensis - Fresh/IMG_20191017_062909.jpg,Upeneus Moluccensis,Fresh,7,1,Upeneus Moluccensis | Fresh
Upeneus Moluccensis - Fresh/IMG_20191017_062945.jpg,Upeneus Moluccensis,Fresh,7,1,Upeneus Moluccensis | Fresh
Upeneus Moluccensis - Fresh/IMG_20191017_062954.jpg,Upeneus Moluccensis,Fresh,7,1,Upeneus Moluccensis | Fresh
Upeneus Moluccensis - Fresh/IMG_20191017_063007.jpg,Upeneus Moluccensis,Fresh,7,1,Upeneus Moluccensis | Fresh
Upeneus Moluccensis - Fresh/IMG_20191017_063031.jpg,Upeneus Moluccensis,Fresh,7,1,Upeneus Moluccensis | Fresh
Upeneus Moluccensis - Fresh/IMG_20191017_063048.jpg,Upeneus Moluccensis,Fresh,7,1,Upeneus Moluccensis | Fresh
Upeneus Moluccensis - Fresh/IMG_20191017_063114.jpg,Upeneus Moluccensis,Fresh,7,1,Upeneus Moluccensis | Fresh
Upeneus Moluccensis - Fresh/IMG_20191017_063140.jpg,Upeneus Moluccensis,Fresh,7,1,Upeneus Moluccensis | Fresh
Upeneus Moluccensis - Fresh/IMG_20191017_063155.jpg,Upeneus Moluccensis,Fresh,7,1,Upeneus Moluccensis | Fresh
Upeneus Moluccensis - Fresh/IMG_20191112_055510.jpg,Upeneus Moluccensis,Fresh,7,1,Upeneus Moluccensis | Fresh
Upeneus Moluccensis - Fresh/IMG_20191112_055518.jpg,Upeneus Moluccensis,Fresh,7,1,Upeneus Moluccensis | Fresh
Upeneus Moluccensis - Fresh/IMG_20191112_055541.jpg,Upeneus Moluccensis,Fresh,7,1,Upeneus Moluccensis | Fresh
Upeneus Moluccensis - Fresh/IMG_20191112_055547.jpg,Upeneus Moluccensis,Fresh,7,1,Upeneus Moluccensis | Fresh
Upeneus Moluccensis - Fresh/IMG_20191112_055603.jpg,Upeneus Moluccensis,Fresh,7,1,Upeneus Moluccensis | Fresh
Upeneus Moluccensis - Fresh/IMG_20191112_055610.jpg,Upeneus Moluccensis,Fresh,7,1,Upeneus Moluccensis | Fresh
Upeneus Moluccensis - Fresh/IMG_20191112_055622.jpg,Upeneus Moluccensis,Fresh,7,1,Upeneus Moluccensis | Fresh
Upeneus Moluccensis - Fresh/IMG_20191112_055627.jpg,Upeneus Moluccensis,Fresh,7,1,Upeneus Moluccensis | Fresh
Upeneus Moluccensis - Fresh/IMG_20191112_055640.jpg,Upeneus Moluccensis,Fresh,7,1,Upeneus Moluccensis | Fresh
Upeneus Moluccensis - Fresh/IMG_20191112_055648.jpg,Upeneus Moluccensis,Fresh,7,1,Upeneus Moluccensis | Fresh
Upeneus Moluccensis - Fresh/IMG_20191112_055722.jpg,Upeneus Moluccensis,Fresh,7,1,Upeneus Moluccensis | Fresh
Upeneus Moluccensis - Fresh/IMG_20191112_055732.jpg,Upeneus Moluccensis,Fresh,7,1,Upeneus Moluccensis | Fresh
Upeneus Moluccensis - Fresh/IMG_20191112_055742.jpg,Upeneus Moluccensis,Fresh,7,1,Upeneus Moluccensis | Fresh
Upeneus Moluccensis - Fresh/IMG_20191112_055749.jpg,Upeneus Moluccensis,Fresh,7,1,Upeneus Moluccensis | Fresh
Upeneus Moluccensis - Fresh/IMG_20191112_055802.jpg,Upeneus Moluccensis,Fresh,7,1,Upeneus Moluccensis | Fresh
Upeneus Moluccensis - Fresh/IMG_20191112_055808.jpg,Upeneus Moluccensis,Fresh,7,1,Upeneus Moluccensis | Fresh
Upeneus Moluccensis - Fresh/IMG_20191112_055825_1.jpg,Upeneus Moluccensis,Fresh,7,1,Upeneus Moluccensis | Fresh
Upeneus Moluccensis - Fresh/IMG_20191112_055825_2.jpg,Upeneus Moluccensis,Fresh,7,1,Upeneus Moluccensis | Fresh
Upeneus Moluccensis - Fresh/IMG_20191112_055841_1.jpg,Upeneus Moluccensis,Fresh,7,1,Upeneus Moluccensis | Fresh
Upeneus Moluccensis - Fresh/IMG_20191112_055841_2.jpg,Upeneus Moluccensis,Fresh,7,1,Upeneus Moluccensis | Fresh
Upeneus Moluccensis - Fresh/IMG_20191112_055858_1.jpg,Upeneus Moluccensis,Fresh,7,1,Upeneus Moluccensis | Fresh
Upeneus Moluccensis - Fresh/IMG_20191112_055858_2.jpg,Upeneus Moluccensis,Fresh,7,1,Upeneus Moluccensis | Fresh
Upeneus Moluccensis - Fresh/IMG_20191112_055858_3.jpg,Upeneus Moluccensis,Fresh,7,1,Upeneus Moluccensis | Fresh
Upeneus Moluccensis - Fresh/IMG_20191112_055919_1.jpg,Upeneus Moluccensis,Fresh,7,1,Upeneus Moluccensis | Fresh
Upeneus Moluccensis - Fresh/IMG_20191112_055919_2.jpg,Upeneus Moluccensis,Fresh,7,1,Upeneus Moluccensis | Fresh
Upeneus Moluccensis - Fresh/IMG_20191112_055919_3.jpg,Upeneus Moluccensis,Fresh,7,1,Upeneus Moluccensis | Fresh
Upeneus Moluccensis - Fresh/IMG_20191112_055919_4.jpg,Upeneus Moluccensis,Fresh,7,1,Upeneus Moluccensis | Fresh
Upeneus Moluccensis - Fresh/IMG_20191112_055940_1.jpg,Upeneus Moluccensis,Fresh,7,1,Upeneus Moluccensis | Fresh
Upeneus Moluccensis - Fresh/IMG_20191112_055940_2.jpg,Upeneus Moluccensis,Fresh,7,1,Upeneus Moluccensis | Fresh
Upeneus Moluccensis - Fresh/IMG_20191112_055940_3.jpg,Upeneus Moluccensis,Fresh,7,1,Upeneus Moluccensis | Fresh
Upeneus Moluccensis - Fresh/IMG_20191112_055940_4.jpg,Upeneus Moluccensis,Fresh,7,1,Upeneus Moluccensis | Fresh
Upeneus Moluccensis - Fresh/IMG_20191112_060010_1.jpg,Upeneus Moluccensis,Fresh,7,1,Upeneus Moluccensis | Fresh
Upeneus Moluccensis - Fresh/IMG_20191112_060010_2.jpg,Upeneus Moluccensis,Fresh,7,1,Upeneus Moluccensis | Fresh
Upeneus Moluccensis - Fresh/IMG_20191112_060010_3.jpg,Upeneus Moluccensis,Fresh,7,1,Upeneus Moluccensis | Fresh
Upeneus Moluccensis - Fresh/IMG_20191112_060010_4.jpg,Upeneus Moluccensis,Fresh,7,1,Upeneus Moluccensis | Fresh
Upeneus Moluccensis - Fresh/IMG_20191112_060010_5.jpg,Upeneus Moluccensis,Fresh,7,1,Upeneus Moluccensis | Fresh
Upeneus Moluccensis - Fresh/IMG_20191112_060029_1.jpg,Upeneus Moluccensis,Fresh,7,1,Upeneus Moluccensis | Fresh
Upeneus Moluccensis - Fresh/IMG_20191112_060029_2.jpg,Upeneus Moluccensis,Fresh,7,1,Upeneus Moluccensis | Fresh
Upeneus Moluccensis - Fresh/IMG_20191112_060029_3.jpg,Upeneus Moluccensis,Fresh,7,1,Upeneus Moluccensis | Fresh
Upeneus Moluccensis - Fresh/IMG_20191112_060040_1.jpg,Upeneus Moluccensis,Fresh,7,1,Upeneus Moluccensis | Fresh
Upeneus Moluccensis - Fresh/IMG_20191112_060040_2.jpg,Upeneus Moluccensis,Fresh,7,1,Upeneus Moluccensis | Fresh
Upeneus Moluccensis - Fresh/IMG_20191112_060040_3.jpg,Upeneus Moluccensis,Fresh,7,1,Upeneus Moluccensis | Fresh
Upeneus Moluccensis - Fresh/IMG_20191112_060228.jpg,Upeneus Moluccensis,Fresh,7,1,Upeneus Moluccensis | Fresh
Upeneus Moluccensis - Fresh/IMG_20191112_060233.jpg,Upeneus Moluccensis,Fresh,7,1,Upeneus Moluccensis | Fresh
Upeneus Moluccensis - Fresh/IMG_20191112_060237.jpg,Upeneus Moluccensis,Fresh,7,1,Upeneus Moluccensis | Fresh
Upeneus Moluccensis - Fresh/IMG_20191112_060241.jpg,Upeneus Moluccensis,Fresh,7,1,Upeneus Moluccensis | Fresh
Upeneus Moluccensis - Fresh/IMG_20191112_060246.jpg,Upeneus Moluccensis,Fresh,7,1,Upeneus Moluccensis | Fresh
Upeneus Moluccensis - Fresh/IMG_20191112_060249.jpg,Upeneus Moluccensis,Fresh,7,1,Upeneus Moluccensis | Fresh
Upeneus Moluccensis - Fresh/IMG_20191112_060253.jpg,Upeneus Moluccensis,Fresh,7,1,Upeneus Moluccensis | Fresh
Upeneus Moluccensis - Fresh/IMG_20191112_060256.jpg,Upeneus Moluccensis,Fresh,7,1,Upeneus Moluccensis | Fresh
Upeneus Moluccensis - Fresh/IMG_20191112_060321.jpg,Upeneus Moluccensis,Fresh,7,1,Upeneus Moluccensis | Fresh
Upeneus Moluccensis - Fresh/IMG_20191112_060326.jpg,Upeneus Moluccensis,Fresh,7,1,Upeneus Moluccensis | Fresh
Upeneus Moluccensis - Fresh/IMG_20191112_060331.jpg,Upeneus Moluccensis,Fresh,7,1,Upeneus Moluccensis | Fresh
Upeneus Moluccensis - Fresh/IMG_20191112_060334.jpg,Upeneus Moluccensis,Fresh,7,1,Upeneus Moluccensis | Fresh
Upeneus Moluccensis - Fresh/IMG_20191112_060338.jpg,Upeneus Moluccensis,Fresh,7,1,Upeneus Moluccensis | Fresh
Upeneus Moluccensis - Fresh/IMG_20191112_060342.jpg,Upeneus Moluccensis,Fresh,7,1,Upeneus Moluccensis | Fresh
Upeneus Moluccensis - Fresh/IMG_20191112_060345.jpg,Upeneus Moluccensis,Fresh,7,1,Upeneus Moluccensis | Fresh
Upeneus Moluccensis - Fresh/IMG_20191112_060348.jpg,Upeneus Moluccensis,Fresh,7,1,Upeneus Moluccensis | Fresh
Upeneus Moluccensis - Fresh/IMG_20191112_060433_1.jpg,Upeneus Moluccensis,Fresh,7,1,Upeneus Moluccensis | Fresh
Upeneus Moluccensis - Fresh/IMG_20191112_060433_2.jpg,Upeneus Moluccensis,Fresh,7,1,Upeneus Moluccensis | Fresh
Upeneus Moluccensis - Fresh/IMG_20191112_060438_1.jpg,Upeneus Moluccensis,Fresh,7,1,Upeneus Moluccensis | Fresh
Upeneus Moluccensis - Fresh/IMG_20191112_060438_2.jpg,Upeneus Moluccensis,Fresh,7,1,Upeneus Moluccensis | Fresh
Upeneus Moluccensis - Fresh/IMG_20191112_060442_1.jpg,Upeneus Moluccensis,Fresh,7,1,Upeneus Moluccensis | Fresh
Upeneus Moluccensis - Fresh/IMG_20191112_060442_2.jpg,Upeneus Moluccensis,Fresh,7,1,Upeneus Moluccensis | Fresh
Upeneus Moluccensis - Fresh/IMG_20191112_060445_1.jpg,Upeneus Moluccensis,Fresh,7,1,Upeneus Moluccensis | Fresh
Upeneus Moluccensis - Fresh/IMG_20191112_060445_2.jpg,Upeneus Moluccensis,Fresh,7,1,Upeneus Moluccensis | Fresh
Upeneus Moluccensis - Fresh/IMG_20191112_060506_1.jpg,Upeneus Moluccensis,Fresh,7,1,Upeneus Moluccensis | Fresh
Upeneus Moluccensis - Fresh/IMG_20191112_060506_2.jpg,Upeneus Moluccensis,Fresh,7,1,Upeneus Moluccensis | Fresh
Upeneus Moluccensis - Fresh/IMG_20191112_060511_1.jpg,Upeneus Moluccensis,Fresh,7,1,Upeneus Moluccensis | Fresh
Upeneus Moluccensis - Fresh/IMG_20191112_060511_2.jpg,Upeneus Moluccensis,Fresh,7,1,Upeneus Moluccensis | Fresh
Upeneus Moluccensis - Fresh/IMG_20191112_060514_1.jpg,Upeneus Moluccensis,Fresh,7,1,Upeneus Moluccensis | Fresh
Upeneus Moluccensis - Fresh/IMG_20191112_060514_2.jpg,Upeneus Moluccensis,Fresh,7,1,Upeneus Moluccensis | Fresh
Upeneus Moluccensis - Fresh/IMG_20191112_060519_1.jpg,Upeneus Moluccensis,Fresh,7,1,Upeneus Moluccensis | Fresh
Upeneus Moluccensis - Fresh/IMG_20191112_060519_2.jpg,Upeneus Moluccensis,Fresh,7,1,Upeneus Moluccensis | Fresh
Upeneus Moluccensis - Fresh/IMG_20191112_060644_1.jpg,Upeneus Moluccensis,Fresh,7,1,Upeneus Moluccensis | Fresh
Upeneus Moluccensis - Fresh/IMG_20191112_060644_2.jpg,Upeneus Moluccensis,Fresh,7,1,Upeneus Moluccensis | Fresh
Upeneus Moluccensis - Fresh/IMG_20191112_060644_3.jpg,Upeneus Moluccensis,Fresh,7,1,Upeneus Moluccensis | Fresh
Upeneus Moluccensis - Fresh/IMG_20191112_060644_4.jpg,Upeneus Moluccensis,Fresh,7,1,Upeneus Moluccensis | Fresh
Upeneus Moluccensis - Fresh/IMG_20191112_060648_1.jpg,Upeneus Moluccensis,Fresh,7,1,Upeneus Moluccensis | Fresh
Upeneus Moluccensis - Fresh/IMG_20191112_060648_2.jpg,Upeneus Moluccensis,Fresh,7,1,Upeneus Moluccensis | Fresh
Upeneus Moluccensis - Fresh/IMG_20191112_060648_3.jpg,Upeneus Moluccensis,Fresh,7,1,Upeneus Moluccensis | Fresh
Upeneus Moluccensis - Fresh/IMG_20191112_060648_4.jpg,Upeneus Moluccensis,Fresh,7,1,Upeneus Moluccensis | Fresh
Upeneus Moluccensis - Fresh/IMG_20191112_060714_1.jpg,Upeneus Moluccensis,Fresh,7,1,Upeneus Moluccensis | Fresh
Upeneus Moluccensis - Fresh/IMG_20191112_060714_2.jpg,Upeneus Moluccensis,Fresh,7,1,Upeneus Moluccensis | Fresh
Upeneus Moluccensis - Fresh/IMG_20191112_060714_3.jpg,Upeneus Moluccensis,Fresh,7,1,Upeneus Moluccensis | Fresh
Upeneus Moluccensis - Fresh/IMG_20191112_060714_4.jpg,Upeneus Moluccensis,Fresh,7,1,Upeneus Moluccensis | Fresh
Upeneus Moluccensis - Fresh/IMG_20191112_060714_5.jpg,Upeneus Moluccensis,Fresh,7,1,Upeneus Moluccensis | Fresh
Upeneus Moluccensis - Fresh/IMG_20191112_060732_1.jpg,Upeneus Moluccensis,Fresh,7,1,Upeneus Moluccensis | Fresh
Upeneus Moluccensis - Fresh/IMG_20191112_060732_2.jpg,Upeneus Moluccensis,Fresh,7,1,Upeneus Moluccensis | Fresh
Upeneus Moluccensis - Fresh/IMG_20191112_060732_3.jpg,Upeneus Moluccensis,Fresh,7,1,Upeneus Moluccensis | Fresh
Upeneus Moluccensis - Fresh/IMG_20191112_060732_4.jpg,Upeneus Moluccensis,Fresh,7,1,Upeneus Moluccensis | Fresh
Upeneus Moluccensis - Fresh/IMG_20191112_060732_5.jpg,Upeneus Moluccensis,Fresh,7,1,Upeneus Moluccensis | Fresh
Upeneus Moluccensis - Fresh/IMG_20191112_060732_6.jpg,Upeneus Moluccensis,Fresh,7,1,Upeneus Moluccensis | Fresh
Upeneus Moluccensis - Fresh/IMG_20191112_060732_7.jpg,Upeneus Moluccensis,Fresh,7,1,Upeneus Moluccensis | Fresh
Upeneus Moluccensis - Fresh/IMG_20191112_064109_1.jpg,Upeneus Moluccensis,Fresh,7,1,Upeneus Moluccensis | Fresh
Upeneus Moluccensis - Fresh/IMG_20191112_064120_1.jpg,Upeneus Moluccensis,Fresh,7,1,Upeneus Moluccensis | Fresh
Upeneus Moluccensis - Fresh/IMG_20191112_064120_2.jpg,Upeneus Moluccensis,Fresh,7,1,Upeneus Moluccensis | Fresh
Upeneus Moluccensis - Fresh/IMG_20191112_064136_1.jpg,Upeneus Moluccensis,Fresh,7,1,Upeneus Moluccensis | Fresh
Upeneus Moluccensis - Fresh/IMG_20191112_064136_2.jpg,Upeneus Moluccensis,Fresh,7,1,Upeneus Moluccensis | Fresh
Upeneus Moluccensis - Fresh/IMG_20191112_064151_1.jpg,Upeneus Moluccensis,Fresh,7,1,Upeneus Moluccensis | Fresh
Upeneus Moluccensis - Fresh/IMG_20191112_064151_2.jpg,Upeneus Moluccensis,Fresh,7,1,Upeneus Moluccensis | Fresh
Upeneus Moluccensis - Fresh/IMG_20191113_061320.jpg,Upeneus Moluccensis,Fresh,7,1,Upeneus Moluccensis | Fresh
Upeneus Moluccensis - Fresh/IMG_20191113_061336.jpg,Upeneus Moluccensis,Fresh,7,1,Upeneus Moluccensis | Fresh
Upeneus Moluccensis - Fresh/IMG_20191113_061355.jpg,Upeneus Moluccensis,Fresh,7,1,Upeneus Moluccensis | Fresh
Upeneus Moluccensis - Fresh/IMG_20191113_061408.jpg,Upeneus Moluccensis,Fresh,7,1,Upeneus Moluccensis | Fresh
Upeneus Moluccensis - Fresh/IMG_20191113_061422.jpg,Upeneus Moluccensis,Fresh,7,1,Upeneus Moluccensis | Fresh
Upeneus Moluccensis - Fresh/IMG_20191113_061429.jpg,Upeneus Moluccensis,Fresh,7,1,Upeneus Moluccensis | Fresh
Upeneus Moluccensis - Fresh/IMG_20191113_061517.jpg,Upeneus Moluccensis,Fresh,7,1,Upeneus Moluccensis | Fresh
Upeneus Moluccensis - Fresh/IMG_20191113_061529.jpg,Upeneus Moluccensis,Fresh,7,1,Upeneus Moluccensis | Fresh
Upeneus Moluccensis - Fresh/IMG_20191113_061551.jpg,Upeneus Moluccensis,Fresh,7,1,Upeneus Moluccensis | Fresh
Upeneus Moluccensis - Fresh/IMG_20191113_061601.jpg,Upeneus Moluccensis,Fresh,7,1,Upeneus Moluccensis | Fresh
Upeneus Moluccensis - Fresh/IMG_20191113_061613.jpg,Upeneus Moluccensis,Fresh,7,1,Upeneus Moluccensis | Fresh
Upeneus Moluccensis - Fresh/IMG_20191113_061625.jpg,Upeneus Moluccensis,Fresh,7,1,Upeneus Moluccensis | Fresh
Upeneus Moluccensis - Fresh/IMG_20191113_061636.jpg,Upeneus Moluccensis,Fresh,7,1,Upeneus Moluccensis | Fresh
Upeneus Moluccensis - Fresh/IMG_20191113_061644.jpg,Upeneus Moluccensis,Fresh,7,1,Upeneus Moluccensis | Fresh
Upeneus Moluccensis - Fresh/IMG_20191113_061703.jpg,Upeneus Moluccensis,Fresh,7,1,Upeneus Moluccensis | Fresh
Upeneus Moluccensis - Fresh/IMG_20191113_061712.jpg,Upeneus Moluccensis,Fresh,7,1,Upeneus Moluccensis | Fresh
Upeneus Moluccensis - Fresh/IMG_20191113_061735_1.jpg,Upeneus Moluccensis,Fresh,7,1,Upeneus Moluccensis | Fresh
Upeneus Moluccensis - Fresh/IMG_20191113_061735_2.jpg,Upeneus Moluccensis,Fresh,7,1,Upeneus Moluccensis | Fresh
Upeneus Moluccensis - Fresh/IMG_20191113_061754_1.jpg,Upeneus Moluccensis,Fresh,7,1,Upeneus Moluccensis | Fresh
Upeneus Moluccensis - Fresh/IMG_20191113_061754_2.jpg,Upeneus Moluccensis,Fresh,7,1,Upeneus Moluccensis | Fresh
Upeneus Moluccensis - Fresh/IMG_20191113_061754_3.jpg,Upeneus Moluccensis,Fresh,7,1,Upeneus Moluccensis | Fresh
Upeneus Moluccensis - Fresh/IMG_20191113_061824_1.jpg,Upeneus Moluccensis,Fresh,7,1,Upeneus Moluccensis | Fresh
Upeneus Moluccensis - Fresh/IMG_20191113_061824_2.jpg,Upeneus Moluccensis,Fresh,7,1,Upeneus Moluccensis | Fresh
Upeneus Moluccensis - Fresh/IMG_20191113_061836_1.jpg,Upeneus Moluccensis,Fresh,7,1,Upeneus Moluccensis | Fresh
Upeneus Moluccensis - Fresh/IMG_20191113_061836_2.jpg,Upeneus Moluccensis,Fresh,7,1,Upeneus Moluccensis | Fresh
Upeneus Moluccensis - Fresh/IMG_20191113_061850_1.jpg,Upeneus Moluccensis,Fresh,7,1,Upeneus Moluccensis | Fresh
Upeneus Moluccensis - Fresh/IMG_20191113_061850_2.jpg,Upeneus Moluccensis,Fresh,7,1,Upeneus Moluccensis | Fresh
Upeneus Moluccensis - Fresh/IMG_20191113_061850_3.jpg,Upeneus Moluccensis,Fresh,7,1,Upeneus Moluccensis | Fresh
Upeneus Moluccensis - Fresh/IMG_20191113_061943.jpg,Upeneus Moluccensis,Fresh,7,1,Upeneus Moluccensis | Fresh
Upeneus Moluccensis - Fresh/IMG_20191113_061947.jpg,Upeneus Moluccensis,Fresh,7,1,Upeneus Moluccensis | Fresh
Upeneus Moluccensis - Fresh/IMG_20191113_061952.jpg,Upeneus Moluccensis,Fresh,7,1,Upeneus Moluccensis | Fresh
Upeneus Moluccensis - Fresh/IMG_20191113_061955.jpg,Upeneus Moluccensis,Fresh,7,1,Upeneus Moluccensis | Fresh
Upeneus Moluccensis - Fresh/IMG_20191113_062003.jpg,Upeneus Moluccensis,Fresh,7,1,Upeneus Moluccensis | Fresh
Upeneus Moluccensis - Fresh/IMG_20191113_062006.jpg,Upeneus Moluccensis,Fresh,7,1,Upeneus Moluccensis | Fresh
Upeneus Moluccensis - Fresh/IMG_20191113_062025.jpg,Upeneus Moluccensis,Fresh,7,1,Upeneus Moluccensis | Fresh
Upeneus Moluccensis - Fresh/IMG_20191113_062028.jpg,Upeneus Moluccensis,Fresh,7,1,Upeneus Moluccensis | Fresh
Upeneus Moluccensis - Fresh/IMG_20191113_062032.jpg,Upeneus Moluccensis,Fresh,7,1,Upeneus Moluccensis | Fresh
Upeneus Moluccensis - Fresh/IMG_20191113_062037.jpg,Upeneus Moluccensis,Fresh,7,1,Upeneus Moluccensis | Fresh
Upeneus Moluccensis - Fresh/IMG_20191113_062044.jpg,Upeneus Moluccensis,Fresh,7,1,Upeneus Moluccensis | Fresh
Upeneus Moluccensis - Fresh/IMG_20191113_062048.jpg,Upeneus Moluccensis,Fresh,7,1,Upeneus Moluccensis | Fresh
Upeneus Moluccensis - Fresh/IMG_20191113_062113.jpg,Upeneus Moluccensis,Fresh,7,1,Upeneus Moluccensis | Fresh
Upeneus Moluccensis - Fresh/IMG_20191113_062117.jpg,Upeneus Moluccensis,Fresh,7,1,Upeneus Moluccensis | Fresh
Upeneus Moluccensis - Fresh/IMG_20191113_062128.jpg,Upeneus Moluccensis,Fresh,7,1,Upeneus Moluccensis | Fresh
Upeneus Moluccensis - Fresh/IMG_20191113_062131.jpg,Upeneus Moluccensis,Fresh,7,1,Upeneus Moluccensis | Fresh
Upeneus Moluccensis - Fresh/IMG_20191113_062211_1.jpg,Upeneus Moluccensis,Fresh,7,1,Upeneus Moluccensis | Fresh
Upeneus Moluccensis - Fresh/IMG_20191113_062211_2.jpg,Upeneus Moluccensis,Fresh,7,1,Upeneus Moluccensis | Fresh
Upeneus Moluccensis - Fresh/IMG_20191113_062217_1.jpg,Upeneus Moluccensis,Fresh,7,1,Upeneus Moluccensis | Fresh
Upeneus Moluccensis - Fresh/IMG_20191113_062217_2.jpg,Upeneus Moluccensis,Fresh,7,1,Upeneus Moluccensis | Fresh
Upeneus Moluccensis - Fresh/IMG_20191113_062217_3.jpg,Upeneus Moluccensis,Fresh,7,1,Upeneus Moluccensis | Fresh
Upeneus Moluccensis - Fresh/IMG_20191113_062221_1.jpg,Upeneus Moluccensis,Fresh,7,1,Upeneus Moluccensis | Fresh
Upeneus Moluccensis - Fresh/IMG_20191113_062221_2.jpg,Upeneus Moluccensis,Fresh,7,1,Upeneus Moluccensis | Fresh
Upeneus Moluccensis - Fresh/IMG_20191113_062241_1.jpg,Upeneus Moluccensis,Fresh,7,1,Upeneus Moluccensis | Fresh
Upeneus Moluccensis - Fresh/IMG_20191113_062241_2.jpg,Upeneus Moluccensis,Fresh,7,1,Upeneus Moluccensis | Fresh
Upeneus Moluccensis - Fresh/IMG_20191113_062245_1.jpg,Upeneus Moluccensis,Fresh,7,1,Upeneus Moluccensis | Fresh
Upeneus Moluccensis - Fresh/IMG_20191113_062245_2.jpg,Upeneus Moluccensis,Fresh,7,1,Upeneus Moluccensis | Fresh
Upeneus Moluccensis - Fresh/IMG_20191113_062245_3.jpg,Upeneus Moluccensis,Fresh,7,1,Upeneus Moluccensis | Fresh
Upeneus Moluccensis - Fresh/IMG_20191113_062249_1.jpg,Upeneus Moluccensis,Fresh,7,1,Upeneus Moluccensis | Fresh
Upeneus Moluccensis - Fresh/IMG_20191113_062249_2.jpg,Upeneus Moluccensis,Fresh,7,1,Upeneus Moluccensis | Fresh
Upeneus Moluccensis - Fresh/IMG_20191113_062249_3.jpg,Upeneus Moluccensis,Fresh,7,1,Upeneus Moluccensis | Fresh
Upeneus Moluccensis - Fresh/IMG_20191113_062357.jpg,Upeneus Moluccensis,Fresh,7,1,Upeneus Moluccensis | Fresh
Upeneus Moluccensis - Fresh/IMG_20191113_062412.jpg,Upeneus Moluccensis,Fresh,7,1,Upeneus Moluccensis | Fresh
Upeneus Moluccensis - Fresh/IMG_20191113_062436_1.jpg,Upeneus Moluccensis,Fresh,7,1,Upeneus Moluccensis | Fresh
Upeneus Moluccensis - Fresh/IMG_20191113_062436_2.jpg,Upeneus Moluccensis,Fresh,7,1,Upeneus Moluccensis | Fresh
Upeneus Moluccensis - Fresh/IMG_20191113_062446.jpg,Upeneus Moluccensis,Fresh,7,1,Upeneus Moluccensis | Fresh
Upeneus Moluccensis - Fresh/IMG_20191113_062505_1.jpg,Upeneus Moluccensis,Fresh,7,1,Upeneus Moluccensis | Fresh
Upeneus Moluccensis - Fresh/IMG_20191113_062505_2.jpg,Upeneus Moluccensis,Fresh,7,1,Upeneus Moluccensis | Fresh
Upeneus Moluccensis - Fresh/IMG_20191113_062505_3.jpg,Upeneus Moluccensis,Fresh,7,1,Upeneus Moluccensis | Fresh
Upeneus Moluccensis - Fresh/IMG_20191113_062505_4.jpg,Upeneus Moluccensis,Fresh,7,1,Upeneus Moluccensis | Fresh
Upeneus Moluccensis - Fresh/IMG_20191113_062505_5.jpg,Upeneus Moluccensis,Fresh,7,1,Upeneus Moluccensis | Fresh
Upeneus Moluccensis - Fresh/IMG_20191113_062505_6.jpg,Upeneus Moluccensis,Fresh,7,1,Upeneus Moluccensis | Fresh
Upeneus Moluccensis - Fresh/IMG_20191113_062505_7.jpg,Upeneus Moluccensis,Fresh,7,1,Upeneus Moluccensis | Fresh
Upeneus Moluccensis - Highly Fresh/IMG_20191014_064535.jpg,Upeneus Moluccensis,Highly Fresh,7,0,Upeneus Moluccensis | Highly Fresh
Upeneus Moluccensis - Highly Fresh/IMG_20191014_064544.jpg,Upeneus Moluccensis,Highly Fresh,7,0,Upeneus Moluccensis | Highly Fresh
Upeneus Moluccensis - Highly Fresh/IMG_20191014_064617.jpg,Upeneus Moluccensis,Highly Fresh,7,0,Upeneus Moluccensis | Highly Fresh
Upeneus Moluccensis - Highly Fresh/IMG_20191014_064715.jpg,Upeneus Moluccensis,Highly Fresh,7,0,Upeneus Moluccensis | Highly Fresh
Upeneus Moluccensis - Highly Fresh/IMG_20191014_064734.jpg,Upeneus Moluccensis,Highly Fresh,7,0,Upeneus Moluccensis | Highly Fresh
Upeneus Moluccensis - Highly Fresh/IMG_20191014_064742.jpg,Upeneus Moluccensis,Highly Fresh,7,0,Upeneus Moluccensis | Highly Fresh
Upeneus Moluccensis - Highly Fresh/IMG_20191014_064806.jpg,Upeneus Moluccensis,Highly Fresh,7,0,Upeneus Moluccensis | Highly Fresh
Upeneus Moluccensis - Highly Fresh/IMG_20191014_064819.jpg,Upeneus Moluccensis,Highly Fresh,7,0,Upeneus Moluccensis | Highly Fresh
Upeneus Moluccensis - Highly Fresh/IMG_20191014_064854.jpg,Upeneus Moluccensis,Highly Fresh,7,0,Upeneus Moluccensis | Highly Fresh
Upeneus Moluccensis - Highly Fresh/IMG_20191014_064903.jpg,Upeneus Moluccensis,Highly Fresh,7,0,Upeneus Moluccensis | Highly Fresh
Upeneus Moluccensis - Highly Fresh/IMG_20191014_064918.jpg,Upeneus Moluccensis,Highly Fresh,7,0,Upeneus Moluccensis | Highly Fresh
Upeneus Moluccensis - Highly Fresh/IMG_20191014_064931.jpg,Upeneus Moluccensis,Highly Fresh,7,0,Upeneus Moluccensis | Highly Fresh
Upeneus Moluccensis - Highly Fresh/IMG_20191014_064950.jpg,Upeneus Moluccensis,Highly Fresh,7,0,Upeneus Moluccensis | Highly Fresh
Upeneus Moluccensis - Highly Fresh/IMG_20191014_065006.jpg,Upeneus Moluccensis,Highly Fresh,7,0,Upeneus Moluccensis | Highly Fresh
Upeneus Moluccensis - Highly Fresh/IMG_20191014_065022.jpg,Upeneus Moluccensis,Highly Fresh,7,0,Upeneus Moluccensis | Highly Fresh
Upeneus Moluccensis - Highly Fresh/IMG_20191014_065033.jpg,Upeneus Moluccensis,Highly Fresh,7,0,Upeneus Moluccensis | Highly Fresh
Upeneus Moluccensis - Highly Fresh/IMG_20191014_065116.jpg,Upeneus Moluccensis,Highly Fresh,7,0,Upeneus Moluccensis | Highly Fresh
Upeneus Moluccensis - Highly Fresh/IMG_20191014_065137.jpg,Upeneus Moluccensis,Highly Fresh,7,0,Upeneus Moluccensis | Highly Fresh
Upeneus Moluccensis - Highly Fresh/IMG_20191014_065157.jpg,Upeneus Moluccensis,Highly Fresh,7,0,Upeneus Moluccensis | Highly Fresh
Upeneus Moluccensis - Highly Fresh/IMG_20191014_065416.jpg,Upeneus Moluccensis,Highly Fresh,7,0,Upeneus Moluccensis | Highly Fresh
Upeneus Moluccensis - Highly Fresh/IMG_20191014_065424.jpg,Upeneus Moluccensis,Highly Fresh,7,0,Upeneus Moluccensis | Highly Fresh
Upeneus Moluccensis - Highly Fresh/IMG_20191014_065442.jpg,Upeneus Moluccensis,Highly Fresh,7,0,Upeneus Moluccensis | Highly Fresh
Upeneus Moluccensis - Highly Fresh/IMG_20191014_065456.jpg,Upeneus Moluccensis,Highly Fresh,7,0,Upeneus Moluccensis | Highly Fresh
Upeneus Moluccensis - Highly Fresh/IMG_20191014_065556.jpg,Upeneus Moluccensis,Highly Fresh,7,0,Upeneus Moluccensis | Highly Fresh
Upeneus Moluccensis - Highly Fresh/IMG_20191014_065616.jpg,Upeneus Moluccensis,Highly Fresh,7,0,Upeneus Moluccensis | Highly Fresh
Upeneus Moluccensis - Highly Fresh/IMG_20191014_065623.jpg,Upeneus Moluccensis,Highly Fresh,7,0,Upeneus Moluccensis | Highly Fresh
Upeneus Moluccensis - Highly Fresh/IMG_20191014_065639.jpg,Upeneus Moluccensis,Highly Fresh,7,0,Upeneus Moluccensis | Highly Fresh
Upeneus Moluccensis - Highly Fresh/IMG_20191014_065648.jpg,Upeneus Moluccensis,Highly Fresh,7,0,Upeneus Moluccensis | Highly Fresh
Upeneus Moluccensis - Highly Fresh/IMG_20191014_065659.jpg,Upeneus Moluccensis,Highly Fresh,7,0,Upeneus Moluccensis | Highly Fresh
Upeneus Moluccensis - Highly Fresh/IMG_20191014_065707.jpg,Upeneus Moluccensis,Highly Fresh,7,0,Upeneus Moluccensis | Highly Fresh
Upeneus Moluccensis - Highly Fresh/IMG_20191015_062200.jpg,Upeneus Moluccensis,Highly Fresh,7,0,Upeneus Moluccensis | Highly Fresh
Upeneus Moluccensis - Highly Fresh/IMG_20191015_062214.jpg,Upeneus Moluccensis,Highly Fresh,7,0,Upeneus Moluccensis | Highly Fresh
Upeneus Moluccensis - Highly Fresh/IMG_20191015_062228.jpg,Upeneus Moluccensis,Highly Fresh,7,0,Upeneus Moluccensis | Highly Fresh
Upeneus Moluccensis - Highly Fresh/IMG_20191015_062246.jpg,Upeneus Moluccensis,Highly Fresh,7,0,Upeneus Moluccensis | Highly Fresh
Upeneus Moluccensis - Highly Fresh/IMG_20191015_062312.jpg,Upeneus Moluccensis,Highly Fresh,7,0,Upeneus Moluccensis | Highly Fresh
Upeneus Moluccensis - Highly Fresh/IMG_20191015_062322.jpg,Upeneus Moluccensis,Highly Fresh,7,0,Upeneus Moluccensis | Highly Fresh
Upeneus Moluccensis - Highly Fresh/IMG_20191015_062344.jpg,Upeneus Moluccensis,Highly Fresh,7,0,Upeneus Moluccensis | Highly Fresh
Upeneus Moluccensis - Highly Fresh/IMG_20191015_062417.jpg,Upeneus Moluccensis,Highly Fresh,7,0,Upeneus Moluccensis | Highly Fresh
Upeneus Moluccensis - Highly Fresh/IMG_20191015_062505.jpg,Upeneus Moluccensis,Highly Fresh,7,0,Upeneus Moluccensis | Highly Fresh
Upeneus Moluccensis - Highly Fresh/IMG_20191015_062512.jpg,Upeneus Moluccensis,Highly Fresh,7,0,Upeneus Moluccensis | Highly Fresh
Upeneus Moluccensis - Highly Fresh/IMG_20191015_062529.jpg,Upeneus Moluccensis,Highly Fresh,7,0,Upeneus Moluccensis | Highly Fresh
Upeneus Moluccensis - Highly Fresh/IMG_20191015_062539.jpg,Upeneus Moluccensis,Highly Fresh,7,0,Upeneus Moluccensis | Highly Fresh
Upeneus Moluccensis - Highly Fresh/IMG_20191015_062554.jpg,Upeneus Moluccensis,Highly Fresh,7,0,Upeneus Moluccensis | Highly Fresh
Upeneus Moluccensis - Highly Fresh/IMG_20191015_062603.jpg,Upeneus Moluccensis,Highly Fresh,7,0,Upeneus Moluccensis | Highly Fresh
Upeneus Moluccensis - Highly Fresh/IMG_20191015_062620.jpg,Upeneus Moluccensis,Highly Fresh,7,0,Upeneus Moluccensis | Highly Fresh
Upeneus Moluccensis - Highly Fresh/IMG_20191015_062633.jpg,Upeneus Moluccensis,Highly Fresh,7,0,Upeneus Moluccensis | Highly Fresh
Upeneus Moluccensis - Highly Fresh/IMG_20191015_062725.jpg,Upeneus Moluccensis,Highly Fresh,7,0,Upeneus Moluccensis | Highly Fresh
Upeneus Moluccensis - Highly Fresh/IMG_20191015_062736.jpg,Upeneus Moluccensis,Highly Fresh,7,0,Upeneus Moluccensis | Highly Fresh
Upeneus Moluccensis - Highly Fresh/IMG_20191015_062755.jpg,Upeneus Moluccensis,Highly Fresh,7,0,Upeneus Moluccensis | Highly Fresh
Upeneus Moluccensis - Highly Fresh/IMG_20191015_062806.jpg,Upeneus Moluccensis,Highly Fresh,7,0,Upeneus Moluccensis | Highly Fresh
Upeneus Moluccensis - Highly Fresh/IMG_20191015_062831.jpg,Upeneus Moluccensis,Highly Fresh,7,0,Upeneus Moluccensis | Highly Fresh
Upeneus Moluccensis - Highly Fresh/IMG_20191015_062841.jpg,Upeneus Moluccensis,Highly Fresh,7,0,Upeneus Moluccensis | Highly Fresh
Upeneus Moluccensis - Highly Fresh/IMG_20191015_062913.jpg,Upeneus Moluccensis,Highly Fresh,7,0,Upeneus Moluccensis | Highly Fresh
Upeneus Moluccensis - Highly Fresh/IMG_20191015_062926.jpg,Upeneus Moluccensis,Highly Fresh,7,0,Upeneus Moluccensis | Highly Fresh
Upeneus Moluccensis - Highly Fresh/IMG_20191015_063009.jpg,Upeneus Moluccensis,Highly Fresh,7,0,Upeneus Moluccensis | Highly Fresh
Upeneus Moluccensis - Highly Fresh/IMG_20191015_063028.jpg,Upeneus Moluccensis,Highly Fresh,7,0,Upeneus Moluccensis | Highly Fresh
Upeneus Moluccensis - Highly Fresh/IMG_20191015_063042.jpg,Upeneus Moluccensis,Highly Fresh,7,0,Upeneus Moluccensis | Highly Fresh
Upeneus Moluccensis - Highly Fresh/IMG_20191015_063057.jpg,Upeneus Moluccensis,Highly Fresh,7,0,Upeneus Moluccensis | Highly Fresh
Upeneus Moluccensis - Highly Fresh/IMG_20191015_063111.jpg,Upeneus Moluccensis,Highly Fresh,7,0,Upeneus Moluccensis | Highly Fresh
Upeneus Moluccensis - Highly Fresh/IMG_20191015_063123.jpg,Upeneus Moluccensis,Highly Fresh,7,0,Upeneus Moluccensis | Highly Fresh
Upeneus Moluccensis - Highly Fresh/IMG_20191015_063144.jpg,Upeneus Moluccensis,Highly Fresh,7,0,Upeneus Moluccensis | Highly Fresh
Upeneus Moluccensis - Highly Fresh/IMG_20191015_063157.jpg,Upeneus Moluccensis,Highly Fresh,7,0,Upeneus Moluccensis | Highly Fresh
Upeneus Moluccensis - Highly Fresh/IMG_20191015_063237.jpg,Upeneus Moluccensis,Highly Fresh,7,0,Upeneus Moluccensis | Highly Fresh
Upeneus Moluccensis - Highly Fresh/IMG_20191015_063249.jpg,Upeneus Moluccensis,Highly Fresh,7,0,Upeneus Moluccensis | Highly Fresh
Upeneus Moluccensis - Highly Fresh/IMG_20191015_063305.jpg,Upeneus Moluccensis,Highly Fresh,7,0,Upeneus Moluccensis | Highly Fresh
Upeneus Moluccensis - Highly Fresh/IMG_20191015_063328.jpg,Upeneus Moluccensis,Highly Fresh,7,0,Upeneus Moluccensis | Highly Fresh
Upeneus Moluccensis - Highly Fresh/IMG_20191015_063348.jpg,Upeneus Moluccensis,Highly Fresh,7,0,Upeneus Moluccensis | Highly Fresh
Upeneus Moluccensis - Highly Fresh/IMG_20191015_063357.jpg,Upeneus Moluccensis,Highly Fresh,7,0,Upeneus Moluccensis | Highly Fresh
Upeneus Moluccensis - Highly Fresh/IMG_20191015_063424.jpg,Upeneus Moluccensis,Highly Fresh,7,0,Upeneus Moluccensis | Highly Fresh
Upeneus Moluccensis - Highly Fresh/IMG_20191015_063502.jpg,Upeneus Moluccensis,Highly Fresh,7,0,Upeneus Moluccensis | Highly Fresh
Upeneus Moluccensis - Highly Fresh/IMG_20191110_061116_1.jpg,Upeneus Moluccensis,Highly Fresh,7,0,Upeneus Moluccensis | Highly Fresh
Upeneus Moluccensis - Highly Fresh/IMG_20191110_061116_2.jpg,Upeneus Moluccensis,Highly Fresh,7,0,Upeneus Moluccensis | Highly Fresh
Upeneus Moluccensis - Highly Fresh/IMG_20191110_061116_3.jpg,Upeneus Moluccensis,Highly Fresh,7,0,Upeneus Moluccensis | Highly Fresh
Upeneus Moluccensis - Highly Fresh/IMG_20191110_061120_1.jpg,Upeneus Moluccensis,Highly Fresh,7,0,Upeneus Moluccensis | Highly Fresh
Upeneus Moluccensis - Highly Fresh/IMG_20191110_061120_2.jpg,Upeneus Moluccensis,Highly Fresh,7,0,Upeneus Moluccensis | Highly Fresh
Upeneus Moluccensis - Highly Fresh/IMG_20191110_061128_1.jpg,Upeneus Moluccensis,Highly Fresh,7,0,Upeneus Moluccensis | Highly Fresh
Upeneus Moluccensis - Highly Fresh/IMG_20191110_061128_2.jpg,Upeneus Moluccensis,Highly Fresh,7,0,Upeneus Moluccensis | Highly Fresh
Upeneus Moluccensis - Highly Fresh/IMG_20191110_061128_3.jpg,Upeneus Moluccensis,Highly Fresh,7,0,Upeneus Moluccensis | Highly Fresh
Upeneus Moluccensis - Highly Fresh/IMG_20191110_061134_1.jpg,Upeneus Moluccensis,Highly Fresh,7,0,Upeneus Moluccensis | Highly Fresh
Upeneus Moluccensis - Highly Fresh/IMG_20191110_061134_2.jpg,Upeneus Moluccensis,Highly Fresh,7,0,Upeneus Moluccensis | Highly Fresh
Upeneus Moluccensis - Highly Fresh/IMG_20191110_061134_3.jpg,Upeneus Moluccensis,Highly Fresh,7,0,Upeneus Moluccensis | Highly Fresh
Upeneus Moluccensis - Highly Fresh/IMG_20191110_061134_4.jpg,Upeneus Moluccensis,Highly Fresh,7,0,Upeneus Moluccensis | Highly Fresh
Upeneus Moluccensis - Highly Fresh/IMG_20191110_061134_5.jpg,Upeneus Moluccensis,Highly Fresh,7,0,Upeneus Moluccensis | Highly Fresh
Upeneus Moluccensis - Highly Fresh/IMG_20191110_061237_1.jpg,Upeneus Moluccensis,Highly Fresh,7,0,Upeneus Moluccensis | Highly Fresh
Upeneus Moluccensis - Highly Fresh/IMG_20191110_061237_2.jpg,Upeneus Moluccensis,Highly Fresh,7,0,Upeneus Moluccensis | Highly Fresh
Upeneus Moluccensis - Highly Fresh/IMG_20191110_061237_3.jpg,Upeneus Moluccensis,Highly Fresh,7,0,Upeneus Moluccensis | Highly Fresh
Upeneus Moluccensis - Highly Fresh/IMG_20191110_061339_1.jpg,Upeneus Moluccensis,Highly Fresh,7,0,Upeneus Moluccensis | Highly Fresh
Upeneus Moluccensis - Highly Fresh/IMG_20191110_061339_2.jpg,Upeneus Moluccensis,Highly Fresh,7,0,Upeneus Moluccensis | Highly Fresh
Upeneus Moluccensis - Highly Fresh/IMG_20191110_061339_3.jpg,Upeneus Moluccensis,Highly Fresh,7,0,Upeneus Moluccensis | Highly Fresh
Upeneus Moluccensis - Highly Fresh/IMG_20191110_061339_4.jpg,Upeneus Moluccensis,Highly Fresh,7,0,Upeneus Moluccensis | Highly Fresh
Upeneus Moluccensis - Highly Fresh/IMG_20191110_061339_5.jpg,Upeneus Moluccensis,Highly Fresh,7,0,Upeneus Moluccensis | Highly Fresh
Upeneus Moluccensis - Highly Fresh/IMG_20191110_061355_1.jpg,Upeneus Moluccensis,Highly Fresh,7,0,Upeneus Moluccensis | Highly Fresh
Upeneus Moluccensis - Highly Fresh/IMG_20191110_061355_2.jpg,Upeneus Moluccensis,Highly Fresh,7,0,Upeneus Moluccensis | Highly Fresh
Upeneus Moluccensis - Highly Fresh/IMG_20191110_061355_3.jpg,Upeneus Moluccensis,Highly Fresh,7,0,Upeneus Moluccensis | Highly Fresh
Upeneus Moluccensis - Highly Fresh/IMG_20191110_061355_4.jpg,Upeneus Moluccensis,Highly Fresh,7,0,Upeneus Moluccensis | Highly Fresh
Upeneus Moluccensis - Highly Fresh/IMG_20191110_061355_5.jpg,Upeneus Moluccensis,Highly Fresh,7,0,Upeneus Moluccensis | Highly Fresh
Upeneus Moluccensis - Highly Fresh/IMG_20191110_061419_1.jpg,Upeneus Moluccensis,Highly Fresh,7,0,Upeneus Moluccensis | Highly Fresh
Upeneus Moluccensis - Highly Fresh/IMG_20191110_061419_2.jpg,Upeneus Moluccensis,Highly Fresh,7,0,Upeneus Moluccensis | Highly Fresh
Upeneus Moluccensis - Highly Fresh/IMG_20191110_061419_3.jpg,Upeneus Moluccensis,Highly Fresh,7,0,Upeneus Moluccensis | Highly Fresh
Upeneus Moluccensis - Highly Fresh/IMG_20191110_061419_4.jpg,Upeneus Moluccensis,Highly Fresh,7,0,Upeneus Moluccensis | Highly Fresh
Upeneus Moluccensis - Highly Fresh/IMG_20191110_061419_5.jpg,Upeneus Moluccensis,Highly Fresh,7,0,Upeneus Moluccensis | Highly Fresh
Upeneus Moluccensis - Highly Fresh/IMG_20191110_061419_6.jpg,Upeneus Moluccensis,Highly Fresh,7,0,Upeneus Moluccensis | Highly Fresh
Upeneus Moluccensis - Highly Fresh/IMG_20191110_061453_1.jpg,Upeneus Moluccensis,Highly Fresh,7,0,Upeneus Moluccensis | Highly Fresh
Upeneus Moluccensis - Highly Fresh/IMG_20191110_061453_2.jpg,Upeneus Moluccensis,Highly Fresh,7,0,Upeneus Moluccensis | Highly Fresh
Upeneus Moluccensis - Highly Fresh/IMG_20191110_061453_3.jpg,Upeneus Moluccensis,Highly Fresh,7,0,Upeneus Moluccensis | Highly Fresh
Upeneus Moluccensis - Highly Fresh/IMG_20191110_061453_4.jpg,Upeneus Moluccensis,Highly Fresh,7,0,Upeneus Moluccensis | Highly Fresh
Upeneus Moluccensis - Highly Fresh/IMG_20191110_061504_1.jpg,Upeneus Moluccensis,Highly Fresh,7,0,Upeneus Moluccensis | Highly Fresh
Upeneus Moluccensis - Highly Fresh/IMG_20191110_061504_2.jpg,Upeneus Moluccensis,Highly Fresh,7,0,Upeneus Moluccensis | Highly Fresh
Upeneus Moluccensis - Highly Fresh/IMG_20191110_061504_3.jpg,Upeneus Moluccensis,Highly Fresh,7,0,Upeneus Moluccensis | Highly Fresh
Upeneus Moluccensis - Highly Fresh/IMG_20191110_061504_4.jpg,Upeneus Moluccensis,Highly Fresh,7,0,Upeneus Moluccensis | Highly Fresh
Upeneus Moluccensis - Highly Fresh/IMG_20191110_073324.jpg,Upeneus Moluccensis,Highly Fresh,7,0,Upeneus Moluccensis | Highly Fresh
Upeneus Moluccensis - Highly Fresh/IMG_20191110_073330.jpg,Upeneus Moluccensis,Highly Fresh,7,0,Upeneus Moluccensis | Highly Fresh
Upeneus Moluccensis - Highly Fresh/IMG_20191110_073343.jpg,Upeneus Moluccensis,Highly Fresh,7,0,Upeneus Moluccensis | Highly Fresh
Upeneus Moluccensis - Highly Fresh/IMG_20191110_073349.jpg,Upeneus Moluccensis,Highly Fresh,7,0,Upeneus Moluccensis | Highly Fresh
Upeneus Moluccensis - Highly Fresh/IMG_20191110_073405.jpg,Upeneus Moluccensis,Highly Fresh,7,0,Upeneus Moluccensis | Highly Fresh
Upeneus Moluccensis - Highly Fresh/IMG_20191110_073411.jpg,Upeneus Moluccensis,Highly Fresh,7,0,Upeneus Moluccensis | Highly Fresh
Upeneus Moluccensis - Highly Fresh/IMG_20191110_073423.jpg,Upeneus Moluccensis,Highly Fresh,7,0,Upeneus Moluccensis | Highly Fresh
Upeneus Moluccensis - Highly Fresh/IMG_20191110_073429.jpg,Upeneus Moluccensis,Highly Fresh,7,0,Upeneus Moluccensis | Highly Fresh
Upeneus Moluccensis - Highly Fresh/IMG_20191110_073442.jpg,Upeneus Moluccensis,Highly Fresh,7,0,Upeneus Moluccensis | Highly Fresh
Upeneus Moluccensis - Highly Fresh/IMG_20191110_073449.jpg,Upeneus Moluccensis,Highly Fresh,7,0,Upeneus Moluccensis | Highly Fresh
Upeneus Moluccensis - Highly Fresh/IMG_20191110_073501.jpg,Upeneus Moluccensis,Highly Fresh,7,0,Upeneus Moluccensis | Highly Fresh
Upeneus Moluccensis - Highly Fresh/IMG_20191110_073507.jpg,Upeneus Moluccensis,Highly Fresh,7,0,Upeneus Moluccensis | Highly Fresh
Upeneus Moluccensis - Highly Fresh/IMG_20191110_073522.jpg,Upeneus Moluccensis,Highly Fresh,7,0,Upeneus Moluccensis | Highly Fresh
Upeneus Moluccensis - Highly Fresh/IMG_20191110_073529.jpg,Upeneus Moluccensis,Highly Fresh,7,0,Upeneus Moluccensis | Highly Fresh
Upeneus Moluccensis - Highly Fresh/IMG_20191110_073542.jpg,Upeneus Moluccensis,Highly Fresh,7,0,Upeneus Moluccensis | Highly Fresh
Upeneus Moluccensis - Highly Fresh/IMG_20191110_073551.jpg,Upeneus Moluccensis,Highly Fresh,7,0,Upeneus Moluccensis | Highly Fresh
Upeneus Moluccensis - Highly Fresh/IMG_20191110_073643.jpg,Upeneus Moluccensis,Highly Fresh,7,0,Upeneus Moluccensis | Highly Fresh
Upeneus Moluccensis - Highly Fresh/IMG_20191110_073647.jpg,Upeneus Moluccensis,Highly Fresh,7,0,Upeneus Moluccensis | Highly Fresh
Upeneus Moluccensis - Highly Fresh/IMG_20191110_073651.jpg,Upeneus Moluccensis,Highly Fresh,7,0,Upeneus Moluccensis | Highly Fresh
Upeneus Moluccensis - Highly Fresh/IMG_20191110_073655.jpg,Upeneus Moluccensis,Highly Fresh,7,0,Upeneus Moluccensis | Highly Fresh
Upeneus Moluccensis - Highly Fresh/IMG_20191110_073700.jpg,Upeneus Moluccensis,Highly Fresh,7,0,Upeneus Moluccensis | Highly Fresh
Upeneus Moluccensis - Highly Fresh/IMG_20191110_073703.jpg,Upeneus Moluccensis,Highly Fresh,7,0,Upeneus Moluccensis | Highly Fresh
Upeneus Moluccensis - Highly Fresh/IMG_20191110_073707.jpg,Upeneus Moluccensis,Highly Fresh,7,0,Upeneus Moluccensis | Highly Fresh
Upeneus Moluccensis - Highly Fresh/IMG_20191110_073710.jpg,Upeneus Moluccensis,Highly Fresh,7,0,Upeneus Moluccensis | Highly Fresh
Upeneus Moluccensis - Highly Fresh/IMG_20191110_073732.jpg,Upeneus Moluccensis,Highly Fresh,7,0,Upeneus Moluccensis | Highly Fresh
Upeneus Moluccensis - Highly Fresh/IMG_20191110_073735.jpg,Upeneus Moluccensis,Highly Fresh,7,0,Upeneus Moluccensis | Highly Fresh
Upeneus Moluccensis - Highly Fresh/IMG_20191110_073738.jpg,Upeneus Moluccensis,Highly Fresh,7,0,Upeneus Moluccensis | Highly Fresh
Upeneus Moluccensis - Highly Fresh/IMG_20191110_073742.jpg,Upeneus Moluccensis,Highly Fresh,7,0,Upeneus Moluccensis | Highly Fresh
Upeneus Moluccensis - Highly Fresh/IMG_20191110_073746.jpg,Upeneus Moluccensis,Highly Fresh,7,0,Upeneus Moluccensis | Highly Fresh
Upeneus Moluccensis - Highly Fresh/IMG_20191110_073749.jpg,Upeneus Moluccensis,Highly Fresh,7,0,Upeneus Moluccensis | Highly Fresh
Upeneus Moluccensis - Highly Fresh/IMG_20191110_073753.jpg,Upeneus Moluccensis,Highly Fresh,7,0,Upeneus Moluccensis | Highly Fresh
Upeneus Moluccensis - Highly Fresh/IMG_20191110_073806.jpg,Upeneus Moluccensis,Highly Fresh,7,0,Upeneus Moluccensis | Highly Fresh
Upeneus Moluccensis - Highly Fresh/IMG_20191110_073827_1.jpg,Upeneus Moluccensis,Highly Fresh,7,0,Upeneus Moluccensis | Highly Fresh
Upeneus Moluccensis - Highly Fresh/IMG_20191110_073827_2.jpg,Upeneus Moluccensis,Highly Fresh,7,0,Upeneus Moluccensis | Highly Fresh
Upeneus Moluccensis - Highly Fresh/IMG_20191110_073827_3.jpg,Upeneus Moluccensis,Highly Fresh,7,0,Upeneus Moluccensis | Highly Fresh
Upeneus Moluccensis - Highly Fresh/IMG_20191110_073827_4.jpg,Upeneus Moluccensis,Highly Fresh,7,0,Upeneus Moluccensis | Highly Fresh
Upeneus Moluccensis - Highly Fresh/IMG_20191110_073843_1.jpg,Upeneus Moluccensis,Highly Fresh,7,0,Upeneus Moluccensis | Highly Fresh
Upeneus Moluccensis - Highly Fresh/IMG_20191110_073843_2.jpg,Upeneus Moluccensis,Highly Fresh,7,0,Upeneus Moluccensis | Highly Fresh
Upeneus Moluccensis - Highly Fresh/IMG_20191110_073843_3.jpg,Upeneus Moluccensis,Highly Fresh,7,0,Upeneus Moluccensis | Highly Fresh
Upeneus Moluccensis - Highly Fresh/IMG_20191110_073853_1.jpg,Upeneus Moluccensis,Highly Fresh,7,0,Upeneus Moluccensis | Highly Fresh
Upeneus Moluccensis - Highly Fresh/IMG_20191110_073853_2.jpg,Upeneus Moluccensis,Highly Fresh,7,0,Upeneus Moluccensis | Highly Fresh
Upeneus Moluccensis - Highly Fresh/IMG_20191110_073853_3.jpg,Upeneus Moluccensis,Highly Fresh,7,0,Upeneus Moluccensis | Highly Fresh
Upeneus Moluccensis - Highly Fresh/IMG_20191110_073853_4.jpg,Upeneus Moluccensis,Highly Fresh,7,0,Upeneus Moluccensis | Highly Fresh
Upeneus Moluccensis - Highly Fresh/IMG_20191110_073853_5.jpg,Upeneus Moluccensis,Highly Fresh,7,0,Upeneus Moluccensis | Highly Fresh
Upeneus Moluccensis - Highly Fresh/IMG_20191110_073853_6.jpg,Upeneus Moluccensis,Highly Fresh,7,0,Upeneus Moluccensis | Highly Fresh
Upeneus Moluccensis - Highly Fresh/IMG_20191110_073904_1.jpg,Upeneus Moluccensis,Highly Fresh,7,0,Upeneus Moluccensis | Highly Fresh
Upeneus Moluccensis - Highly Fresh/IMG_20191110_073904_2.jpg,Upeneus Moluccensis,Highly Fresh,7,0,Upeneus Moluccensis | Highly Fresh
Upeneus Moluccensis - Highly Fresh/IMG_20191110_073904_3.jpg,Upeneus Moluccensis,Highly Fresh,7,0,Upeneus Moluccensis | Highly Fresh
Upeneus Moluccensis - Highly Fresh/IMG_20191110_073904_4.jpg,Upeneus Moluccensis,Highly Fresh,7,0,Upeneus Moluccensis | Highly Fresh
Upeneus Moluccensis - Highly Fresh/IMG_20191110_073904_5.jpg,Upeneus Moluccensis,Highly Fresh,7,0,Upeneus Moluccensis | Highly Fresh
Upeneus Moluccensis - Highly Fresh/IMG_20191110_073904_6.jpg,Upeneus Moluccensis,Highly Fresh,7,0,Upeneus Moluccensis | Highly Fresh
Upeneus Moluccensis - Highly Fresh/IMG_20191110_073933_1.jpg,Upeneus Moluccensis,Highly Fresh,7,0,Upeneus Moluccensis | Highly Fresh
Upeneus Moluccensis - Highly Fresh/IMG_20191110_073933_2.jpg,Upeneus Moluccensis,Highly Fresh,7,0,Upeneus Moluccensis | Highly Fresh
Upeneus Moluccensis - Highly Fresh/IMG_20191110_073933_3.jpg,Upeneus Moluccensis,Highly Fresh,7,0,Upeneus Moluccensis | Highly Fresh
Upeneus Moluccensis - Highly Fresh/IMG_20191110_073933_4.jpg,Upeneus Moluccensis,Highly Fresh,7,0,Upeneus Moluccensis | Highly Fresh
Upeneus Moluccensis - Highly Fresh/IMG_20191110_073933_5.jpg,Upeneus Moluccensis,Highly Fresh,7,0,Upeneus Moluccensis | Highly Fresh
Upeneus Moluccensis - Highly Fresh/IMG_20191110_073933_6.jpg,Upeneus Moluccensis,Highly Fresh,7,0,Upeneus Moluccensis | Highly Fresh
Upeneus Moluccensis - Highly Fresh/IMG_20191110_073933_7.jpg,Upeneus Moluccensis,Highly Fresh,7,0,Upeneus Moluccensis | Highly Fresh
Upeneus Moluccensis - Highly Fresh/IMG_20191110_074040.jpg,Upeneus Moluccensis,Highly Fresh,7,0,Upeneus Moluccensis | Highly Fresh
Upeneus Moluccensis - Highly Fresh/IMG_20191110_074045.jpg,Upeneus Moluccensis,Highly Fresh,7,0,Upeneus Moluccensis | Highly Fresh
Upeneus Moluccensis - Highly Fresh/IMG_20191110_074049.jpg,Upeneus Moluccensis,Highly Fresh,7,0,Upeneus Moluccensis | Highly Fresh
Upeneus Moluccensis - Highly Fresh/IMG_20191110_074056.jpg,Upeneus Moluccensis,Highly Fresh,7,0,Upeneus Moluccensis | Highly Fresh
Upeneus Moluccensis - Highly Fresh/IMG_20191110_074100.jpg,Upeneus Moluccensis,Highly Fresh,7,0,Upeneus Moluccensis | Highly Fresh
Upeneus Moluccensis - Highly Fresh/IMG_20191110_074110.jpg,Upeneus Moluccensis,Highly Fresh,7,0,Upeneus Moluccensis | Highly Fresh
Upeneus Moluccensis - Highly Fresh/IMG_20191110_074131.jpg,Upeneus Moluccensis,Highly Fresh,7,0,Upeneus Moluccensis | Highly Fresh
Upeneus Moluccensis - Highly Fresh/IMG_20191110_074133.jpg,Upeneus Moluccensis,Highly Fresh,7,0,Upeneus Moluccensis | Highly Fresh
Upeneus Moluccensis - Highly Fresh/IMG_20191110_074137.jpg,Upeneus Moluccensis,Highly Fresh,7,0,Upeneus Moluccensis | Highly Fresh
Upeneus Moluccensis - Highly Fresh/IMG_20191110_074146.jpg,Upeneus Moluccensis,Highly Fresh,7,0,Upeneus Moluccensis | Highly Fresh
Upeneus Moluccensis - Highly Fresh/IMG_20191110_074149.jpg,Upeneus Moluccensis,Highly Fresh,7,0,Upeneus Moluccensis | Highly Fresh
Upeneus Moluccensis - Highly Fresh/IMG_20191110_074204.jpg,Upeneus Moluccensis,Highly Fresh,7,0,Upeneus Moluccensis | Highly Fresh
Upeneus Moluccensis - Highly Fresh/IMG_20191110_074218_1.jpg,Upeneus Moluccensis,Highly Fresh,7,0,Upeneus Moluccensis | Highly Fresh
Upeneus Moluccensis - Highly Fresh/IMG_20191110_074218_2.jpg,Upeneus Moluccensis,Highly Fresh,7,0,Upeneus Moluccensis | Highly Fresh
Upeneus Moluccensis - Highly Fresh/IMG_20191110_074218_3.jpg,Upeneus Moluccensis,Highly Fresh,7,0,Upeneus Moluccensis | Highly Fresh
Upeneus Moluccensis - Highly Fresh/IMG_20191110_074218_4.jpg,Upeneus Moluccensis,Highly Fresh,7,0,Upeneus Moluccensis | Highly Fresh
Upeneus Moluccensis - Highly Fresh/IMG_20191110_074230_1.jpg,Upeneus Moluccensis,Highly Fresh,7,0,Upeneus Moluccensis | Highly Fresh
Upeneus Moluccensis - Highly Fresh/IMG_20191110_074230_2.jpg,Upeneus Moluccensis,Highly Fresh,7,0,Upeneus Moluccensis | Highly Fresh
Upeneus Moluccensis - Highly Fresh/IMG_20191110_074238_1.jpg,Upeneus Moluccensis,Highly Fresh,7,0,Upeneus Moluccensis | Highly Fresh
Upeneus Moluccensis - Highly Fresh/IMG_20191110_074238_2.jpg,Upeneus Moluccensis,Highly Fresh,7,0,Upeneus Moluccensis | Highly Fresh
Upeneus Moluccensis - Highly Fresh/IMG_20191110_074238_3.jpg,Upeneus Moluccensis,Highly Fresh,7,0,Upeneus Moluccensis | Highly Fresh
Upeneus Moluccensis - Highly Fresh/IMG_20191110_074302_1.jpg,Upeneus Moluccensis,Highly Fresh,7,0,Upeneus Moluccensis | Highly Fresh
Upeneus Moluccensis - Highly Fresh/IMG_20191110_074302_2.jpg,Upeneus Moluccensis,Highly Fresh,7,0,Upeneus Moluccensis | Highly Fresh
Upeneus Moluccensis - Highly Fresh/IMG_20191110_074302_3.jpg,Upeneus Moluccensis,Highly Fresh,7,0,Upeneus Moluccensis | Highly Fresh
Upeneus Moluccensis - Highly Fresh/IMG_20191110_074320_1.jpg,Upeneus Moluccensis,Highly Fresh,7,0,Upeneus Moluccensis | Highly Fresh
Upeneus Moluccensis - Highly Fresh/IMG_20191110_074320_2.jpg,Upeneus Moluccensis,Highly Fresh,7,0,Upeneus Moluccensis | Highly Fresh
Upeneus Moluccensis - Highly Fresh/IMG_20191110_074320_3.jpg,Upeneus Moluccensis,Highly Fresh,7,0,Upeneus Moluccensis | Highly Fresh
Upeneus Moluccensis - Highly Fresh/IMG_20191110_074320_4.jpg,Upeneus Moluccensis,Highly Fresh,7,0,Upeneus Moluccensis | Highly Fresh
Upeneus Moluccensis - Highly Fresh/IMG_20191110_074320_5.jpg,Upeneus Moluccensis,Highly Fresh,7,0,Upeneus Moluccensis | Highly Fresh
Upeneus Moluccensis - Highly Fresh/IMG_20191110_074320_6.jpg,Upeneus Moluccensis,Highly Fresh,7,0,Upeneus Moluccensis | Highly Fresh
Upeneus Moluccensis - Highly Fresh/IMG_20191110_074333_1.jpg,Upeneus Moluccensis,Highly Fresh,7,0,Upeneus Moluccensis | Highly Fresh
Upeneus Moluccensis - Highly Fresh/IMG_20191110_074333_2.jpg,Upeneus Moluccensis,Highly Fresh,7,0,Upeneus Moluccensis | Highly Fresh
Upeneus Moluccensis - Highly Fresh/IMG_20191110_074333_3.jpg,Upeneus Moluccensis,Highly Fresh,7,0,Upeneus Moluccensis | Highly Fresh
Upeneus Moluccensis - Highly Fresh/IMG_20191110_074333_4.jpg,Upeneus Moluccensis,Highly Fresh,7,0,Upeneus Moluccensis | Highly Fresh
Upeneus Moluccensis - Highly Fresh/IMG_20191111_060035.jpg,Upeneus Moluccensis,Highly Fresh,7,0,Upeneus Moluccensis | Highly Fresh
Upeneus Moluccensis - Highly Fresh/IMG_20191111_060049.jpg,Upeneus Moluccensis,Highly Fresh,7,0,Upeneus Moluccensis | Highly Fresh
Upeneus Moluccensis - Highly Fresh/IMG_20191111_060108.jpg,Upeneus Moluccensis,Highly Fresh,7,0,Upeneus Moluccensis | Highly Fresh
Upeneus Moluccensis - Highly Fresh/IMG_20191111_060118.jpg,Upeneus Moluccensis,Highly Fresh,7,0,Upeneus Moluccensis | Highly Fresh
Upeneus Moluccensis - Highly Fresh/IMG_20191111_060142.jpg,Upeneus Moluccensis,Highly Fresh,7,0,Upeneus Moluccensis | Highly Fresh
Upeneus Moluccensis - Highly Fresh/IMG_20191111_060155.jpg,Upeneus Moluccensis,Highly Fresh,7,0,Upeneus Moluccensis | Highly Fresh
Upeneus Moluccensis - Highly Fresh/IMG_20191111_060248.jpg,Upeneus Moluccensis,Highly Fresh,7,0,Upeneus Moluccensis | Highly Fresh
Upeneus Moluccensis - Highly Fresh/IMG_20191111_060306.jpg,Upeneus Moluccensis,Highly Fresh,7,0,Upeneus Moluccensis | Highly Fresh
Upeneus Moluccensis - Highly Fresh/IMG_20191111_060324.jpg,Upeneus Moluccensis,Highly Fresh,7,0,Upeneus Moluccensis | Highly Fresh
Upeneus Moluccensis - Highly Fresh/IMG_20191111_060334.jpg,Upeneus Moluccensis,Highly Fresh,7,0,Upeneus Moluccensis | Highly Fresh
Upeneus Moluccensis - Highly Fresh/IMG_20191111_060354.jpg,Upeneus Moluccensis,Highly Fresh,7,0,Upeneus Moluccensis | Highly Fresh
Upeneus Moluccensis - Highly Fresh/IMG_20191111_060405.jpg,Upeneus Moluccensis,Highly Fresh,7,0,Upeneus Moluccensis | Highly Fresh
Upeneus Moluccensis - Highly Fresh/IMG_20191111_060421.jpg,Upeneus Moluccensis,Highly Fresh,7,0,Upeneus Moluccensis | Highly Fresh
Upeneus Moluccensis - Highly Fresh/IMG_20191111_060429.jpg,Upeneus Moluccensis,Highly Fresh,7,0,Upeneus Moluccensis | Highly Fresh
Upeneus Moluccensis - Highly Fresh/IMG_20191111_060459.jpg,Upeneus Moluccensis,Highly Fresh,7,0,Upeneus Moluccensis | Highly Fresh
Upeneus Moluccensis - Highly Fresh/IMG_20191111_060532.jpg,Upeneus Moluccensis,Highly Fresh,7,0,Upeneus Moluccensis | Highly Fresh
Upeneus Moluccensis - Highly Fresh/IMG_20191111_060620.jpg,Upeneus Moluccensis,Highly Fresh,7,0,Upeneus Moluccensis | Highly Fresh
Upeneus Moluccensis - Highly Fresh/IMG_20191111_060625.jpg,Upeneus Moluccensis,Highly Fresh,7,0,Upeneus Moluccensis | Highly Fresh
Upeneus Moluccensis - Highly Fresh/IMG_20191111_060631.jpg,Upeneus Moluccensis,Highly Fresh,7,0,Upeneus Moluccensis | Highly Fresh
Upeneus Moluccensis - Highly Fresh/IMG_20191111_060638.jpg,Upeneus Moluccensis,Highly Fresh,7,0,Upeneus Moluccensis | Highly Fresh
Upeneus Moluccensis - Highly Fresh/IMG_20191111_060642.jpg,Upeneus Moluccensis,Highly Fresh,7,0,Upeneus Moluccensis | Highly Fresh
Upeneus Moluccensis - Highly Fresh/IMG_20191111_060645.jpg,Upeneus Moluccensis,Highly Fresh,7,0,Upeneus Moluccensis | Highly Fresh
Upeneus Moluccensis - Highly Fresh/IMG_20191111_060648.jpg,Upeneus Moluccensis,Highly Fresh,7,0,Upeneus Moluccensis | Highly Fresh
Upeneus Moluccensis - Highly Fresh/IMG_20191111_060650.jpg,Upeneus Moluccensis,Highly Fresh,7,0,Upeneus Moluccensis | Highly Fresh
Upeneus Moluccensis - Highly Fresh/IMG_20191111_060714.jpg,Upeneus Moluccensis,Highly Fresh,7,0,Upeneus Moluccensis | Highly Fresh
Upeneus Moluccensis - Highly Fresh/IMG_20191111_060718.jpg,Upeneus Moluccensis,Highly Fresh,7,0,Upeneus Moluccensis | Highly Fresh
Upeneus Moluccensis - Highly Fresh/IMG_20191111_060722.jpg,Upeneus Moluccensis,Highly Fresh,7,0,Upeneus Moluccensis | Highly Fresh
Upeneus Moluccensis - Highly Fresh/IMG_20191111_060726.jpg,Upeneus Moluccensis,Highly Fresh,7,0,Upeneus Moluccensis | Highly Fresh
Upeneus Moluccensis - Highly Fresh/IMG_20191111_060730.jpg,Upeneus Moluccensis,Highly Fresh,7,0,Upeneus Moluccensis | Highly Fresh
Upeneus Moluccensis - Highly Fresh/IMG_20191111_060733.jpg,Upeneus Moluccensis,Highly Fresh,7,0,Upeneus Moluccensis | Highly Fresh
Upeneus Moluccensis - Highly Fresh/IMG_20191111_060736.jpg,Upeneus Moluccensis,Highly Fresh,7,0,Upeneus Moluccensis | Highly Fresh
Upeneus Moluccensis - Highly Fresh/IMG_20191111_060739.jpg,Upeneus Moluccensis,Highly Fresh,7,0,Upeneus Moluccensis | Highly Fresh
Upeneus Moluccensis - Highly Fresh/IMG_20191111_060846_1.jpg,Upeneus Moluccensis,Highly Fresh,7,0,Upeneus Moluccensis | Highly Fresh
Upeneus Moluccensis - Highly Fresh/IMG_20191111_060846_2.jpg,Upeneus Moluccensis,Highly Fresh,7,0,Upeneus Moluccensis | Highly Fresh
Upeneus Moluccensis - Highly Fresh/IMG_20191111_060850_1.jpg,Upeneus Moluccensis,Highly Fresh,7,0,Upeneus Moluccensis | Highly Fresh
Upeneus Moluccensis - Highly Fresh/IMG_20191111_060850_2.jpg,Upeneus Moluccensis,Highly Fresh,7,0,Upeneus Moluccensis | Highly Fresh
Upeneus Moluccensis - Highly Fresh/IMG_20191111_060853_1.jpg,Upeneus Moluccensis,Highly Fresh,7,0,Upeneus Moluccensis | Highly Fresh
Upeneus Moluccensis - Highly Fresh/IMG_20191111_060853_2.jpg,Upeneus Moluccensis,Highly Fresh,7,0,Upeneus Moluccensis | Highly Fresh
Upeneus Moluccensis - Highly Fresh/IMG_20191111_060856_1.jpg,Upeneus Moluccensis,Highly Fresh,7,0,Upeneus Moluccensis | Highly Fresh
Upeneus Moluccensis - Highly Fresh/IMG_20191111_060856_2.jpg,Upeneus Moluccensis,Highly Fresh,7,0,Upeneus Moluccensis | Highly Fresh
Upeneus Moluccensis - Highly Fresh/IMG_20191111_060913_1.jpg,Upeneus Moluccensis,Highly Fresh,7,0,Upeneus Moluccensis | Highly Fresh
Upeneus Moluccensis - Highly Fresh/IMG_20191111_060913_2.jpg,Upeneus Moluccensis,Highly Fresh,7,0,Upeneus Moluccensis | Highly Fresh
Upeneus Moluccensis - Highly Fresh/IMG_20191111_060916_1.jpg,Upeneus Moluccensis,Highly Fresh,7,0,Upeneus Moluccensis | Highly Fresh
Upeneus Moluccensis - Highly Fresh/IMG_20191111_060916_2.jpg,Upeneus Moluccensis,Highly Fresh,7,0,Upeneus Moluccensis | Highly Fresh
Upeneus Moluccensis - Highly Fresh/IMG_20191111_060920_1.jpg,Upeneus Moluccensis,Highly Fresh,7,0,Upeneus Moluccensis | Highly Fresh
Upeneus Moluccensis - Highly Fresh/IMG_20191111_060920_2.jpg,Upeneus Moluccensis,Highly Fresh,7,0,Upeneus Moluccensis | Highly Fresh
Upeneus Moluccensis - Highly Fresh/IMG_20191111_060920_3.jpg,Upeneus Moluccensis,Highly Fresh,7,0,Upeneus Moluccensis | Highly Fresh
Upeneus Moluccensis - Highly Fresh/IMG_20191111_060920_4.jpg,Upeneus Moluccensis,Highly Fresh,7,0,Upeneus Moluccensis | Highly Fresh
Upeneus Moluccensis - Highly Fresh/IMG_20191111_060928_1.jpg,Upeneus Moluccensis,Highly Fresh,7,0,Upeneus Moluccensis | Highly Fresh
Upeneus Moluccensis - Highly Fresh/IMG_20191111_060928_2.jpg,Upeneus Moluccensis,Highly Fresh,7,0,Upeneus Moluccensis | Highly Fresh
Upeneus Moluccensis - Highly Fresh/IMG_20191111_060928_3.jpg,Upeneus Moluccensis,Highly Fresh,7,0,Upeneus Moluccensis | Highly Fresh
Upeneus Moluccensis - Highly Fresh/IMG_20191111_060949_1.jpg,Upeneus Moluccensis,Highly Fresh,7,0,Upeneus Moluccensis | Highly Fresh
Upeneus Moluccensis - Highly Fresh/IMG_20191111_060949_2.jpg,Upeneus Moluccensis,Highly Fresh,7,0,Upeneus Moluccensis | Highly Fresh
Upeneus Moluccensis - Highly Fresh/IMG_20191111_060949_3.jpg,Upeneus Moluccensis,Highly Fresh,7,0,Upeneus Moluccensis | Highly Fresh
Upeneus Moluccensis - Highly Fresh/IMG_20191111_060949_4.jpg,Upeneus Moluccensis,Highly Fresh,7,0,Upeneus Moluccensis | Highly Fresh
Upeneus Moluccensis - Highly Fresh/IMG_20191111_060949_5.jpg,Upeneus Moluccensis,Highly Fresh,7,0,Upeneus Moluccensis | Highly Fresh
Upeneus Moluccensis - Highly Fresh/IMG_20191111_060949_6.jpg,Upeneus Moluccensis,Highly Fresh,7,0,Upeneus Moluccensis | Highly Fresh
Upeneus Moluccensis - Highly Fresh/IMG_20191111_060949_7.jpg,Upeneus Moluccensis,Highly Fresh,7,0,Upeneus Moluccensis | Highly Fresh
Upeneus Moluccensis - Highly Fresh/IMG_20191111_061025_1.jpg,Upeneus Moluccensis,Highly Fresh,7,0,Upeneus Moluccensis | Highly Fresh
Upeneus Moluccensis - Highly Fresh/IMG_20191111_061025_2.jpg,Upeneus Moluccensis,Highly Fresh,7,0,Upeneus Moluccensis | Highly Fresh
Upeneus Moluccensis - Highly Fresh/IMG_20191111_061025_3.jpg,Upeneus Moluccensis,Highly Fresh,7,0,Upeneus Moluccensis | Highly Fresh
Upeneus Moluccensis - Highly Fresh/IMG_20191111_061025_4.jpg,Upeneus Moluccensis,Highly Fresh,7,0,Upeneus Moluccensis | Highly Fresh
Upeneus Moluccensis - Highly Fresh/IMG_20191111_061025_5.jpg,Upeneus Moluccensis,Highly Fresh,7,0,Upeneus Moluccensis | Highly Fresh
Upeneus Moluccensis - Highly Fresh/IMG_20191111_061038_1.jpg,Upeneus Moluccensis,Highly Fresh,7,0,Upeneus Moluccensis | Highly Fresh
Upeneus Moluccensis - Highly Fresh/IMG_20191111_061038_2.jpg,Upeneus Moluccensis,Highly Fresh,7,0,Upeneus Moluccensis | Highly Fresh
Upeneus Moluccensis - Highly Fresh/IMG_20191111_061038_3.jpg,Upeneus Moluccensis,Highly Fresh,7,0,Upeneus Moluccensis | Highly Fresh
Upeneus Moluccensis - Highly Fresh/IMG_20191111_061038_4.jpg,Upeneus Moluccensis,Highly Fresh,7,0,Upeneus Moluccensis | Highly Fresh
Upeneus Moluccensis - Highly Fresh/IMG_20191111_061038_5.jpg,Upeneus Moluccensis,Highly Fresh,7,0,Upeneus Moluccensis | Highly Fresh
Upeneus Moluccensis - Highly Fresh/IMG_20191111_061038_6.jpg,Upeneus Moluccensis,Highly Fresh,7,0,Upeneus Moluccensis | Highly Fresh
Upeneus Moluccensis - Highly Fresh/IMG_20191111_061051.jpg,Upeneus Moluccensis,Highly Fresh,7,0,Upeneus Moluccensis | Highly Fresh
Upeneus Moluccensis - Highly Fresh/IMG_20191111_061105_1.jpg,Upeneus Moluccensis,Highly Fresh,7,0,Upeneus Moluccensis | Highly Fresh
Upeneus Moluccensis - Highly Fresh/IMG_20191111_061105_2.jpg,Upeneus Moluccensis,Highly Fresh,7,0,Upeneus Moluccensis | Highly Fresh
Upeneus Moluccensis - Highly Fresh/IMG_20191111_061132_1.jpg,Upeneus Moluccensis,Highly Fresh,7,0,Upeneus Moluccensis | Highly Fresh
Upeneus Moluccensis - Highly Fresh/IMG_20191111_061132_2.jpg,Upeneus Moluccensis,Highly Fresh,7,0,Upeneus Moluccensis | Highly Fresh
Upeneus Moluccensis - Highly Fresh/IMG_20191111_061234_1.jpg,Upeneus Moluccensis,Highly Fresh,7,0,Upeneus Moluccensis | Highly Fresh
Upeneus Moluccensis - Highly Fresh/IMG_20191111_061234_2.jpg,Upeneus Moluccensis,Highly Fresh,7,0,Upeneus Moluccensis | Highly Fresh
Upeneus Moluccensis - Highly Fresh/IMG_20191111_061234_3.jpg,Upeneus Moluccensis,Highly Fresh,7,0,Upeneus Moluccensis | Highly Fresh
Upeneus Moluccensis - Highly Fresh/IMG_20191111_061234_4.jpg,Upeneus Moluccensis,Highly Fresh,7,0,Upeneus Moluccensis | Highly Fresh
Upeneus Moluccensis - Highly Fresh/IMG_20191111_061244_1.jpg,Upeneus Moluccensis,Highly Fresh,7,0,Upeneus Moluccensis | Highly Fresh
Upeneus Moluccensis - Highly Fresh/IMG_20191111_061244_2.jpg,Upeneus Moluccensis,Highly Fresh,7,0,Upeneus Moluccensis | Highly Fresh
Upeneus Moluccensis - Highly Fresh/IMG_20191111_061244_3.jpg,Upeneus Moluccensis,Highly Fresh,7,0,Upeneus Moluccensis | Highly Fresh
Upeneus Moluccensis - Highly Fresh/IMG_20191111_061244_4.jpg,Upeneus Moluccensis,Highly Fresh,7,0,Upeneus Moluccensis | Highly Fresh
Upeneus Moluccensis - Highly Fresh/IMG_20191111_061255_1.jpg,Upeneus Moluccensis,Highly Fresh,7,0,Upeneus Moluccensis | Highly Fresh
Upeneus Moluccensis - Highly Fresh/IMG_20191111_061255_2.jpg,Upeneus Moluccensis,Highly Fresh,7,0,Upeneus Moluccensis | Highly Fresh
Upeneus Moluccensis - Highly Fresh/IMG_20191111_061255_3.jpg,Upeneus Moluccensis,Highly Fresh,7,0,Upeneus Moluccensis | Highly Fresh
Upeneus Moluccensis - Highly Fresh/IMG_20191111_061255_4.jpg,Upeneus Moluccensis,Highly Fresh,7,0,Upeneus Moluccensis | Highly Fresh
Upeneus Moluccensis - Highly Fresh/IMG_20191111_061255_5.jpg,Upeneus Moluccensis,Highly Fresh,7,0,Upeneus Moluccensis | Highly Fresh
Upeneus Moluccensis - Highly Fresh/IMG_20191111_061303_1.jpg,Upeneus Moluccensis,Highly Fresh,7,0,Upeneus Moluccensis | Highly Fresh
Upeneus Moluccensis - Highly Fresh/IMG_20191111_061303_2.jpg,Upeneus Moluccensis,Highly Fresh,7,0,Upeneus Moluccensis | Highly Fresh
Upeneus Moluccensis - Highly Fresh/IMG_20191111_061303_3.jpg,Upeneus Moluccensis,Highly Fresh,7,0,Upeneus Moluccensis | Highly Fresh
Upeneus Moluccensis - Highly Fresh/IMG_20191111_061303_4.jpg,Upeneus Moluccensis,Highly Fresh,7,0,Upeneus Moluccensis | Highly Fresh
Upeneus Moluccensis - Highly Fresh/IMG_20191111_061303_5.jpg,Upeneus Moluccensis,Highly Fresh,7,0,Upeneus Moluccensis | Highly Fresh
Upeneus Moluccensis - Highly Fresh/IMG_20191111_061303_6.jpg,Upeneus Moluccensis,Highly Fresh,7,0,Upeneus Moluccensis | Highly Fresh
Upeneus Moluccensis - Highly Fresh/IMG_20191111_061303_7.jpg,Upeneus Moluccensis,Highly Fresh,7,0,Upeneus Moluccensis | Highly Fresh
Upeneus Moluccensis - Highly Fresh/IMG_20191111_061316_1.jpg,Upeneus Moluccensis,Highly Fresh,7,0,Upeneus Moluccensis | Highly Fresh
Upeneus Moluccensis - Highly Fresh/IMG_20191111_061316_2.jpg,Upeneus Moluccensis,Highly Fresh,7,0,Upeneus Moluccensis | Highly Fresh
Upeneus Moluccensis - Highly Fresh/IMG_20191111_061316_3.jpg,Upeneus Moluccensis,Highly Fresh,7,0,Upeneus Moluccensis | Highly Fresh
Upeneus Moluccensis - Highly Fresh/IMG_20191111_061316_4.jpg,Upeneus Moluccensis,Highly Fresh,7,0,Upeneus Moluccensis | Highly Fresh
Upeneus Moluccensis - Highly Fresh/IMG_20191111_061316_5.jpg,Upeneus Moluccensis,Highly Fresh,7,0,Upeneus Moluccensis | Highly Fresh
Upeneus Moluccensis - Highly Fresh/IMG_20191111_061316_6.jpg,Upeneus Moluccensis,Highly Fresh,7,0,Upeneus Moluccensis | Highly Fresh
Upeneus Moluccensis - Highly Fresh/IMG_20191111_061316_7.jpg,Upeneus Moluccensis,Highly Fresh,7,0,Upeneus Moluccensis | Highly Fresh
Upeneus Moluccensis - Highly Fresh/IMG_20191111_061359_1.jpg,Upeneus Moluccensis,Highly Fresh,7,0,Upeneus Moluccensis | Highly Fresh
Upeneus Moluccensis - Highly Fresh/IMG_20191111_061359_2.jpg,Upeneus Moluccensis,Highly Fresh,7,0,Upeneus Moluccensis | Highly Fresh
Upeneus Moluccensis - Highly Fresh/IMG_20191111_061359_3.jpg,Upeneus Moluccensis,Highly Fresh,7,0,Upeneus Moluccensis | Highly Fresh
Upeneus Moluccensis - Highly Fresh/IMG_20191111_061359_4.jpg,Upeneus Moluccensis,Highly Fresh,7,0,Upeneus Moluccensis | Highly Fresh
Upeneus Moluccensis - Highly Fresh/IMG_20191111_061359_5.jpg,Upeneus Moluccensis,Highly Fresh,7,0,Upeneus Moluccensis | Highly Fresh
Upeneus Moluccensis - Highly Fresh/IMG_20191111_061359_6.jpg,Upeneus Moluccensis,Highly Fresh,7,0,Upeneus Moluccensis | Highly Fresh
Upeneus Moluccensis - Highly Fresh/IMG_20191111_061359_7.jpg,Upeneus Moluccensis,Highly Fresh,7,0,Upeneus Moluccensis | Highly Fresh
Upeneus Moluccensis - Not Fresh/IMG_20191018_053930.jpg,Upeneus Moluccensis,Not Fresh,7,2,Upeneus Moluccensis | Not Fresh
Upeneus Moluccensis - Not Fresh/IMG_20191018_053937.jpg,Upeneus Moluccensis,Not Fresh,7,2,Upeneus Moluccensis | Not Fresh
Upeneus Moluccensis - Not Fresh/IMG_20191018_053955.jpg,Upeneus Moluccensis,Not Fresh,7,2,Upeneus Moluccensis | Not Fresh
Upeneus Moluccensis - Not Fresh/IMG_20191018_054007.jpg,Upeneus Moluccensis,Not Fresh,7,2,Upeneus Moluccensis | Not Fresh
Upeneus Moluccensis - Not Fresh/IMG_20191018_054007_1.jpg,Upeneus Moluccensis,Not Fresh,7,2,Upeneus Moluccensis | Not Fresh
Upeneus Moluccensis - Not Fresh/IMG_20191018_054007_2.jpg,Upeneus Moluccensis,Not Fresh,7,2,Upeneus Moluccensis | Not Fresh
Upeneus Moluccensis - Not Fresh/IMG_20191018_054007_3.jpg,Upeneus Moluccensis,Not Fresh,7,2,Upeneus Moluccensis | Not Fresh
Upeneus Moluccensis - Not Fresh/IMG_20191018_054007_4.jpg,Upeneus Moluccensis,Not Fresh,7,2,Upeneus Moluccensis | Not Fresh
Upeneus Moluccensis - Not Fresh/IMG_20191018_054019.jpg,Upeneus Moluccensis,Not Fresh,7,2,Upeneus Moluccensis | Not Fresh
Upeneus Moluccensis - Not Fresh/IMG_20191018_054052.jpg,Upeneus Moluccensis,Not Fresh,7,2,Upeneus Moluccensis | Not Fresh
Upeneus Moluccensis - Not Fresh/IMG_20191018_054111.jpg,Upeneus Moluccensis,Not Fresh,7,2,Upeneus Moluccensis | Not Fresh
Upeneus Moluccensis - Not Fresh/IMG_20191018_054146.jpg,Upeneus Moluccensis,Not Fresh,7,2,Upeneus Moluccensis | Not Fresh
Upeneus Moluccensis - Not Fresh/IMG_20191018_054231.jpg,Upeneus Moluccensis,Not Fresh,7,2,Upeneus Moluccensis | Not Fresh
Upeneus Moluccensis - Not Fresh/IMG_20191018_054240.jpg,Upeneus Moluccensis,Not Fresh,7,2,Upeneus Moluccensis | Not Fresh
Upeneus Moluccensis - Not Fresh/IMG_20191018_054259.jpg,Upeneus Moluccensis,Not Fresh,7,2,Upeneus Moluccensis | Not Fresh
Upeneus Moluccensis - Not Fresh/IMG_20191018_054309.jpg,Upeneus Moluccensis,Not Fresh,7,2,Upeneus Moluccensis | Not Fresh
Upeneus Moluccensis - Not Fresh/IMG_20191018_054327.jpg,Upeneus Moluccensis,Not Fresh,7,2,Upeneus Moluccensis | Not Fresh
Upeneus Moluccensis - Not Fresh/IMG_20191018_054343.jpg,Upeneus Moluccensis,Not Fresh,7,2,Upeneus Moluccensis | Not Fresh
Upeneus Moluccensis - Not Fresh/IMG_20191018_054407.jpg,Upeneus Moluccensis,Not Fresh,7,2,Upeneus Moluccensis | Not Fresh
Upeneus Moluccensis - Not Fresh/IMG_20191018_054445.jpg,Upeneus Moluccensis,Not Fresh,7,2,Upeneus Moluccensis | Not Fresh
Upeneus Moluccensis - Not Fresh/IMG_20191018_054510.jpg,Upeneus Moluccensis,Not Fresh,7,2,Upeneus Moluccensis | Not Fresh
Upeneus Moluccensis - Not Fresh/IMG_20191018_054522.jpg,Upeneus Moluccensis,Not Fresh,7,2,Upeneus Moluccensis | Not Fresh
Upeneus Moluccensis - Not Fresh/IMG_20191018_054533.jpg,Upeneus Moluccensis,Not Fresh,7,2,Upeneus Moluccensis | Not Fresh
Upeneus Moluccensis - Not Fresh/IMG_20191018_054542.jpg,Upeneus Moluccensis,Not Fresh,7,2,Upeneus Moluccensis | Not Fresh
Upeneus Moluccensis - Not Fresh/IMG_20191018_054557.jpg,Upeneus Moluccensis,Not Fresh,7,2,Upeneus Moluccensis | Not Fresh
Upeneus Moluccensis - Not Fresh/IMG_20191018_054608.jpg,Upeneus Moluccensis,Not Fresh,7,2,Upeneus Moluccensis | Not Fresh
Upeneus Moluccensis - Not Fresh/IMG_20191018_054627.jpg,Upeneus Moluccensis,Not Fresh,7,2,Upeneus Moluccensis | Not Fresh
Upeneus Moluccensis - Not Fresh/IMG_20191018_054642.jpg,Upeneus Moluccensis,Not Fresh,7,2,Upeneus Moluccensis | Not Fresh
Upeneus Moluccensis - Not Fresh/IMG_20191018_054711.jpg,Upeneus Moluccensis,Not Fresh,7,2,Upeneus Moluccensis | Not Fresh
Upeneus Moluccensis - Not Fresh/IMG_20191018_054723.jpg,Upeneus Moluccensis,Not Fresh,7,2,Upeneus Moluccensis | Not Fresh
Upeneus Moluccensis - Not Fresh/IMG_20191018_054734.jpg,Upeneus Moluccensis,Not Fresh,7,2,Upeneus Moluccensis | Not Fresh
Upeneus Moluccensis - Not Fresh/IMG_20191018_054744.jpg,Upeneus Moluccensis,Not Fresh,7,2,Upeneus Moluccensis | Not Fresh
Upeneus Moluccensis - Not Fresh/IMG_20191018_054755.jpg,Upeneus Moluccensis,Not Fresh,7,2,Upeneus Moluccensis | Not Fresh
Upeneus Moluccensis - Not Fresh/IMG_20191018_054808.jpg,Upeneus Moluccensis,Not Fresh,7,2,Upeneus Moluccensis | Not Fresh
Upeneus Moluccensis - Not Fresh/IMG_20191018_054821.jpg,Upeneus Moluccensis,Not Fresh,7,2,Upeneus Moluccensis | Not Fresh
Upeneus Moluccensis - Not Fresh/IMG_20191018_054829.jpg,Upeneus Moluccensis,Not Fresh,7,2,Upeneus Moluccensis | Not Fresh
Upeneus Moluccensis - Not Fresh/IMG_20191018_054901.jpg,Upeneus Moluccensis,Not Fresh,7,2,Upeneus Moluccensis | Not Fresh
Upeneus Moluccensis - Not Fresh/IMG_20191018_054908.jpg,Upeneus Moluccensis,Not Fresh,7,2,Upeneus Moluccensis | Not Fresh
Upeneus Moluccensis - Not Fresh/IMG_20191018_054919.jpg,Upeneus Moluccensis,Not Fresh,7,2,Upeneus Moluccensis | Not Fresh
Upeneus Moluccensis - Not Fresh/IMG_20191018_054930.jpg,Upeneus Moluccensis,Not Fresh,7,2,Upeneus Moluccensis | Not Fresh
Upeneus Moluccensis - Not Fresh/IMG_20191018_054939.jpg,Upeneus Moluccensis,Not Fresh,7,2,Upeneus Moluccensis | Not Fresh
Upeneus Moluccensis - Not Fresh/IMG_20191018_054950.jpg,Upeneus Moluccensis,Not Fresh,7,2,Upeneus Moluccensis | Not Fresh
Upeneus Moluccensis - Not Fresh/IMG_20191018_055000.jpg,Upeneus Moluccensis,Not Fresh,7,2,Upeneus Moluccensis | Not Fresh
Upeneus Moluccensis - Not Fresh/IMG_20191018_055015.jpg,Upeneus Moluccensis,Not Fresh,7,2,Upeneus Moluccensis | Not Fresh
Upeneus Moluccensis - Not Fresh/IMG_20191019_055014.jpg,Upeneus Moluccensis,Not Fresh,7,2,Upeneus Moluccensis | Not Fresh
Upeneus Moluccensis - Not Fresh/IMG_20191019_055028.jpg,Upeneus Moluccensis,Not Fresh,7,2,Upeneus Moluccensis | Not Fresh
Upeneus Moluccensis - Not Fresh/IMG_20191019_055049.jpg,Upeneus Moluccensis,Not Fresh,7,2,Upeneus Moluccensis | Not Fresh
Upeneus Moluccensis - Not Fresh/IMG_20191019_055059.jpg,Upeneus Moluccensis,Not Fresh,7,2,Upeneus Moluccensis | Not Fresh
Upeneus Moluccensis - Not Fresh/IMG_20191019_055111.jpg,Upeneus Moluccensis,Not Fresh,7,2,Upeneus Moluccensis | Not Fresh
Upeneus Moluccensis - Not Fresh/IMG_20191019_055126.jpg,Upeneus Moluccensis,Not Fresh,7,2,Upeneus Moluccensis | Not Fresh
Upeneus Moluccensis - Not Fresh/IMG_20191019_055149.jpg,Upeneus Moluccensis,Not Fresh,7,2,Upeneus Moluccensis | Not Fresh
Upeneus Moluccensis - Not Fresh/IMG_20191019_055210.jpg,Upeneus Moluccensis,Not Fresh,7,2,Upeneus Moluccensis | Not Fresh
Upeneus Moluccensis - Not Fresh/IMG_20191019_055248.jpg,Upeneus Moluccensis,Not Fresh,7,2,Upeneus Moluccensis | Not Fresh
Upeneus Moluccensis - Not Fresh/IMG_20191019_055311.jpg,Upeneus Moluccensis,Not Fresh,7,2,Upeneus Moluccensis | Not Fresh
Upeneus Moluccensis - Not Fresh/IMG_20191019_055326.jpg,Upeneus Moluccensis,Not Fresh,7,2,Upeneus Moluccensis | Not Fresh
Upeneus Moluccensis - Not Fresh/IMG_20191019_055338.jpg,Upeneus Moluccensis,Not Fresh,7,2,Upeneus Moluccensis | Not Fresh
Upeneus Moluccensis - Not Fresh/IMG_20191019_055402.jpg,Upeneus Moluccensis,Not Fresh,7,2,Upeneus Moluccensis | Not Fresh
Upeneus Moluccensis - Not Fresh/IMG_20191019_055415.jpg,Upeneus Moluccensis,Not Fresh,7,2,Upeneus Moluccensis | Not Fresh
Upeneus Moluccensis - Not Fresh/IMG_20191019_055432.jpg,Upeneus Moluccensis,Not Fresh,7,2,Upeneus Moluccensis | Not Fresh
Upeneus Moluccensis - Not Fresh/IMG_20191019_055445.jpg,Upeneus Moluccensis,Not Fresh,7,2,Upeneus Moluccensis | Not Fresh
Upeneus Moluccensis - Not Fresh/IMG_20191019_055549.jpg,Upeneus Moluccensis,Not Fresh,7,2,Upeneus Moluccensis | Not Fresh
Upeneus Moluccensis - Not Fresh/IMG_20191019_055627.jpg,Upeneus Moluccensis,Not Fresh,7,2,Upeneus Moluccensis | Not Fresh
Upeneus Moluccensis - Not Fresh/IMG_20191019_055647.jpg,Upeneus Moluccensis,Not Fresh,7,2,Upeneus Moluccensis | Not Fresh
Upeneus Moluccensis - Not Fresh/IMG_20191019_055659.jpg,Upeneus Moluccensis,Not Fresh,7,2,Upeneus Moluccensis | Not Fresh
Upeneus Moluccensis - Not Fresh/IMG_20191019_055724.jpg,Upeneus Moluccensis,Not Fresh,7,2,Upeneus Moluccensis | Not Fresh
Upeneus Moluccensis - Not Fresh/IMG_20191019_055736.jpg,Upeneus Moluccensis,Not Fresh,7,2,Upeneus Moluccensis | Not Fresh
Upeneus Moluccensis - Not Fresh/IMG_20191019_055754.jpg,Upeneus Moluccensis,Not Fresh,7,2,Upeneus Moluccensis | Not Fresh
Upeneus Moluccensis - Not Fresh/IMG_20191019_055821.jpg,Upeneus Moluccensis,Not Fresh,7,2,Upeneus Moluccensis | Not Fresh
Upeneus Moluccensis - Not Fresh/IMG_20191019_055859.jpg,Upeneus Moluccensis,Not Fresh,7,2,Upeneus Moluccensis | Not Fresh
Upeneus Moluccensis - Not Fresh/IMG_20191019_055910.jpg,Upeneus Moluccensis,Not Fresh,7,2,Upeneus Moluccensis | Not Fresh
Upeneus Moluccensis - Not Fresh/IMG_20191019_055931.jpg,Upeneus Moluccensis,Not Fresh,7,2,Upeneus Moluccensis | Not Fresh
Upeneus Moluccensis - Not Fresh/IMG_20191019_055949.jpg,Upeneus Moluccensis,Not Fresh,7,2,Upeneus Moluccensis | Not Fresh
Upeneus Moluccensis - Not Fresh/IMG_20191019_060008.jpg,Upeneus Moluccensis,Not Fresh,7,2,Upeneus Moluccensis | Not Fresh
Upeneus Moluccensis - Not Fresh/IMG_20191019_060019.jpg,Upeneus Moluccensis,Not Fresh,7,2,Upeneus Moluccensis | Not Fresh
Upeneus Moluccensis - Not Fresh/IMG_20191019_060034.jpg,Upeneus Moluccensis,Not Fresh,7,2,Upeneus Moluccensis | Not Fresh
Upeneus Moluccensis - Not Fresh/IMG_20191019_060043.jpg,Upeneus Moluccensis,Not Fresh,7,2,Upeneus Moluccensis | Not Fresh
Upeneus Moluccensis - Not Fresh/IMG_20191019_060117.jpg,Upeneus Moluccensis,Not Fresh,7,2,Upeneus Moluccensis | Not Fresh
Upeneus Moluccensis - Not Fresh/IMG_20191019_060127.jpg,Upeneus Moluccensis,Not Fresh,7,2,Upeneus Moluccensis | Not Fresh
Upeneus Moluccensis - Not Fresh/IMG_20191019_060201.jpg,Upeneus Moluccensis,Not Fresh,7,2,Upeneus Moluccensis | Not Fresh
Upeneus Moluccensis - Not Fresh/IMG_20191019_060212.jpg,Upeneus Moluccensis,Not Fresh,7,2,Upeneus Moluccensis | Not Fresh
Upeneus Moluccensis - Not Fresh/IMG_20191019_060236.jpg,Upeneus Moluccensis,Not Fresh,7,2,Upeneus Moluccensis | Not Fresh
Upeneus Moluccensis - Not Fresh/IMG_20191019_060250.jpg,Upeneus Moluccensis,Not Fresh,7,2,Upeneus Moluccensis | Not Fresh
Upeneus Moluccensis - Not Fresh/IMG_20191019_060312.jpg,Upeneus Moluccensis,Not Fresh,7,2,Upeneus Moluccensis | Not Fresh
Upeneus Moluccensis - Not Fresh/IMG_20191019_060320.jpg,Upeneus Moluccensis,Not Fresh,7,2,Upeneus Moluccensis | Not Fresh
Upeneus Moluccensis - Not Fresh/IMG_20191114_063155.jpg,Upeneus Moluccensis,Not Fresh,7,2,Upeneus Moluccensis | Not Fresh
Upeneus Moluccensis - Not Fresh/IMG_20191114_063210.jpg,Upeneus Moluccensis,Not Fresh,7,2,Upeneus Moluccensis | Not Fresh
Upeneus Moluccensis - Not Fresh/IMG_20191114_063217.jpg,Upeneus Moluccensis,Not Fresh,7,2,Upeneus Moluccensis | Not Fresh
Upeneus Moluccensis - Not Fresh/IMG_20191114_063223.jpg,Upeneus Moluccensis,Not Fresh,7,2,Upeneus Moluccensis | Not Fresh
Upeneus Moluccensis - Not Fresh/IMG_20191114_063234.jpg,Upeneus Moluccensis,Not Fresh,7,2,Upeneus Moluccensis | Not Fresh
Upeneus Moluccensis - Not Fresh/IMG_20191114_063245.jpg,Upeneus Moluccensis,Not Fresh,7,2,Upeneus Moluccensis | Not Fresh
Upeneus Moluccensis - Not Fresh/IMG_20191114_063300.jpg,Upeneus Moluccensis,Not Fresh,7,2,Upeneus Moluccensis | Not Fresh
Upeneus Moluccensis - Not Fresh/IMG_20191114_063307.jpg,Upeneus Moluccensis,Not Fresh,7,2,Upeneus Moluccensis | Not Fresh
Upeneus Moluccensis - Not Fresh/IMG_20191114_063319.jpg,Upeneus Moluccensis,Not Fresh,7,2,Upeneus Moluccensis | Not Fresh
Upeneus Moluccensis - Not Fresh/IMG_20191114_063325.jpg,Upeneus Moluccensis,Not Fresh,7,2,Upeneus Moluccensis | Not Fresh
Upeneus Moluccensis - Not Fresh/IMG_20191114_063335.jpg,Upeneus Moluccensis,Not Fresh,7,2,Upeneus Moluccensis | Not Fresh
Upeneus Moluccensis - Not Fresh/IMG_20191114_063344.jpg,Upeneus Moluccensis,Not Fresh,7,2,Upeneus Moluccensis | Not Fresh
Upeneus Moluccensis - Not Fresh/IMG_20191114_063356.jpg,Upeneus Moluccensis,Not Fresh,7,2,Upeneus Moluccensis | Not Fresh
Upeneus Moluccensis - Not Fresh/IMG_20191114_063401.jpg,Upeneus Moluccensis,Not Fresh,7,2,Upeneus Moluccensis | Not Fresh
Upeneus Moluccensis - Not Fresh/IMG_20191114_063413_1.jpg,Upeneus Moluccensis,Not Fresh,7,2,Upeneus Moluccensis | Not Fresh
Upeneus Moluccensis - Not Fresh/IMG_20191114_063413_2.jpg,Upeneus Moluccensis,Not Fresh,7,2,Upeneus Moluccensis | Not Fresh
Upeneus Moluccensis - Not Fresh/IMG_20191114_063430_1.jpg,Upeneus Moluccensis,Not Fresh,7,2,Upeneus Moluccensis | Not Fresh
Upeneus Moluccensis - Not Fresh/IMG_20191114_063430_2.jpg,Upeneus Moluccensis,Not Fresh,7,2,Upeneus Moluccensis | Not Fresh
Upeneus Moluccensis - Not Fresh/IMG_20191114_063444_1.jpg,Upeneus Moluccensis,Not Fresh,7,2,Upeneus Moluccensis | Not Fresh
Upeneus Moluccensis - Not Fresh/IMG_20191114_063444_2.jpg,Upeneus Moluccensis,Not Fresh,7,2,Upeneus Moluccensis | Not Fresh
Upeneus Moluccensis - Not Fresh/IMG_20191114_063444_3.jpg,Upeneus Moluccensis,Not Fresh,7,2,Upeneus Moluccensis | Not Fresh
Upeneus Moluccensis - Not Fresh/IMG_20191114_063444_4.jpg,Upeneus Moluccensis,Not Fresh,7,2,Upeneus Moluccensis | Not Fresh
Upeneus Moluccensis - Not Fresh/IMG_20191114_063530.jpg,Upeneus Moluccensis,Not Fresh,7,2,Upeneus Moluccensis | Not Fresh
Upeneus Moluccensis - Not Fresh/IMG_20191114_063535.jpg,Upeneus Moluccensis,Not Fresh,7,2,Upeneus Moluccensis | Not Fresh
Upeneus Moluccensis - Not Fresh/IMG_20191114_063538.jpg,Upeneus Moluccensis,Not Fresh,7,2,Upeneus Moluccensis | Not Fresh
Upeneus Moluccensis - Not Fresh/IMG_20191114_063540.jpg,Upeneus Moluccensis,Not Fresh,7,2,Upeneus Moluccensis | Not Fresh
Upeneus Moluccensis - Not Fresh/IMG_20191114_063545.jpg,Upeneus Moluccensis,Not Fresh,7,2,Upeneus Moluccensis | Not Fresh
Upeneus Moluccensis - Not Fresh/IMG_20191114_063550.jpg,Upeneus Moluccensis,Not Fresh,7,2,Upeneus Moluccensis | Not Fresh
Upeneus Moluccensis - Not Fresh/IMG_20191114_063554.jpg,Upeneus Moluccensis,Not Fresh,7,2,Upeneus Moluccensis | Not Fresh
Upeneus Moluccensis - Not Fresh/IMG_20191114_063611_1.jpg,Upeneus Moluccensis,Not Fresh,7,2,Upeneus Moluccensis | Not Fresh
Upeneus Moluccensis - Not Fresh/IMG_20191114_063611_2.jpg,Upeneus Moluccensis,Not Fresh,7,2,Upeneus Moluccensis | Not Fresh
Upeneus Moluccensis - Not Fresh/IMG_20191114_063615_1.jpg,Upeneus Moluccensis,Not Fresh,7,2,Upeneus Moluccensis | Not Fresh
Upeneus Moluccensis - Not Fresh/IMG_20191114_063615_2.jpg,Upeneus Moluccensis,Not Fresh,7,2,Upeneus Moluccensis | Not Fresh
Upeneus Moluccensis - Not Fresh/IMG_20191114_063617_1.jpg,Upeneus Moluccensis,Not Fresh,7,2,Upeneus Moluccensis | Not Fresh
Upeneus Moluccensis - Not Fresh/IMG_20191114_063617_2.jpg,Upeneus Moluccensis,Not Fresh,7,2,Upeneus Moluccensis | Not Fresh
Upeneus Moluccensis - Not Fresh/IMG_20191114_063617_3.jpg,Upeneus Moluccensis,Not Fresh,7,2,Upeneus Moluccensis | Not Fresh
Upeneus Moluccensis - Not Fresh/IMG_20191114_063629_1.jpg,Upeneus Moluccensis,Not Fresh,7,2,Upeneus Moluccensis | Not Fresh
Upeneus Moluccensis - Not Fresh/IMG_20191114_063629_2.jpg,Upeneus Moluccensis,Not Fresh,7,2,Upeneus Moluccensis | Not Fresh
Upeneus Moluccensis - Not Fresh/IMG_20191114_063629_3.jpg,Upeneus Moluccensis,Not Fresh,7,2,Upeneus Moluccensis | Not Fresh
Upeneus Moluccensis - Not Fresh/IMG_20191114_063629_4.jpg,Upeneus Moluccensis,Not Fresh,7,2,Upeneus Moluccensis | Not Fresh
Upeneus Moluccensis - Not Fresh/IMG_20191114_063643.jpg,Upeneus Moluccensis,Not Fresh,7,2,Upeneus Moluccensis | Not Fresh
Upeneus Moluccensis - Not Fresh/IMG_20191114_063651.jpg,Upeneus Moluccensis,Not Fresh,7,2,Upeneus Moluccensis | Not Fresh
Upeneus Moluccensis - Not Fresh/IMG_20191114_063700.jpg,Upeneus Moluccensis,Not Fresh,7,2,Upeneus Moluccensis | Not Fresh
Upeneus Moluccensis - Not Fresh/IMG_20191114_063705.jpg,Upeneus Moluccensis,Not Fresh,7,2,Upeneus Moluccensis | Not Fresh
Upeneus Moluccensis - Not Fresh/IMG_20191114_063752.jpg,Upeneus Moluccensis,Not Fresh,7,2,Upeneus Moluccensis | Not Fresh
Upeneus Moluccensis - Not Fresh/IMG_20191114_063755.jpg,Upeneus Moluccensis,Not Fresh,7,2,Upeneus Moluccensis | Not Fresh
Upeneus Moluccensis - Not Fresh/IMG_20191114_063800.jpg,Upeneus Moluccensis,Not Fresh,7,2,Upeneus Moluccensis | Not Fresh
Upeneus Moluccensis - Not Fresh/IMG_20191114_063804.jpg,Upeneus Moluccensis,Not Fresh,7,2,Upeneus Moluccensis | Not Fresh
Upeneus Moluccensis - Not Fresh/IMG_20191114_063810.jpg,Upeneus Moluccensis,Not Fresh,7,2,Upeneus Moluccensis | Not Fresh
Upeneus Moluccensis - Not Fresh/IMG_20191114_063813.jpg,Upeneus Moluccensis,Not Fresh,7,2,Upeneus Moluccensis | Not Fresh
Upeneus Moluccensis - Not Fresh/IMG_20191114_063816.jpg,Upeneus Moluccensis,Not Fresh,7,2,Upeneus Moluccensis | Not Fresh
Upeneus Moluccensis - Not Fresh/IMG_20191114_063822.jpg,Upeneus Moluccensis,Not Fresh,7,2,Upeneus Moluccensis | Not Fresh
Upeneus Moluccensis - Not Fresh/IMG_20191114_063938_1.jpg,Upeneus Moluccensis,Not Fresh,7,2,Upeneus Moluccensis | Not Fresh
Upeneus Moluccensis - Not Fresh/IMG_20191114_063938_2.jpg,Upeneus Moluccensis,Not Fresh,7,2,Upeneus Moluccensis | Not Fresh
Upeneus Moluccensis - Not Fresh/IMG_20191114_063938_3.jpg,Upeneus Moluccensis,Not Fresh,7,2,Upeneus Moluccensis | Not Fresh
Upeneus Moluccensis - Not Fresh/IMG_20191114_063942_1.jpg,Upeneus Moluccensis,Not Fresh,7,2,Upeneus Moluccensis | Not Fresh
Upeneus Moluccensis - Not Fresh/IMG_20191114_063942_2.jpg,Upeneus Moluccensis,Not Fresh,7,2,Upeneus Moluccensis | Not Fresh
Upeneus Moluccensis - Not Fresh/IMG_20191114_063942_3.jpg,Upeneus Moluccensis,Not Fresh,7,2,Upeneus Moluccensis | Not Fresh
Upeneus Moluccensis - Not Fresh/IMG_20191114_063947_1.jpg,Upeneus Moluccensis,Not Fresh,7,2,Upeneus Moluccensis | Not Fresh
Upeneus Moluccensis - Not Fresh/IMG_20191114_063947_2.jpg,Upeneus Moluccensis,Not Fresh,7,2,Upeneus Moluccensis | Not Fresh
Upeneus Moluccensis - Not Fresh/IMG_20191114_064004_1.jpg,Upeneus Moluccensis,Not Fresh,7,2,Upeneus Moluccensis | Not Fresh
Upeneus Moluccensis - Not Fresh/IMG_20191114_064004_2.jpg,Upeneus Moluccensis,Not Fresh,7,2,Upeneus Moluccensis | Not Fresh
Upeneus Moluccensis - Not Fresh/IMG_20191114_064004_3.jpg,Upeneus Moluccensis,Not Fresh,7,2,Upeneus Moluccensis | Not Fresh
Upeneus Moluccensis - Not Fresh/IMG_20191114_064007_1.jpg,Upeneus Moluccensis,Not Fresh,7,2,Upeneus Moluccensis | Not Fresh
Upeneus Moluccensis - Not Fresh/IMG_20191114_064007_2.jpg,Upeneus Moluccensis,Not Fresh,7,2,Upeneus Moluccensis | Not Fresh
Upeneus Moluccensis - Not Fresh/IMG_20191114_064007_3.jpg,Upeneus Moluccensis,Not Fresh,7,2,Upeneus Moluccensis | Not Fresh
Upeneus Moluccensis - Not Fresh/IMG_20191114_064011_1.jpg,Upeneus Moluccensis,Not Fresh,7,2,Upeneus Moluccensis | Not Fresh
Upeneus Moluccensis - Not Fresh/IMG_20191114_064011_2.jpg,Upeneus Moluccensis,Not Fresh,7,2,Upeneus Moluccensis | Not Fresh
Upeneus Moluccensis - Not Fresh/IMG_20191115_062716.jpg,Upeneus Moluccensis,Not Fresh,7,2,Upeneus Moluccensis | Not Fresh
Upeneus Moluccensis - Not Fresh/IMG_20191115_062736.jpg,Upeneus Moluccensis,Not Fresh,7,2,Upeneus Moluccensis | Not Fresh
Upeneus Moluccensis - Not Fresh/IMG_20191115_062755.jpg,Upeneus Moluccensis,Not Fresh,7,2,Upeneus Moluccensis | Not Fresh
Upeneus Moluccensis - Not Fresh/IMG_20191115_062807.jpg,Upeneus Moluccensis,Not Fresh,7,2,Upeneus Moluccensis | Not Fresh
Upeneus Moluccensis - Not Fresh/IMG_20191115_062820.jpg,Upeneus Moluccensis,Not Fresh,7,2,Upeneus Moluccensis | Not Fresh
Upeneus Moluccensis - Not Fresh/IMG_20191115_062830.jpg,Upeneus Moluccensis,Not Fresh,7,2,Upeneus Moluccensis | Not Fresh
Upeneus Moluccensis - Not Fresh/IMG_20191115_062909.jpg,Upeneus Moluccensis,Not Fresh,7,2,Upeneus Moluccensis | Not Fresh
Upeneus Moluccensis - Not Fresh/IMG_20191115_062920.jpg,Upeneus Moluccensis,Not Fresh,7,2,Upeneus Moluccensis | Not Fresh
Upeneus Moluccensis - Not Fresh/IMG_20191115_062936.jpg,Upeneus Moluccensis,Not Fresh,7,2,Upeneus Moluccensis | Not Fresh
Upeneus Moluccensis - Not Fresh/IMG_20191115_062946.jpg,Upeneus Moluccensis,Not Fresh,7,2,Upeneus Moluccensis | Not Fresh
Upeneus Moluccensis - Not Fresh/IMG_20191115_063000.jpg,Upeneus Moluccensis,Not Fresh,7,2,Upeneus Moluccensis | Not Fresh
Upeneus Moluccensis - Not Fresh/IMG_20191115_063007.jpg,Upeneus Moluccensis,Not Fresh,7,2,Upeneus Moluccensis | Not Fresh
Upeneus Moluccensis - Not Fresh/IMG_20191115_063024.jpg,Upeneus Moluccensis,Not Fresh,7,2,Upeneus Moluccensis | Not Fresh
Upeneus Moluccensis - Not Fresh/IMG_20191115_063032.jpg,Upeneus Moluccensis,Not Fresh,7,2,Upeneus Moluccensis | Not Fresh
Upeneus Moluccensis - Not Fresh/IMG_20191115_063042.jpg,Upeneus Moluccensis,Not Fresh,7,2,Upeneus Moluccensis | Not Fresh
Upeneus Moluccensis - Not Fresh/IMG_20191115_063051.jpg,Upeneus Moluccensis,Not Fresh,7,2,Upeneus Moluccensis | Not Fresh
Upeneus Moluccensis - Not Fresh/IMG_20191115_063113_1.jpg,Upeneus Moluccensis,Not Fresh,7,2,Upeneus Moluccensis | Not Fresh
Upeneus Moluccensis - Not Fresh/IMG_20191115_063113_2.jpg,Upeneus Moluccensis,Not Fresh,7,2,Upeneus Moluccensis | Not Fresh
Upeneus Moluccensis - Not Fresh/IMG_20191115_063132_1.jpg,Upeneus Moluccensis,Not Fresh,7,2,Upeneus Moluccensis | Not Fresh
Upeneus Moluccensis - Not Fresh/IMG_20191115_063132_2.jpg,Upeneus Moluccensis,Not Fresh,7,2,Upeneus Moluccensis | Not Fresh
Upeneus Moluccensis - Not Fresh/IMG_20191115_063132_3.jpg,Upeneus Moluccensis,Not Fresh,7,2,Upeneus Moluccensis | Not Fresh
Upeneus Moluccensis - Not Fresh/IMG_20191115_063155_1.jpg,Upeneus Moluccensis,Not Fresh,7,2,Upeneus Moluccensis | Not Fresh
Upeneus Moluccensis - Not Fresh/IMG_20191115_063155_2.jpg,Upeneus Moluccensis,Not Fresh,7,2,Upeneus Moluccensis | Not Fresh
Upeneus Moluccensis - Not Fresh/IMG_20191115_063155_3.jpg,Upeneus Moluccensis,Not Fresh,7,2,Upeneus Moluccensis | Not Fresh
Upeneus Moluccensis - Not Fresh/IMG_20191115_063219_1.jpg,Upeneus Moluccensis,Not Fresh,7,2,Upeneus Moluccensis | Not Fresh
Upeneus Moluccensis - Not Fresh/IMG_20191115_063219_2.jpg,Upeneus Moluccensis,Not Fresh,7,2,Upeneus Moluccensis | Not Fresh
Upeneus Moluccensis - Not Fresh/IMG_20191115_063219_3.jpg,Upeneus Moluccensis,Not Fresh,7,2,Upeneus Moluccensis | Not Fresh
Upeneus Moluccensis - Not Fresh/IMG_20191115_063219_4.jpg,Upeneus Moluccensis,Not Fresh,7,2,Upeneus Moluccensis | Not Fresh
Upeneus Moluccensis - Not Fresh/IMG_20191115_063249.jpg,Upeneus Moluccensis,Not Fresh,7,2,Upeneus Moluccensis | Not Fresh
Upeneus Moluccensis - Not Fresh/IMG_20191115_063316.jpg,Upeneus Moluccensis,Not Fresh,7,2,Upeneus Moluccensis | Not Fresh
Upeneus Moluccensis - Not Fresh/IMG_20191115_063337_1.jpg,Upeneus Moluccensis,Not Fresh,7,2,Upeneus Moluccensis | Not Fresh
Upeneus Moluccensis - Not Fresh/IMG_20191115_063337_2.jpg,Upeneus Moluccensis,Not Fresh,7,2,Upeneus Moluccensis | Not Fresh
Upeneus Moluccensis - Not Fresh/IMG_20191115_063507.jpg,Upeneus Moluccensis,Not Fresh,7,2,Upeneus Moluccensis | Not Fresh
Upeneus Moluccensis - Not Fresh/IMG_20191115_063511.jpg,Upeneus Moluccensis,Not Fresh,7,2,Upeneus Moluccensis | Not Fresh
Upeneus Moluccensis - Not Fresh/IMG_20191115_063515.jpg,Upeneus Moluccensis,Not Fresh,7,2,Upeneus Moluccensis | Not Fresh
Upeneus Moluccensis - Not Fresh/IMG_20191115_063518.jpg,Upeneus Moluccensis,Not Fresh,7,2,Upeneus Moluccensis | Not Fresh
Upeneus Moluccensis - Not Fresh/IMG_20191115_063524.jpg,Upeneus Moluccensis,Not Fresh,7,2,Upeneus Moluccensis | Not Fresh
Upeneus Moluccensis - Not Fresh/IMG_20191115_063528.jpg,Upeneus Moluccensis,Not Fresh,7,2,Upeneus Moluccensis | Not Fresh
Upeneus Moluccensis - Not Fresh/IMG_20191115_063606.jpg,Upeneus Moluccensis,Not Fresh,7,2,Upeneus Moluccensis | Not Fresh
Upeneus Moluccensis - Not Fresh/IMG_20191115_063611.jpg,Upeneus Moluccensis,Not Fresh,7,2,Upeneus Moluccensis | Not Fresh
Upeneus Moluccensis - Not Fresh/IMG_20191115_063614.jpg,Upeneus Moluccensis,Not Fresh,7,2,Upeneus Moluccensis | Not Fresh
Upeneus Moluccensis - Not Fresh/IMG_20191115_063618.jpg,Upeneus Moluccensis,Not Fresh,7,2,Upeneus Moluccensis | Not Fresh
Upeneus Moluccensis - Not Fresh/IMG_20191115_063623.jpg,Upeneus Moluccensis,Not Fresh,7,2,Upeneus Moluccensis | Not Fresh
Upeneus Moluccensis - Not Fresh/IMG_20191115_063626.jpg,Upeneus Moluccensis,Not Fresh,7,2,Upeneus Moluccensis | Not Fresh
Upeneus Moluccensis - Not Fresh/IMG_20191115_063629.jpg,Upeneus Moluccensis,Not Fresh,7,2,Upeneus Moluccensis | Not Fresh
Upeneus Moluccensis - Not Fresh/IMG_20191115_063634.jpg,Upeneus Moluccensis,Not Fresh,7,2,Upeneus Moluccensis | Not Fresh
Upeneus Moluccensis - Not Fresh/IMG_20191115_063656_1.jpg,Upeneus Moluccensis,Not Fresh,7,2,Upeneus Moluccensis | Not Fresh
Upeneus Moluccensis - Not Fresh/IMG_20191115_063656_2.jpg,Upeneus Moluccensis,Not Fresh,7,2,Upeneus Moluccensis | Not Fresh
Upeneus Moluccensis - Not Fresh/IMG_20191115_063656_3.jpg,Upeneus Moluccensis,Not Fresh,7,2,Upeneus Moluccensis | Not Fresh
Upeneus Moluccensis - Not Fresh/IMG_20191115_063700_1.jpg,Upeneus Moluccensis,Not Fresh,7,2,Upeneus Moluccensis | Not Fresh
Upeneus Moluccensis - Not Fresh/IMG_20191115_063700_2.jpg,Upeneus Moluccensis,Not Fresh,7,2,Upeneus Moluccensis | Not Fresh
Upeneus Moluccensis - Not Fresh/IMG_20191115_063709_1.jpg,Upeneus Moluccensis,Not Fresh,7,2,Upeneus Moluccensis | Not Fresh
Upeneus Moluccensis - Not Fresh/IMG_20191115_063709_2.jpg,Upeneus Moluccensis,Not Fresh,7,2,Upeneus Moluccensis | Not Fresh
Upeneus Moluccensis - Not Fresh/IMG_20191115_063709_3.jpg,Upeneus Moluccensis,Not Fresh,7,2,Upeneus Moluccensis | Not Fresh
Upeneus Moluccensis - Not Fresh/IMG_20191115_063802.jpg,Upeneus Moluccensis,Not Fresh,7,2,Upeneus Moluccensis | Not Fresh
Upeneus Moluccensis - Not Fresh/IMG_20191115_063806.jpg,Upeneus Moluccensis,Not Fresh,7,2,Upeneus Moluccensis | Not Fresh
Upeneus Moluccensis - Not Fresh/IMG_20191115_063809.jpg,Upeneus Moluccensis,Not Fresh,7,2,Upeneus Moluccensis | Not Fresh
Upeneus Moluccensis - Not Fresh/IMG_20191115_063812.jpg,Upeneus Moluccensis,Not Fresh,7,2,Upeneus Moluccensis | Not Fresh
Upeneus Moluccensis - Not Fresh/IMG_20191115_063816.jpg,Upeneus Moluccensis,Not Fresh,7,2,Upeneus Moluccensis | Not Fresh
Upeneus Moluccensis - Not Fresh/IMG_20191115_063819.jpg,Upeneus Moluccensis,Not Fresh,7,2,Upeneus Moluccensis | Not Fresh
Upeneus Moluccensis - Not Fresh/IMG_20191115_063822.jpg,Upeneus Moluccensis,Not Fresh,7,2,Upeneus Moluccensis | Not Fresh
Upeneus Moluccensis - Not Fresh/IMG_20191115_063825.jpg,Upeneus Moluccensis,Not Fresh,7,2,Upeneus Moluccensis | Not Fresh
Upeneus Moluccensis - Not Fresh/IMG_20191115_063900.jpg,Upeneus Moluccensis,Not Fresh,7,2,Upeneus Moluccensis | Not Fresh
Upeneus Moluccensis - Not Fresh/IMG_20191115_063903.jpg,Upeneus Moluccensis,Not Fresh,7,2,Upeneus Moluccensis | Not Fresh
Upeneus Moluccensis - Not Fresh/IMG_20191115_063917.jpg,Upeneus Moluccensis,Not Fresh,7,2,Upeneus Moluccensis | Not Fresh
Upeneus Moluccensis - Not Fresh/IMG_20191115_063920.jpg,Upeneus Moluccensis,Not Fresh,7,2,Upeneus Moluccensis | Not Fresh
Upeneus Moluccensis - Not Fresh/IMG_20191115_063924.jpg,Upeneus Moluccensis,Not Fresh,7,2,Upeneus Moluccensis | Not Fresh
Upeneus Moluccensis - Not Fresh/IMG_20191115_063927.jpg,Upeneus Moluccensis,Not Fresh,7,2,Upeneus Moluccensis | Not Fresh
Upeneus Moluccensis - Not Fresh/IMG_20191115_063930.jpg,Upeneus Moluccensis,Not Fresh,7,2,Upeneus Moluccensis | Not Fresh
Upeneus Moluccensis - Not Fresh/IMG_20191115_063933.jpg,Upeneus Moluccensis,Not Fresh,7,2,Upeneus Moluccensis | Not Fresh
Upeneus Moluccensis - Not Fresh/IMG_20191115_064007_1.jpg,Upeneus Moluccensis,Not Fresh,7,2,Upeneus Moluccensis | Not Fresh
Upeneus Moluccensis - Not Fresh/IMG_20191115_064007_2.jpg,Upeneus Moluccensis,Not Fresh,7,2,Upeneus Moluccensis | Not Fresh
Upeneus Moluccensis - Not Fresh/IMG_20191115_064007_3.jpg,Upeneus Moluccensis,Not Fresh,7,2,Upeneus Moluccensis | Not Fresh
Upeneus Moluccensis - Not Fresh/IMG_20191115_064013_1.jpg,Upeneus Moluccensis,Not Fresh,7,2,Upeneus Moluccensis | Not Fresh
Upeneus Moluccensis - Not Fresh/IMG_20191115_064013_2.jpg,Upeneus Moluccensis,Not Fresh,7,2,Upeneus Moluccensis | Not Fresh
Upeneus Moluccensis - Not Fresh/IMG_20191115_064019_1.jpg,Upeneus Moluccensis,Not Fresh,7,2,Upeneus Moluccensis | Not Fresh
Upeneus Moluccensis - Not Fresh/IMG_20191115_064019_2.jpg,Upeneus Moluccensis,Not Fresh,7,2,Upeneus Moluccensis | Not Fresh
Upeneus Moluccensis - Not Fresh/IMG_20191115_064019_3.jpg,Upeneus Moluccensis,Not Fresh,7,2,Upeneus Moluccensis | Not Fresh
